timestamp,year,month,day,hour,province,location,lat,lon,aqi,pollution_level,pollution_class,temp,humidity,rain,wind_speed,wind_dir,pressure,cloud,pm2_5,pm10,co,no2,o3,so2
2026-01-14 22:00:00,2026,1,14,22,Quảng Trị,Xã Phong Nha,17.6475454,106.2729046,81,Moderate,1,17.3,96,0.0,3.0,232,1014.8,5,20.1,23.3,487.0,4.5,98.0,2.2
2026-01-14 23:00:00,2026,1,14,23,Quảng Trị,Xã Phong Nha,17.6475454,106.2729046,81,Moderate,1,17.0,96,0.0,3.3,241,1014.8,14,21.2,24.4,452.0,4.5,97.0,2.1
2026-01-15 00:00:00,2026,1,15,0,Quảng Trị,Xã Phong Nha,17.6475454,106.2729046,80,Moderate,1,16.9,96,0.0,3.5,258,1015.0,41,22.0,25.2,400.0,4.4,98.0,2.1
2026-01-15 01:00:00,2026,1,15,1,Quảng Trị,Xã Phong Nha,17.6475454,106.2729046,79,Moderate,1,17.2,97,0.0,3.4,273,1014.7,88,22.5,25.7,356.0,4.3,97.0,2.0
2026-01-15 02:00:00,2026,1,15,2,Quảng Trị,Xã Phong Nha,17.6475454,106.2729046,79,Moderate,1,17.8,97,0.0,5.3,280,1014.4,95,22.6,25.7,327.0,4.3,93.0,1.9
2026-01-15 03:00:00,2026,1,15,3,Quảng Trị,Xã Phong Nha,17.6475454,106.2729046,78,Moderate,1,18.1,98,0.0,5.9,281,1014.3,100,22.9,25.0,307.0,4.4,89.0,1.8
2026-01-15 04:00:00,2026,1,15,4,Quảng Trị,Xã Phong Nha,17.6475454,106.2729046,77,Moderate,1,18.4,97,0.0,6.4,281,1014.4,100,23.0,25.3,305.0,4.5,84.0,1.7
2026-01-15 05:00:00,2026,1,15,5,Quảng Trị,Xã Phong Nha,17.6475454,106.2729046,76,Moderate,1,18.5,97,0.0,6.4,278,1014.4,92,23.4,25.6,340.0,4.9,79.0,1.5
2026-01-15 06:00:00,2026,1,15,6,Quảng Trị,Xã Phong Nha,17.6475454,106.2729046,75,Moderate,1,18.7,96,0.0,5.6,276,1015.2,50,24.9,26.7,393.0,5.4,74.0,1.2
2026-01-15 07:00:00,2026,1,15,7,Quảng Trị,Xã Phong Nha,17.6475454,106.2729046,74,Moderate,1,18.6,97,0.0,5.6,268,1015.3,100,28.6,30.9,418.0,4.7,83.0,1.9
2026-01-15 08:00:00,2026,1,15,8,Quảng Trị,Xã Phong Nha,17.6475454,106.2729046,73,Moderate,1,20.8,90,0.0,2.7,293,1015.9,34,27.8,30.0,387.0,3.9,91.0,2.1
2026-01-15 09:00:00,2026,1,15,9,Quảng Trị,Xã Phong Nha,17.6475454,106.2729046,73,Moderate,1,22.7,80,0.0,3.8,93,1016.4,48,25.4,27.7,328.0,2.9,101.0,2.3
2026-01-15 10:00:00,2026,1,15,10,Quảng Trị,Xã Phong Nha,17.6475454,106.2729046,72,Moderate,1,23.9,73,0.1,8.3,86,1016.3,54,24.0,26.3,282.0,2.0,110.0,2.5
2026-01-15 11:00:00,2026,1,15,11,Quảng Trị,Xã Phong Nha,17.6475454,106.2729046,72,Moderate,1,24.8,68,0.1,10.6,80,1015.5,43,22.8,25.0,267.0,1.5,116.0,2.5
2026-01-15 12:00:00,2026,1,15,12,Quảng Trị,Xã Phong Nha,17.6475454,106.2729046,72,Moderate,1,25.0,67,0.0,11.6,74,1014.2,73,22.1,24.3,266.0,1.2,121.0,2.5
2026-01-15 13:00:00,2026,1,15,13,Quảng Trị,Xã Phong Nha,17.6475454,106.2729046,72,Moderate,1,25.2,66,0.1,12.0,68,1013.2,98,21.5,24.0,265.0,1.0,123.0,2.4
2026-01-15 14:00:00,2026,1,15,14,Quảng Trị,Xã Phong Nha,17.6475454,106.2729046,72,Moderate,1,24.9,67,0.0,11.6,66,1012.4,50,21.1,23.9,254.0,0.8,122.0,2.3
2026-01-15 15:00:00,2026,1,15,15,Quảng Trị,Xã Phong Nha,17.6475454,106.2729046,72,Moderate,1,24.4,70,0.0,12.1,67,1011.7,55,20.8,24.0,245.0,0.8,120.0,2.2
2026-01-15 16:00:00,2026,1,15,16,Quảng Trị,Xã Phong Nha,17.6475454,106.2729046,72,Moderate,1,23.0,80,0.0,12.2,70,1011.7,56,19.7,23.1,254.0,1.1,115.0,2.1
2026-01-15 17:00:00,2026,1,15,17,Quảng Trị,Xã Phong Nha,17.6475454,106.2729046,72,Moderate,1,22.0,85,0.0,11.7,77,1011.7,24,19.0,22.3,300.0,1.9,108.0,2.1
2026-01-15 18:00:00,2026,1,15,18,Quảng Trị,Xã Phong Nha,17.6475454,106.2729046,72,Moderate,1,20.1,96,0.0,6.9,73,1011.8,21,18.5,21.8,366.0,3.1,99.0,2.2
2026-01-15 19:00:00,2026,1,15,19,Quảng Trị,Xã Phong Nha,17.6475454,106.2729046,71,Moderate,1,20.1,98,0.0,5.5,73,1012.3,30,17.0,20.1,416.0,4.1,94.0,2.2
2026-01-15 20:00:00,2026,1,15,20,Quảng Trị,Xã Phong Nha,17.6475454,106.2729046,71,Moderate,1,19.5,98,0.0,2.8,117,1013.0,34,18.0,21.2,442.0,4.9,91.0,2.1
2026-01-15 21:00:00,2026,1,15,21,Quảng Trị,Xã Phong Nha,17.6475454,106.2729046,71,Moderate,1,18.8,100,0.0,3.1,187,1013.1,12,18.9,22.1,454.0,5.9,86.0,2.0
2026-01-15 22:00:00,2026,1,15,22,Quảng Trị,Xã Phong Nha,17.6475454,106.2729046,71,Moderate,1,18.1,99,0.0,3.5,219,1013.2,82,20.2,23.2,443.0,6.7,82.0,1.9
2026-01-15 23:00:00,2026,1,15,23,Quảng Trị,Xã Phong Nha,17.6475454,106.2729046,71,Moderate,1,17.4,99,0.0,2.6,236,1012.8,4,21.0,23.9,396.0,7.0,79.0,1.8
2026-01-16 00:00:00,2026,1,16,0,Quảng Trị,Xã Phong Nha,17.6475454,106.2729046,71,Moderate,1,17.0,98,0.0,2.7,247,1012.6,5,21.6,24.4,326.0,6.9,77.0,1.7
2026-01-16 01:00:00,2026,1,16,1,Quảng Trị,Xã Phong Nha,17.6475454,106.2729046,71,Moderate,1,16.9,98,0.0,2.3,241,1012.2,7,21.0,23.8,269.0,6.6,76.0,1.6
2026-01-16 02:00:00,2026,1,16,2,Quảng Trị,Xã Phong Nha,17.6475454,106.2729046,71,Moderate,1,16.9,97,0.0,3.5,261,1011.8,28,18.7,21.8,234.0,5.7,77.0,1.4
2026-01-16 03:00:00,2026,1,16,3,Quảng Trị,Xã Phong Nha,17.6475454,106.2729046,71,Moderate,1,16.4,98,0.0,4.8,259,1011.5,66,18.5,21.4,213.0,4.5,79.0,1.2
2026-01-16 04:00:00,2026,1,16,4,Quảng Trị,Xã Phong Nha,17.6475454,106.2729046,70,Moderate,1,16.4,99,0.0,5.5,257,1011.3,88,17.6,20.5,210.0,3.7,80.0,1.1
2026-01-16 05:00:00,2026,1,16,5,Quảng Trị,Xã Phong Nha,17.6475454,106.2729046,70,Moderate,1,16.4,99,0.0,6.0,260,1011.5,95,17.3,20.1,243.0,3.8,78.0,1.0
2026-01-16 06:00:00,2026,1,16,6,Quảng Trị,Xã Phong Nha,17.6475454,106.2729046,69,Moderate,1,16.6,99,0.0,5.8,265,1012.0,96,16.8,19.4,295.0,4.3,76.0,1.0
2026-01-16 07:00:00,2026,1,16,7,Quảng Trị,Xã Phong Nha,17.6475454,106.2729046,69,Moderate,1,17.5,98,0.0,4.4,258,1012.6,98,24.8,27.3,325.0,4.3,85.0,0.8
2026-01-16 08:00:00,2026,1,16,8,Quảng Trị,Xã Phong Nha,17.6475454,106.2729046,68,Moderate,1,19.4,93,0.0,3.0,284,1013.1,83,22.8,25.2,309.0,3.6,91.0,1.1
2026-01-16 09:00:00,2026,1,16,9,Quảng Trị,Xã Phong Nha,17.6475454,106.2729046,68,Moderate,1,21.8,82,0.0,3.1,135,1013.8,94,20.4,22.7,271.0,2.5,100.0,1.6
2026-01-16 10:00:00,2026,1,16,10,Quảng Trị,Xã Phong Nha,17.6475454,106.2729046,67,Moderate,1,23.7,73,0.0,4.4,111,1013.3,72,18.5,20.8,242.0,1.7,108.0,1.9
2026-01-16 11:00:00,2026,1,16,11,Quảng Trị,Xã Phong Nha,17.6475454,106.2729046,67,Moderate,1,25.5,66,0.0,5.4,75,1012.6,98,17.8,19.8,236.0,1.3,114.0,2.0
2026-01-16 12:00:00,2026,1,16,12,Quảng Trị,Xã Phong Nha,17.6475454,106.2729046,66,Moderate,1,26.4,64,0.0,7.9,66,1011.2,46,17.0,19.4,238.0,1.0,120.0,2.0
2026-01-16 13:00:00,2026,1,16,13,Quảng Trị,Xã Phong Nha,17.6475454,106.2729046,66,Moderate,1,26.7,64,0.0,10.6,67,1010.1,12,16.8,19.8,241.0,0.9,123.0,1.9
2026-01-16 14:00:00,2026,1,16,14,Quảng Trị,Xã Phong Nha,17.6475454,106.2729046,66,Moderate,1,25.5,70,0.0,13.7,65,1009.4,9,16.0,19.2,230.0,0.7,123.0,1.7
2026-01-16 15:00:00,2026,1,16,15,Quảng Trị,Xã Phong Nha,17.6475454,106.2729046,65,Moderate,1,25.0,72,0.0,10.7,84,1008.9,13,15.0,17.9,219.0,0.7,121.0,1.4
2026-01-16 16:00:00,2026,1,16,16,Quảng Trị,Xã Phong Nha,17.6475454,106.2729046,65,Moderate,1,24.7,74,0.0,9.0,80,1009.0,18,14.3,17.2,238.0,1.1,117.0,1.3
2026-01-16 17:00:00,2026,1,16,17,Quảng Trị,Xã Phong Nha,17.6475454,106.2729046,64,Moderate,1,23.4,78,0.0,9.5,81,1009.3,28,14.1,17.2,321.0,2.3,110.0,1.5
2026-01-16 18:00:00,2026,1,16,18,Quảng Trị,Xã Phong Nha,17.6475454,106.2729046,66,Moderate,1,21.4,87,0.0,5.6,75,1009.7,5,14.4,17.6,435.0,4.0,101.0,1.9
2026-01-16 19:00:00,2026,1,16,19,Quảng Trị,Xã Phong Nha,17.6475454,106.2729046,64,Moderate,1,20.3,94,0.0,4.1,113,1010.1,5,12.4,15.4,503.0,5.6,96.0,2.1
2026-01-16 20:00:00,2026,1,16,20,Quảng Trị,Xã Phong Nha,17.6475454,106.2729046,63,Moderate,1,19.8,95,0.0,3.2,137,1010.8,0,13.9,17.0,485.0,5.8,95.0,2.1
2026-01-16 21:00:00,2026,1,16,21,Quảng Trị,Xã Phong Nha,17.6475454,106.2729046,63,Moderate,1,19.1,96,0.0,2.9,176,1011.0,0,15.6,18.7,422.0,6.1,93.0,2.2
2026-01-16 22:00:00,2026,1,16,22,Quảng Trị,Xã Phong Nha,17.6475454,106.2729046,62,Moderate,1,18.7,96,0.0,2.1,195,1010.8,0,17.6,20.7,364.0,6.2,91.0,2.1
2026-01-16 23:00:00,2026,1,16,23,Quảng Trị,Xã Phong Nha,17.6475454,106.2729046,62,Moderate,1,18.0,97,0.0,3.1,204,1010.7,1,18.6,21.7,325.0,6.1,90.0,1.8
2026-01-17 00:00:00,2026,1,17,0,Quảng Trị,Xã Phong Nha,17.6475454,106.2729046,62,Moderate,1,17.6,98,0.0,3.1,216,1010.3,2,19.4,22.4,291.0,5.9,88.0,1.4
2026-01-17 01:00:00,2026,1,17,1,Quảng Trị,Xã Phong Nha,17.6475454,106.2729046,62,Moderate,1,17.2,99,0.0,1.3,225,1010.0,1,20.2,23.0,265.0,5.6,88.0,1.1
2026-01-17 02:00:00,2026,1,17,2,Quảng Trị,Xã Phong Nha,17.6475454,106.2729046,62,Moderate,1,17.0,99,0.0,1.3,254,1009.8,3,21.0,23.7,246.0,5.1,89.0,0.9
2026-01-17 03:00:00,2026,1,17,3,Quảng Trị,Xã Phong Nha,17.6475454,106.2729046,62,Moderate,1,16.8,98,0.0,2.2,261,1009.4,9,21.2,23.6,235.0,4.4,91.0,0.8
2026-01-17 04:00:00,2026,1,17,4,Quảng Trị,Xã Phong Nha,17.6475454,106.2729046,62,Moderate,1,16.6,97,0.0,2.8,252,1009.4,7,22.3,24.2,241.0,4.0,92.0,0.8
2026-01-17 05:00:00,2026,1,17,5,Quảng Trị,Xã Phong Nha,17.6475454,106.2729046,62,Moderate,1,16.7,95,0.0,4.0,265,1009.7,28,22.9,24.8,281.0,4.1,90.0,0.8
2026-01-17 06:00:00,2026,1,17,6,Quảng Trị,Xã Phong Nha,17.6475454,106.2729046,63,Moderate,1,16.7,95,0.0,5.1,260,1010.1,44,23.9,25.8,339.0,4.4,88.0,0.8
2026-01-17 07:00:00,2026,1,17,7,Quảng Trị,Xã Phong Nha,17.6475454,106.2729046,64,Moderate,1,17.1,95,0.0,6.7,265,1010.9,43,28.6,30.4,372.0,7.8,91.0,0.8
2026-01-17 08:00:00,2026,1,17,8,Quảng Trị,Xã Phong Nha,17.6475454,106.2729046,64,Moderate,1,20.2,90,0.0,6.4,299,1012.0,100,29.4,31.0,355.0,6.7,95.0,1.1
2026-01-17 09:00:00,2026,1,17,9,Quảng Trị,Xã Phong Nha,17.6475454,106.2729046,64,Moderate,1,21.8,85,0.0,4.7,310,1012.4,100,27.7,29.5,313.0,5.2,102.0,1.5
2026-01-17 10:00:00,2026,1,17,10,Quảng Trị,Xã Phong Nha,17.6475454,106.2729046,65,Moderate,1,23.1,80,0.0,1.7,32,1012.3,100,28.1,29.7,279.0,3.9,108.0,1.8
2026-01-17 11:00:00,2026,1,17,11,Quảng Trị,Xã Phong Nha,17.6475454,106.2729046,66,Moderate,1,24.6,73,0.0,4.1,67,1011.9,96,27.2,28.9,267.0,2.8,115.0,1.8
2026-01-17 12:00:00,2026,1,17,12,Quảng Trị,Xã Phong Nha,17.6475454,106.2729046,67,Moderate,1,26.0,67,0.0,6.7,56,1010.5,99,21.4,24.4,264.0,1.9,122.0,1.6
2026-01-17 13:00:00,2026,1,17,13,Quảng Trị,Xã Phong Nha,17.6475454,106.2729046,67,Moderate,1,26.0,67,0.0,10.6,56,1009.5,100,19.8,23.4,261.0,1.3,126.0,1.5
2026-01-17 14:00:00,2026,1,17,14,Quảng Trị,Xã Phong Nha,17.6475454,106.2729046,67,Moderate,1,24.0,79,0.0,15.1,65,1008.9,78,18.2,21.8,253.0,1.1,124.0,1.4
2026-01-17 15:00:00,2026,1,17,15,Quảng Trị,Xã Phong Nha,17.6475454,106.2729046,68,Moderate,1,24.4,77,0.0,12.7,72,1008.3,84,17.1,20.7,246.0,1.1,118.0,1.2
2026-01-17 16:00:00,2026,1,17,16,Quảng Trị,Xã Phong Nha,17.6475454,106.2729046,68,Moderate,1,24.1,77,0.0,12.7,82,1008.2,70,15.7,19.3,250.0,1.5,111.0,1.2
2026-01-17 17:00:00,2026,1,17,17,Quảng Trị,Xã Phong Nha,17.6475454,106.2729046,68,Moderate,1,22.9,81,0.0,12.4,87,1008.6,39,14.4,18.0,272.0,2.4,103.0,1.3
2026-01-17 18:00:00,2026,1,17,18,Quảng Trị,Xã Phong Nha,17.6475454,106.2729046,68,Moderate,1,21.1,91,0.0,6.7,85,1009.1,5,13.8,17.3,305.0,3.6,94.0,1.5
2026-01-17 19:00:00,2026,1,17,19,Quảng Trị,Xã Phong Nha,17.6475454,106.2729046,68,Moderate,1,21.6,93,0.0,7.2,109,1009.3,16,15.4,19.3,342.0,3.8,91.0,1.4
2026-01-17 20:00:00,2026,1,17,20,Quảng Trị,Xã Phong Nha,17.6475454,106.2729046,68,Moderate,1,20.2,97,0.0,4.2,97,1009.9,90,15.7,19.4,391.0,4.1,87.0,1.4
2026-01-17 21:00:00,2026,1,17,21,Quảng Trị,Xã Phong Nha,17.6475454,106.2729046,68,Moderate,1,19.9,98,0.0,2.6,78,1010.2,45,16.3,20.1,444.0,4.6,83.0,1.5
2026-01-17 22:00:00,2026,1,17,22,Quảng Trị,Xã Phong Nha,17.6475454,106.2729046,68,Moderate,1,19.7,99,0.0,2.1,31,1010.5,55,17.1,20.9,472.0,4.9,79.0,1.5
2026-01-17 23:00:00,2026,1,17,23,Quảng Trị,Xã Phong Nha,17.6475454,106.2729046,68,Moderate,1,20.1,98,0.0,1.9,56,1010.5,95,18.0,21.8,458.0,4.9,78.0,1.4
2026-01-18 00:00:00,2026,1,18,0,Quảng Trị,Xã Phong Nha,17.6475454,106.2729046,68,Moderate,1,20.3,98,0.0,2.0,95,1010.1,99,18.7,22.5,419.0,4.7,78.0,1.3
2026-01-18 01:00:00,2026,1,18,1,Quảng Trị,Xã Phong Nha,17.6475454,106.2729046,68,Moderate,1,19.8,100,0.0,1.8,156,1009.9,99,19.4,23.2,380.0,4.5,79.0,1.2
2026-01-18 02:00:00,2026,1,18,2,Quảng Trị,Xã Phong Nha,17.6475454,106.2729046,68,Moderate,1,19.2,99,0.0,1.9,229,1009.2,100,20.0,23.8,344.0,4.2,80.0,1.1
2026-01-18 03:00:00,2026,1,18,3,Quảng Trị,Xã Phong Nha,17.6475454,106.2729046,68,Moderate,1,19.2,99,0.0,3.8,251,1008.8,100,20.4,24.3,307.0,3.8,81.0,1.1
2026-01-18 04:00:00,2026,1,18,4,Quảng Trị,Xã Phong Nha,17.6475454,106.2729046,68,Moderate,1,19.0,100,0.0,5.0,229,1008.8,100,20.9,24.7,283.0,3.7,81.0,1.0
2026-01-18 05:00:00,2026,1,18,5,Quảng Trị,Xã Phong Nha,17.6475454,106.2729046,68,Moderate,1,18.5,99,0.0,5.3,232,1009.0,99,20.7,23.8,284.0,4.1,78.0,0.9
2026-01-18 06:00:00,2026,1,18,6,Quảng Trị,Xã Phong Nha,17.6475454,106.2729046,68,Moderate,1,17.8,100,0.0,4.6,234,1009.7,95,22.1,24.7,298.0,4.7,74.0,0.7
2026-01-18 07:00:00,2026,1,18,7,Quảng Trị,Xã Phong Nha,17.6475454,106.2729046,68,Moderate,1,17.9,99,0.0,5.7,233,1010.5,100,23.6,25.8,303.0,4.3,77.0,0.9
2026-01-18 08:00:00,2026,1,18,8,Quảng Trị,Xã Phong Nha,17.6475454,106.2729046,67,Moderate,1,19.9,95,0.0,4.0,243,1011.3,37,22.0,24.3,287.0,3.7,84.0,1.0
2026-01-18 09:00:00,2026,1,18,9,Quảng Trị,Xã Phong Nha,17.6475454,106.2729046,66,Moderate,1,22.2,82,0.0,0.3,45,1012.1,96,20.1,22.4,263.0,2.8,93.0,1.2
2026-01-18 10:00:00,2026,1,18,10,Quảng Trị,Xã Phong Nha,17.6475454,106.2729046,66,Moderate,1,23.9,71,0.0,4.6,81,1012.2,70,18.4,20.5,245.0,2.1,101.0,1.3
2026-01-18 11:00:00,2026,1,18,11,Quảng Trị,Xã Phong Nha,17.6475454,106.2729046,65,Moderate,1,25.5,63,0.0,7.1,74,1011.6,63,17.5,19.6,242.0,1.6,106.0,1.4
2026-01-18 12:00:00,2026,1,18,12,Quảng Trị,Xã Phong Nha,17.6475454,106.2729046,64,Moderate,1,26.8,58,0.0,9.4,72,1010.5,91,17.1,19.2,245.0,1.2,110.0,1.4
2026-01-18 13:00:00,2026,1,18,13,Quảng Trị,Xã Phong Nha,17.6475454,106.2729046,64,Moderate,1,27.0,58,0.0,10.6,75,1009.3,29,17.5,20.1,249.0,1.0,113.0,1.4
2026-01-18 14:00:00,2026,1,18,14,Quảng Trị,Xã Phong Nha,17.6475454,106.2729046,63,Moderate,1,26.1,63,0.0,11.5,76,1008.6,77,18.0,21.1,246.0,0.9,114.0,1.4
2026-01-18 15:00:00,2026,1,18,15,Quảng Trị,Xã Phong Nha,17.6475454,106.2729046,63,Moderate,1,24.6,70,0.0,12.8,79,1008.2,44,17.8,21.0,243.0,0.9,113.0,1.4
2026-01-18 16:00:00,2026,1,18,16,Quảng Trị,Xã Phong Nha,17.6475454,106.2729046,64,Moderate,1,24.3,73,0.0,13.3,92,1008.0,15,17.9,21.1,257.0,1.2,111.0,1.5
2026-01-18 17:00:00,2026,1,18,17,Quảng Trị,Xã Phong Nha,17.6475454,106.2729046,64,Moderate,1,23.0,77,0.0,11.9,92,1008.3,12,18.2,21.4,305.0,2.0,106.0,1.7
2026-01-18 18:00:00,2026,1,18,18,Quảng Trị,Xã Phong Nha,17.6475454,106.2729046,64,Moderate,1,21.3,83,0.0,7.8,81,1008.8,75,18.9,22.0,370.0,3.2,100.0,2.1
2026-01-18 19:00:00,2026,1,18,19,Quảng Trị,Xã Phong Nha,17.6475454,106.2729046,65,Moderate,1,20.4,90,0.0,4.9,100,1009.4,61,20.8,24.0,422.0,3.9,93.0,2.2
2026-01-18 20:00:00,2026,1,18,20,Quảng Trị,Xã Phong Nha,17.6475454,106.2729046,65,Moderate,1,19.8,93,0.0,2.8,145,1010.1,72,21.9,25.0,454.0,4.6,92.0,2.2
2026-01-18 21:00:00,2026,1,18,21,Quảng Trị,Xã Phong Nha,17.6475454,106.2729046,66,Moderate,1,19.3,95,0.0,1.5,173,1010.4,71,23.1,25.8,473.0,5.5,90.0,2.2
2026-01-18 22:00:00,2026,1,18,22,Quảng Trị,Xã Phong Nha,17.6475454,106.2729046,66,Moderate,1,18.4,97,0.0,1.9,229,1010.7,58,25.0,27.6,468.0,6.0,89.0,2.2
2026-01-18 23:00:00,2026,1,18,23,Quảng Trị,Xã Phong Nha,17.6475454,106.2729046,67,Moderate,1,17.7,98,0.0,3.2,232,1010.5,55,26.7,29.4,421.0,5.6,91.0,2.1
2026-01-19 00:00:00,2026,1,19,0,Quảng Trị,Xã Phong Nha,17.6475454,106.2729046,68,Moderate,1,17.3,97,0.0,3.5,235,1010.2,68,27.3,30.0,351.0,4.8,94.0,2.0
2026-01-19 01:00:00,2026,1,19,1,Quảng Trị,Xã Phong Nha,17.6475454,106.2729046,68,Moderate,1,16.9,98,0.0,3.7,235,1009.9,53,26.9,29.3,296.0,4.1,95.0,1.8
2026-01-19 02:00:00,2026,1,19,2,Quảng Trị,Xã Phong Nha,17.6475454,106.2729046,69,Moderate,1,16.8,98,0.0,3.4,245,1009.1,59,27.2,29.5,270.0,3.7,93.0,1.6
2026-01-19 03:00:00,2026,1,19,3,Quảng Trị,Xã Phong Nha,17.6475454,106.2729046,70,Moderate,1,16.4,98,0.0,3.4,254,1008.9,60,27.8,29.9,260.0,3.5,90.0,1.4
2026-01-19 04:00:00,2026,1,19,4,Quảng Trị,Xã Phong Nha,17.6475454,106.2729046,70,Moderate,1,16.1,97,0.0,3.5,258,1008.9,60,28.1,30.0,269.0,3.4,87.0,1.3
2026-01-19 05:00:00,2026,1,19,5,Quảng Trị,Xã Phong Nha,17.6475454,106.2729046,71,Moderate,1,15.8,97,0.0,3.5,261,1009.1,63,28.2,30.2,314.0,3.6,84.0,1.3
2026-01-19 06:00:00,2026,1,19,6,Quảng Trị,Xã Phong Nha,17.6475454,106.2729046,72,Moderate,1,15.6,97,0.0,3.6,267,1010.0,23,28.4,30.3,378.0,4.0,81.0,1.3
2026-01-19 07:00:00,2026,1,19,7,Quảng Trị,Xã Phong Nha,17.6475454,106.2729046,72,Moderate,1,15.9,96,0.0,3.5,261,1011.1,1,32.8,34.9,411.0,4.0,85.0,1.3
2026-01-19 08:00:00,2026,1,19,8,Quảng Trị,Xã Phong Nha,17.6475454,106.2729046,73,Moderate,1,19.6,86,0.0,3.5,309,1012.3,6,33.1,35.0,380.0,3.4,95.0,2.0
2026-01-19 09:00:00,2026,1,19,9,Quảng Trị,Xã Phong Nha,17.6475454,106.2729046,74,Moderate,1,22.2,80,0.0,2.7,53,1012.6,40,30.4,32.7,318.0,2.7,109.0,3.1
2026-01-19 10:00:00,2026,1,19,10,Quảng Trị,Xã Phong Nha,17.6475454,106.2729046,75,Moderate,1,24.5,70,0.0,9.6,113,1012.5,39,27.4,29.9,274.0,2.0,120.0,3.7
2026-01-19 11:00:00,2026,1,19,11,Quảng Trị,Xã Phong Nha,17.6475454,106.2729046,76,Moderate,1,25.8,66,0.0,10.8,94,1011.8,13,25.3,27.8,272.0,1.5,127.0,3.6
2026-01-19 12:00:00,2026,1,19,12,Quảng Trị,Xã Phong Nha,17.6475454,106.2729046,76,Moderate,1,26.5,65,0.0,11.2,85,1011.0,16,23.1,25.7,288.0,1.2,131.0,3.1
2026-01-19 13:00:00,2026,1,19,13,Quảng Trị,Xã Phong Nha,17.6475454,106.2729046,77,Moderate,1,26.9,63,0.0,13.3,88,1010.0,10,22.7,26.5,297.0,1.0,133.0,2.7
2026-01-19 14:00:00,2026,1,19,14,Quảng Trị,Xã Phong Nha,17.6475454,106.2729046,77,Moderate,1,26.5,65,0.0,14.8,93,1009.3,11,21.3,24.9,279.0,0.9,133.0,2.4
2026-01-19 15:00:00,2026,1,19,15,Quảng Trị,Xã Phong Nha,17.6475454,106.2729046,78,Moderate,1,25.7,68,0.0,15.8,91,1008.7,3,20.0,23.5,254.0,0.9,132.0,2.1
2026-01-19 16:00:00,2026,1,19,16,Quảng Trị,Xã Phong Nha,17.6475454,106.2729046,78,Moderate,1,25.0,70,0.0,13.9,89,1008.8,14,18.8,22.3,253.0,1.3,127.0,1.9
2026-01-19 17:00:00,2026,1,19,17,Quảng Trị,Xã Phong Nha,17.6475454,106.2729046,82,Moderate,1,23.6,76,0.0,12.3,86,1009.1,22,18.0,21.5,300.0,2.3,118.0,1.9
2026-01-19 18:00:00,2026,1,19,18,Quảng Trị,Xã Phong Nha,17.6475454,106.2729046,84,Moderate,1,21.4,87,0.0,6.4,79,1009.8,9,17.4,20.8,372.0,3.7,106.0,1.9
2026-01-19 19:00:00,2026,1,19,19,Quảng Trị,Xã Phong Nha,17.6475454,106.2729046,81,Moderate,1,20.3,93,0.0,4.0,111,1010.3,2,20.4,24.0,431.0,5.6,98.0,2.2
2026-01-19 20:00:00,2026,1,19,20,Quảng Trị,Xã Phong Nha,17.6475454,106.2729046,78,Moderate,1,19.9,94,0.0,2.8,145,1010.8,3,20.8,24.5,472.0,5.6,97.0,2.0
2026-01-19 21:00:00,2026,1,19,21,Quảng Trị,Xã Phong Nha,17.6475454,106.2729046,78,Moderate,1,19.2,96,0.0,1.7,229,1011.3,5,21.1,24.7,501.0,5.6,96.0,1.7
2026-01-19 22:00:00,2026,1,19,22,Quảng Trị,Xã Phong Nha,17.6475454,106.2729046,78,Moderate,1,18.7,97,0.0,1.9,236,1011.6,8,21.8,25.3,497.0,5.5,95.0,1.4
2026-01-19 23:00:00,2026,1,19,23,Quảng Trị,Xã Phong Nha,17.6475454,106.2729046,77,Moderate,1,18.4,96,0.0,2.9,240,1011.5,4,22.1,25.6,435.0,5.0,95.0,1.3
2026-01-20 00:00:00,2026,1,20,0,Quảng Trị,Xã Phong Nha,17.6475454,106.2729046,77,Moderate,1,17.8,97,0.0,2.6,245,1011.4,4,21.7,25.0,341.0,4.4,95.0,1.2
2026-01-20 01:00:00,2026,1,20,1,Quảng Trị,Xã Phong Nha,17.6475454,106.2729046,76,Moderate,1,17.9,97,0.0,1.4,247,1010.8,2,21.0,24.1,268.0,3.9,94.0,1.1
2026-01-20 02:00:00,2026,1,20,2,Quảng Trị,Xã Phong Nha,17.6475454,106.2729046,76,Moderate,1,17.4,97,0.0,2.6,245,1010.0,2,20.8,23.6,236.0,3.7,89.0,1.1
2026-01-20 03:00:00,2026,1,20,3,Quảng Trị,Xã Phong Nha,17.6475454,106.2729046,75,Moderate,1,16.8,97,0.0,2.7,250,1009.7,12,20.8,23.5,224.0,3.7,82.0,1.1
2026-01-20 04:00:00,2026,1,20,4,Quảng Trị,Xã Phong Nha,17.6475454,106.2729046,75,Moderate,1,16.4,97,0.0,2.3,241,1009.8,8,20.6,23.2,231.0,3.8,77.0,1.1
2026-01-20 05:00:00,2026,1,20,5,Quảng Trị,Xã Phong Nha,17.6475454,106.2729046,74,Moderate,1,16.2,96,0.0,2.3,238,1010.2,32,20.3,22.8,269.0,4.0,75.0,1.1
2026-01-20 06:00:00,2026,1,20,6,Quảng Trị,Xã Phong Nha,17.6475454,106.2729046,73,Moderate,1,16.2,95,0.0,1.8,246,1011.0,58,20.1,22.6,324.0,4.2,75.0,1.2
2026-01-20 07:00:00,2026,1,20,7,Quảng Trị,Xã Phong Nha,17.6475454,106.2729046,72,Moderate,1,17.4,93,0.0,1.5,249,1012.3,77,20.9,23.2,354.0,4.5,77.0,1.0
2026-01-20 08:00:00,2026,1,20,8,Quảng Trị,Xã Phong Nha,17.6475454,106.2729046,71,Moderate,1,20.8,84,0.0,1.8,276,1013.5,98,21.6,23.9,331.0,3.8,84.0,1.4
2026-01-20 09:00:00,2026,1,20,9,Quảng Trị,Xã Phong Nha,17.6475454,106.2729046,70,Moderate,1,22.5,81,0.0,7.3,132,1014.4,94,19.0,21.8,282.0,2.8,94.0,1.9
2026-01-20 10:00:00,2026,1,20,10,Quảng Trị,Xã Phong Nha,17.6475454,106.2729046,69,Moderate,1,24.4,71,0.0,9.8,113,1014.7,53,16.1,19.1,244.0,2.0,102.0,2.2
2026-01-20 11:00:00,2026,1,20,11,Quảng Trị,Xã Phong Nha,17.6475454,106.2729046,68,Moderate,1,26.1,61,0.0,12.4,103,1014.3,40,14.9,17.8,232.0,1.5,108.0,2.1
2026-01-20 12:00:00,2026,1,20,12,Quảng Trị,Xã Phong Nha,17.6475454,106.2729046,67,Moderate,1,26.9,58,0.0,13.6,97,1013.4,19,14.6,17.6,231.0,1.2,112.0,1.8
2026-01-20 13:00:00,2026,1,20,13,Quảng Trị,Xã Phong Nha,17.6475454,106.2729046,67,Moderate,1,26.5,62,0.0,15.7,95,1012.5,13,14.8,17.9,231.0,1.0,115.0,1.6
2026-01-20 14:00:00,2026,1,20,14,Quảng Trị,Xã Phong Nha,17.6475454,106.2729046,66,Moderate,1,26.2,64,0.0,17.0,97,1011.8,7,15.2,18.5,223.0,0.9,116.0,1.5
2026-01-20 15:00:00,2026,1,20,15,Quảng Trị,Xã Phong Nha,17.6475454,106.2729046,65,Moderate,1,25.4,67,0.0,16.6,94,1011.4,5,15.5,18.9,216.0,1.0,116.0,1.4
2026-01-20 16:00:00,2026,1,20,16,Quảng Trị,Xã Phong Nha,17.6475454,106.2729046,65,Moderate,1,24.5,72,0.0,15.5,91,1011.6,10,15.5,19.2,227.0,1.3,113.0,1.4
2026-01-20 17:00:00,2026,1,20,17,Quảng Trị,Xã Phong Nha,17.6475454,106.2729046,65,Moderate,1,23.2,79,0.0,13.2,95,1011.8,11,15.4,19.1,270.0,2.0,107.0,1.5
2026-01-20 18:00:00,2026,1,20,18,Quảng Trị,Xã Phong Nha,17.6475454,106.2729046,65,Moderate,1,21.6,88,0.0,7.7,93,1012.2,6,15.2,19.0,330.0,2.9,99.0,1.6
2026-01-20 19:00:00,2026,1,20,19,Quảng Trị,Xã Phong Nha,17.6475454,106.2729046,64,Moderate,1,21.2,92,0.0,4.7,113,1012.9,27,16.6,20.8,379.0,2.8,94.0,1.4
2026-01-20 20:00:00,2026,1,20,20,Quảng Trị,Xã Phong Nha,17.6475454,106.2729046,64,Moderate,1,20.8,93,0.0,3.7,129,1013.6,22,17.1,21.2,411.0,3.1,90.0,1.4
2026-01-20 21:00:00,2026,1,20,21,Quảng Trị,Xã Phong Nha,17.6475454,106.2729046,64,Moderate,1,20.3,94,0.0,3.5,165,1013.9,13,17.3,21.5,431.0,3.4,85.0,1.3
2026-01-20 22:00:00,2026,1,20,22,Quảng Trị,Xã Phong Nha,17.6475454,106.2729046,63,Moderate,1,19.6,95,0.0,2.7,203,1014.0,20,17.9,22.1,436.0,3.7,81.0,1.3
2026-01-20 23:00:00,2026,1,20,23,Quảng Trị,Xã Phong Nha,17.6475454,106.2729046,63,Moderate,1,19.1,96,0.0,2.7,212,1013.8,9,18.5,22.8,416.0,3.7,79.0,1.2
2026-01-21 00:00:00,2026,1,21,0,Quảng Trị,Xã Phong Nha,17.6475454,106.2729046,63,Moderate,1,18.4,96,0.0,1.9,214,1013.9,7,18.7,23.1,380.0,3.6,79.0,1.2
2026-01-21 01:00:00,2026,1,21,1,Quảng Trị,Xã Phong Nha,17.6475454,106.2729046,62,Moderate,1,18.5,98,0.0,4.5,178,1013.7,15,18.5,23.1,345.0,3.5,79.0,1.1
2026-01-21 02:00:00,2026,1,21,2,Quảng Trị,Xã Phong Nha,17.6475454,106.2729046,62,Moderate,1,18.3,97,0.0,0.7,270,1013.3,13,18.5,23.1,313.0,3.3,79.0,1.1
2026-01-21 03:00:00,2026,1,21,3,Quảng Trị,Xã Phong Nha,17.6475454,106.2729046,62,Moderate,1,18.1,97,0.0,0.5,270,1013.0,18,18.0,22.5,283.0,3.1,79.0,1.1
2026-01-21 04:00:00,2026,1,21,4,Quảng Trị,Xã Phong Nha,17.6475454,106.2729046,62,Moderate,1,17.9,96,0.0,2.0,265,1013.2,8,18.0,22.5,267.0,3.0,80.0,1.1
2026-01-21 05:00:00,2026,1,21,5,Quảng Trị,Xã Phong Nha,17.6475454,106.2729046,62,Moderate,1,17.7,97,0.0,4.4,282,1013.7,20,18.3,22.9,277.0,3.1,80.0,1.1
2026-01-21 06:00:00,2026,1,21,6,Quảng Trị,Xã Phong Nha,17.6475454,106.2729046,61,Moderate,1,17.7,97,0.0,3.2,267,1014.5,36,18.5,23.1,301.0,3.3,80.0,1.1
2026-01-21 07:00:00,2026,1,21,7,Quảng Trị,Xã Phong Nha,17.6475454,106.2729046,61,Moderate,1,19.7,96,0.0,2.4,222,1014.9,88,21.1,24.9,313.0,5.4,74.0,1.8
2026-01-21 08:00:00,2026,1,21,8,Quảng Trị,Xã Phong Nha,17.6475454,106.2729046,61,Moderate,1,20.8,94,0.0,2.2,35,1016.2,70,20.0,23.9,297.0,4.3,83.0,1.9
2026-01-21 09:00:00,2026,1,21,9,Quảng Trị,Xã Phong Nha,17.6475454,106.2729046,61,Moderate,1,22.6,83,0.0,4.4,117,1017.0,58,17.3,21.9,268.0,2.7,95.0,1.9
2026-01-21 10:00:00,2026,1,21,10,Quảng Trị,Xã Phong Nha,17.6475454,106.2729046,61,Moderate,1,24.2,72,0.1,11.3,104,1017.1,28,16.8,21.5,246.0,1.5,105.0,1.9
2026-01-21 11:00:00,2026,1,21,11,Quảng Trị,Xã Phong Nha,17.6475454,106.2729046,61,Moderate,1,24.7,68,0.2,16.8,99,1017.1,43,17.3,22.2,240.0,1.0,110.0,1.7
2026-01-21 12:00:00,2026,1,21,12,Quảng Trị,Xã Phong Nha,17.6475454,106.2729046,61,Moderate,1,25.4,64,0.1,17.6,98,1016.3,52,17.8,22.8,242.0,0.8,112.0,1.5
2026-01-21 13:00:00,2026,1,21,13,Quảng Trị,Xã Phong Nha,17.6475454,106.2729046,62,Moderate,1,24.5,68,0.0,20.3,97,1015.2,34,17.8,22.7,245.0,0.8,113.0,1.3
2026-01-21 14:00:00,2026,1,21,14,Quảng Trị,Xã Phong Nha,17.6475454,106.2729046,62,Moderate,1,24.8,65,0.0,18.0,97,1014.7,41,18.1,23.1,245.0,0.8,114.0,1.2
2026-01-21 15:00:00,2026,1,21,15,Quảng Trị,Xã Phong Nha,17.6475454,106.2729046,62,Moderate,1,24.4,65,0.0,17.6,101,1014.3,52,18.3,23.3,248.0,0.8,113.0,1.2
2026-01-21 16:00:00,2026,1,21,16,Quảng Trị,Xã Phong Nha,17.6475454,106.2729046,62,Moderate,1,23.7,67,0.0,15.6,104,1014.6,45,17.8,22.6,258.0,1.0,112.0,1.2
2026-01-21 17:00:00,2026,1,21,17,Quảng Trị,Xã Phong Nha,17.6475454,106.2729046,62,Moderate,1,22.8,72,0.0,11.5,100,1014.8,29,17.2,22.1,284.0,1.4,110.0,1.3
2026-01-21 18:00:00,2026,1,21,18,Quảng Trị,Xã Phong Nha,17.6475454,106.2729046,63,Moderate,1,21.4,78,0.0,8.5,95,1015.1,20,17.3,22.1,319.0,1.9,107.0,1.4
2026-01-21 19:00:00,2026,1,21,19,Quảng Trị,Xã Phong Nha,17.6475454,106.2729046,63,Moderate,1,20.6,86,0.0,4.9,126,1015.5,26,16.8,21.4,347.0,2.4,102.0,1.4
2026-01-21 20:00:00,2026,1,21,20,Quảng Trị,Xã Phong Nha,17.6475454,106.2729046,63,Moderate,1,20.3,87,0.0,1.5,120,1016.0,19,17.0,21.8,362.0,2.5,101.0,1.4
2026-01-21 21:00:00,2026,1,21,21,Quảng Trị,Xã Phong Nha,17.6475454,106.2729046,63,Moderate,1,19.9,88,0.0,1.5,30,1016.6,20,16.9,21.7,370.0,2.6,99.0,1.3
2026-01-21 22:00:00,2026,1,21,22,Quảng Trị,Xã Phong Nha,17.6475454,106.2729046,63,Moderate,1,19.6,89,0.1,1.2,51,1016.9,33,17.3,22.1,371.0,2.7,97.0,1.3
2026-01-21 23:00:00,2026,1,21,23,Quảng Trị,Xã Phong Nha,17.6475454,106.2729046,63,Moderate,1,19.2,90,0.1,1.4,67,1016.9,20,17.5,22.3,364.0,2.8,95.0,1.3
2026-01-22 00:00:00,2026,1,22,0,Quảng Trị,Xã Phong Nha,17.6475454,106.2729046,63,Moderate,1,18.7,92,0.1,0.6,236,1017.0,30,17.6,22.3,351.0,2.8,93.0,1.2
2026-01-22 01:00:00,2026,1,22,1,Quảng Trị,Xã Phong Nha,17.6475454,106.2729046,63,Moderate,1,18.9,94,0.0,1.0,315,1016.7,67,16.9,21.5,337.0,2.8,92.0,1.2
2026-01-22 02:00:00,2026,1,22,2,Quảng Trị,Xã Phong Nha,17.6475454,106.2729046,62,Moderate,1,18.5,96,0.0,1.9,304,1016.3,70,16.1,20.5,320.0,2.8,91.0,1.1
2026-01-22 03:00:00,2026,1,22,3,Quảng Trị,Xã Phong Nha,17.6475454,106.2729046,62,Moderate,1,18.3,96,0.0,3.3,331,1016.1,46,15.7,19.8,302.0,2.7,89.0,1.0
2026-01-22 04:00:00,2026,1,22,4,Quảng Trị,Xã Phong Nha,17.6475454,106.2729046,62,Moderate,1,18.1,97,0.1,4.2,355,1016.4,68,15.2,19.3,296.0,2.6,90.0,1.0
2026-01-22 05:00:00,2026,1,22,5,Quảng Trị,Xã Phong Nha,17.6475454,106.2729046,62,Moderate,1,18.3,96,0.0,1.6,360,1016.9,52,15.2,19.2,316.0,2.4,94.0,1.0
2026-01-22 06:00:00,2026,1,22,6,Quảng Trị,Xã Phong Nha,17.6475454,106.2729046,61,Moderate,1,17.7,96,0.1,2.7,32,1017.6,95,15.0,18.8,348.0,2.2,100.0,1.0
2026-01-22 07:00:00,2026,1,22,7,Quảng Trị,Xã Phong Nha,17.6475454,106.2729046,61,Moderate,1,18.2,97,0.1,5.4,37,1018.4,96,15.7,19.5,366.0,3.2,96.0,1.3
2026-01-22 08:00:00,2026,1,22,8,Quảng Trị,Xã Phong Nha,17.6475454,106.2729046,61,Moderate,1,19.2,97,0.1,2.2,9,1019.3,87,14.3,17.7,353.0,2.9,99.0,1.3
2026-01-22 09:00:00,2026,1,22,9,Quảng Trị,Xã Phong Nha,17.6475454,106.2729046,60,Moderate,1,20.3,93,0.1,5.2,44,1020.4,100,12.3,15.2,325.0,2.5,104.0,1.4
2026-01-22 10:00:00,2026,1,22,10,Quảng Trị,Xã Phong Nha,17.6475454,106.2729046,60,Moderate,1,21.1,86,0.2,11.4,74,1020.6,100,11.2,13.7,310.0,2.2,107.0,1.5
2026-01-22 11:00:00,2026,1,22,11,Quảng Trị,Xã Phong Nha,17.6475454,106.2729046,59,Moderate,1,21.2,85,0.1,9.0,75,1020.4,100,10.2,12.4,312.0,1.9,108.0,1.5
2026-01-22 12:00:00,2026,1,22,12,Quảng Trị,Xã Phong Nha,17.6475454,106.2729046,59,Moderate,1,20.4,88,1.0,12.5,62,1019.6,98,10.8,12.7,327.0,1.8,106.0,1.5
2026-01-22 13:00:00,2026,1,22,13,Quảng Trị,Xã Phong Nha,17.6475454,106.2729046,58,Moderate,1,21.2,88,0.7,2.2,42,1018.9,98,10.3,12.0,361.0,2.6,102.0,2.2
2026-01-22 14:00:00,2026,1,22,14,Quảng Trị,Xã Phong Nha,17.6475454,106.2729046,57,Moderate,1,19.0,95,2.9,11.6,316,1018.6,100,10.5,11.9,434.0,5.1,92.0,4.2
2026-01-22 15:00:00,2026,1,22,15,Quảng Trị,Xã Phong Nha,17.6475454,106.2729046,57,Moderate,1,17.2,97,2.1,16.4,300,1018.3,100,10.0,10.7,526.0,8.5,79.0,6.8
2026-01-22 16:00:00,2026,1,22,16,Quảng Trị,Xã Phong Nha,17.6475454,106.2729046,56,Moderate,1,17.0,96,0.3,14.8,293,1018.4,100,10.3,10.7,592.0,10.8,70.0,8.6
2026-01-22 17:00:00,2026,1,22,17,Quảng Trị,Xã Phong Nha,17.6475454,106.2729046,55,Moderate,1,16.1,97,1.2,17.5,290,1018.9,100,11.6,12.8,608.0,11.3,69.0,8.9
2026-01-22 18:00:00,2026,1,22,18,Quảng Trị,Xã Phong Nha,17.6475454,106.2729046,55,Moderate,1,16.0,97,0.8,15.4,287,1019.1,100,12.9,15.0,598.0,10.7,71.0,8.4
2026-01-22 19:00:00,2026,1,22,19,Quảng Trị,Xã Phong Nha,17.6475454,106.2729046,54,Moderate,1,16.5,89,0.8,15.7,300,1019.8,100,10.0,11.6,584.0,8.6,62.0,7.4
2026-01-22 20:00:00,2026,1,22,20,Quảng Trị,Xã Phong Nha,17.6475454,106.2729046,54,Moderate,1,16.3,87,0.1,14.8,304,1020.4,100,10.7,12.4,573.0,7.5,64.0,6.6
2026-01-22 21:00:00,2026,1,22,21,Quảng Trị,Xã Phong Nha,17.6475454,106.2729046,53,Moderate,1,16.0,89,0.1,14.3,298,1020.6,100,11.6,13.6,559.0,6.0,68.0,5.6
2026-01-22 22:00:00,2026,1,22,22,Quảng Trị,Xã Phong Nha,17.6475454,106.2729046,53,Moderate,1,16.0,88,0.1,13.6,298,1021.0,100,14.2,16.7,548.0,4.9,70.0,4.8
2026-01-22 23:00:00,2026,1,22,23,Quảng Trị,Xã Phong Nha,17.6475454,106.2729046,52,Moderate,1,16.1,85,0.1,13.7,303,1020.8,100,17.6,20.8,541.0,4.4,71.0,4.4
2026-01-23 00:00:00,2026,1,23,0,Quảng Trị,Xã Phong Nha,17.6475454,106.2729046,52,Moderate,1,16.0,86,0.0,13.7,305,1020.7,100,17.4,20.7,537.0,4.3,71.0,4.3
2026-01-23 01:00:00,2026,1,23,1,Quảng Trị,Xã Phong Nha,17.6475454,106.2729046,52,Moderate,1,16.2,87,0.0,13.9,300,1020.4,100,15.5,18.4,533.0,4.5,70.0,4.6
2026-01-23 02:00:00,2026,1,23,2,Quảng Trị,Xã Phong Nha,17.6475454,106.2729046,52,Moderate,1,16.0,88,0.2,13.9,304,1020.0,100,13.1,15.6,528.0,5.0,66.0,5.5
2026-01-23 03:00:00,2026,1,23,3,Quảng Trị,Xã Phong Nha,17.6475454,106.2729046,52,Moderate,1,15.6,88,0.2,14.6,308,1019.8,100,10.8,13.0,524.0,5.8,62.0,6.7
2026-01-23 04:00:00,2026,1,23,4,Quảng Trị,Xã Phong Nha,17.6475454,106.2729046,52,Moderate,1,15.4,87,0.1,14.8,304,1019.8,100,9.5,11.4,524.0,6.7,57.0,8.0
2026-01-23 05:00:00,2026,1,23,5,Quảng Trị,Xã Phong Nha,17.6475454,106.2729046,51,Moderate,1,15.7,84,0.0,15.3,301,1020.2,100,8.7,10.5,532.0,8.0,53.0,9.3
2026-01-23 06:00:00,2026,1,23,6,Quảng Trị,Xã Phong Nha,17.6475454,106.2729046,51,Moderate,1,15.6,82,0.1,17.0,300,1020.7,100,8.4,10.2,545.0,9.5,50.0,10.7
2026-01-23 07:00:00,2026,1,23,7,Quảng Trị,Xã Phong Nha,17.6475454,106.2729046,50,Good,0,15.2,84,0.0,14.5,291,1021.4,100,10.9,13.2,554.0,9.0,50.0,9.8
2026-01-23 08:00:00,2026,1,23,8,Quảng Trị,Xã Phong Nha,17.6475454,106.2729046,49,Good,0,15.6,83,0.1,14.4,283,1022.2,100,11.2,13.6,559.0,9.2,51.0,10.2
2026-01-23 09:00:00,2026,1,23,9,Quảng Trị,Xã Phong Nha,17.6475454,106.2729046,49,Good,0,16.1,81,0.1,13.7,284,1022.9,100,11.4,13.8,562.0,9.4,51.0,10.6
2026-01-23 10:00:00,2026,1,23,10,Quảng Trị,Xã Phong Nha,17.6475454,106.2729046,48,Good,0,17.7,76,0.0,12.9,297,1023.1,100,12.1,14.5,557.0,9.3,54.0,10.7
2026-01-23 11:00:00,2026,1,23,11,Quảng Trị,Xã Phong Nha,17.6475454,106.2729046,49,Good,0,19.0,72,0.0,17.4,322,1022.6,100,12.6,14.9,540.0,8.7,59.0,10.0
2026-01-23 12:00:00,2026,1,23,12,Quảng Trị,Xã Phong Nha,17.6475454,106.2729046,49,Good,0,19.0,73,0.1,16.6,320,1021.9,100,12.7,14.8,517.0,7.7,66.0,8.9
2026-01-23 13:00:00,2026,1,23,13,Quảng Trị,Xã Phong Nha,17.6475454,106.2729046,49,Good,0,19.1,74,0.2,15.3,329,1020.8,100,13.5,15.7,499.0,6.9,72.0,7.9
2026-01-23 14:00:00,2026,1,23,14,Quảng Trị,Xã Phong Nha,17.6475454,106.2729046,50,Good,0,19.8,71,0.0,14.0,338,1020.1,100,13.9,16.1,493.0,6.2,76.0,7.0
2026-01-23 15:00:00,2026,1,23,15,Quảng Trị,Xã Phong Nha,17.6475454,106.2729046,50,Good,0,19.7,71,0.0,13.9,336,1019.6,100,14.2,16.5,493.0,5.7,80.0,6.2
2026-01-23 16:00:00,2026,1,23,16,Quảng Trị,Xã Phong Nha,17.6475454,106.2729046,51,Moderate,1,19.0,74,0.0,12.3,331,1019.6,100,14.4,16.6,493.0,5.4,82.0,5.6
2026-01-23 17:00:00,2026,1,23,17,Quảng Trị,Xã Phong Nha,17.6475454,106.2729046,51,Moderate,1,18.3,77,0.0,10.8,327,1019.5,100,15.3,17.6,490.0,5.6,82.0,5.5
2026-01-23 18:00:00,2026,1,23,18,Quảng Trị,Xã Phong Nha,17.6475454,106.2729046,51,Moderate,1,17.9,78,0.0,10.0,321,1019.7,100,15.9,18.1,488.0,6.1,81.0,5.6
2026-01-23 19:00:00,2026,1,23,19,Quảng Trị,Xã Phong Nha,17.6475454,106.2729046,52,Moderate,1,17.6,81,0.0,6.1,310,1020.3,100,17.5,20.0,486.0,4.2,74.0,4.1
2026-01-23 20:00:00,2026,1,23,20,Quảng Trị,Xã Phong Nha,17.6475454,106.2729046,52,Moderate,1,17.3,82,0.0,7.0,288,1020.5,100,17.7,20.1,487.0,4.0,74.0,4.1
2026-01-23 21:00:00,2026,1,23,21,Quảng Trị,Xã Phong Nha,17.6475454,106.2729046,53,Moderate,1,17.4,82,0.0,7.8,275,1020.2,100,18.0,20.4,489.0,3.7,74.0,4.1
2026-01-23 22:00:00,2026,1,23,22,Quảng Trị,Xã Phong Nha,17.6475454,106.2729046,53,Moderate,1,17.4,82,0.0,6.8,273,1020.1,100,18.0,20.3,489.0,3.6,73.0,4.1
2026-01-23 23:00:00,2026,1,23,23,Quảng Trị,Xã Phong Nha,17.6475454,106.2729046,54,Moderate,1,17.5,82,0.0,5.8,266,1020.0,100,18.2,20.4,484.0,3.7,71.0,4.0
2026-01-24 00:00:00,2026,1,24,0,Quảng Trị,Xã Phong Nha,17.6475454,106.2729046,54,Moderate,1,17.3,83,0.0,5.2,276,1019.8,100,18.0,20.3,477.0,4.0,68.0,4.0
2026-01-24 01:00:00,2026,1,24,1,Quảng Trị,Xã Phong Nha,17.6475454,106.2729046,54,Moderate,1,17.3,86,0.0,6.7,284,1019.5,100,17.6,19.4,470.0,4.2,65.0,3.9
2026-01-24 02:00:00,2026,1,24,2,Quảng Trị,Xã Phong Nha,17.6475454,106.2729046,54,Moderate,1,17.3,86,0.0,7.1,286,1018.9,100,17.2,18.6,463.0,4.2,63.0,3.8
2026-01-24 03:00:00,2026,1,24,3,Quảng Trị,Xã Phong Nha,17.6475454,106.2729046,54,Moderate,1,17.4,85,0.0,6.5,289,1018.7,100,16.5,17.7,457.0,4.1,62.0,3.8
2026-01-24 04:00:00,2026,1,24,4,Quảng Trị,Xã Phong Nha,17.6475454,106.2729046,55,Moderate,1,17.4,86,0.0,6.3,294,1018.6,100,15.3,16.3,459.0,4.1,62.0,3.8
2026-01-24 05:00:00,2026,1,24,5,Quảng Trị,Xã Phong Nha,17.6475454,106.2729046,55,Moderate,1,17.2,87,0.0,5.4,300,1018.9,100,14.1,14.9,479.0,4.2,62.0,3.9
2026-01-24 06:00:00,2026,1,24,6,Quảng Trị,Xã Phong Nha,17.6475454,106.2729046,56,Moderate,1,17.2,89,0.1,5.3,303,1019.4,100,13.4,14.2,508.0,4.3,63.0,4.0
2026-01-24 07:00:00,2026,1,24,7,Quảng Trị,Xã Phong Nha,17.6475454,106.2729046,56,Moderate,1,17.4,94,0.0,3.8,287,1020.2,100,16.4,17.3,523.0,4.9,59.0,4.3
2026-01-24 08:00:00,2026,1,24,8,Quảng Trị,Xã Phong Nha,17.6475454,106.2729046,57,Moderate,1,17.7,94,0.2,5.8,279,1020.7,100,15.9,16.6,513.0,4.5,65.0,4.2
2026-01-24 09:00:00,2026,1,24,9,Quảng Trị,Xã Phong Nha,17.6475454,106.2729046,57,Moderate,1,18.6,87,0.0,9.1,306,1021.4,96,16.2,16.9,490.0,3.9,74.0,4.1
2026-01-24 10:00:00,2026,1,24,10,Quảng Trị,Xã Phong Nha,17.6475454,106.2729046,58,Moderate,1,19.3,86,0.2,9.6,320,1021.8,100,15.7,16.2,469.0,3.3,84.0,3.9
2026-01-24 11:00:00,2026,1,24,11,Quảng Trị,Xã Phong Nha,17.6475454,106.2729046,58,Moderate,1,20.8,78,0.0,8.0,324,1021.0,100,14.9,15.4,458.0,2.6,95.0,3.5
2026-01-24 12:00:00,2026,1,24,12,Quảng Trị,Xã Phong Nha,17.6475454,106.2729046,58,Moderate,1,21.1,77,0.2,7.0,331,1019.8,100,14.7,15.3,450.0,1.8,106.0,2.9
2026-01-24 13:00:00,2026,1,24,13,Quảng Trị,Xã Phong Nha,17.6475454,106.2729046,58,Moderate,1,21.2,78,0.6,7.6,348,1018.7,100,14.0,14.6,434.0,1.3,114.0,2.5
2026-01-24 14:00:00,2026,1,24,14,Quảng Trị,Xã Phong Nha,17.6475454,106.2729046,58,Moderate,1,21.1,82,0.5,5.1,48,1017.8,57,14.8,15.4,395.0,1.1,118.0,2.4
2026-01-24 15:00:00,2026,1,24,15,Quảng Trị,Xã Phong Nha,17.6475454,106.2729046,59,Moderate,1,21.7,78,0.2,5.8,56,1017.3,100,14.1,14.8,349.0,1.2,120.0,2.4
2026-01-24 16:00:00,2026,1,24,16,Quảng Trị,Xã Phong Nha,17.6475454,106.2729046,58,Moderate,1,21.0,80,0.1,6.6,43,1017.0,100,13.9,14.6,331.0,1.6,119.0,2.4
2026-01-24 17:00:00,2026,1,24,17,Quảng Trị,Xã Phong Nha,17.6475454,106.2729046,58,Moderate,1,20.1,86,0.4,4.9,24,1017.3,100,12.3,13.1,367.0,2.3,114.0,2.4
2026-01-24 18:00:00,2026,1,24,18,Quảng Trị,Xã Phong Nha,17.6475454,106.2729046,58,Moderate,1,19.3,95,0.2,3.1,353,1017.4,98,11.9,12.7,430.0,3.3,107.0,2.3
2026-01-24 19:00:00,2026,1,24,19,Quảng Trị,Xã Phong Nha,17.6475454,106.2729046,58,Moderate,1,19.1,96,0.0,1.8,96,1017.6,100,15.8,18.0,477.0,3.7,96.0,1.8
2026-01-24 20:00:00,2026,1,24,20,Quảng Trị,Xã Phong Nha,17.6475454,106.2729046,58,Moderate,1,18.6,95,0.0,0.4,153,1017.9,91,16.0,18.1,486.0,4.1,93.0,1.7
2026-01-24 21:00:00,2026,1,24,21,Quảng Trị,Xã Phong Nha,17.6475454,106.2729046,58,Moderate,1,18.0,97,0.0,0.6,236,1017.8,92,16.9,19.0,479.0,4.6,88.0,1.5
2026-01-24 22:00:00,2026,1,24,22,Quảng Trị,Xã Phong Nha,17.6475454,106.2729046,57,Moderate,1,17.6,98,0.0,2.0,260,1017.5,91,17.4,19.4,471.0,4.9,85.0,1.4
2026-01-24 23:00:00,2026,1,24,23,Quảng Trị,Xã Phong Nha,17.6475454,106.2729046,57,Moderate,1,17.7,98,0.0,2.7,274,1017.3,100,18.0,20.0,474.0,4.9,83.0,1.4
2026-01-25 00:00:00,2026,1,25,0,Quảng Trị,Xã Phong Nha,17.6475454,106.2729046,57,Moderate,1,17.7,98,0.0,2.5,270,1016.9,100,18.5,20.5,477.0,4.8,83.0,1.5
2026-01-25 01:00:00,2026,1,25,1,Quảng Trị,Xã Phong Nha,17.6475454,106.2729046,57,Moderate,1,17.9,100,0.0,3.5,261,1016.3,100,19.4,21.6,463.0,4.5,83.0,1.5
2026-01-25 02:00:00,2026,1,25,2,Quảng Trị,Xã Phong Nha,17.6475454,106.2729046,58,Moderate,1,18.1,99,0.0,3.1,273,1015.6,100,20.3,22.0,414.0,3.9,85.0,1.4
2026-01-25 03:00:00,2026,1,25,3,Quảng Trị,Xã Phong Nha,17.6475454,106.2729046,58,Moderate,1,18.1,100,0.0,1.8,259,1015.0,100,19.8,21.3,348.0,3.0,89.0,1.2
2026-01-25 04:00:00,2026,1,25,4,Quảng Trị,Xã Phong Nha,17.6475454,106.2729046,58,Moderate,1,17.8,99,0.0,1.8,225,1014.8,100,16.8,19.5,306.0,2.5,90.0,1.0
2026-01-25 05:00:00,2026,1,25,5,Quảng Trị,Xã Phong Nha,17.6475454,106.2729046,58,Moderate,1,17.9,99,0.0,2.7,212,1015.0,78,15.1,17.7,317.0,2.6,87.0,0.9
2026-01-25 06:00:00,2026,1,25,6,Quảng Trị,Xã Phong Nha,17.6475454,106.2729046,58,Moderate,1,17.5,100,0.0,2.4,216,1015.5,26,14.0,16.6,351.0,2.9,82.0,0.8
2026-01-25 07:00:00,2026,1,25,7,Quảng Trị,Xã Phong Nha,17.6475454,106.2729046,58,Moderate,1,17.7,100,0.0,1.1,270,1016.3,100,16.1,18.6,369.0,3.4,81.0,1.0
2026-01-25 08:00:00,2026,1,25,8,Quảng Trị,Xã Phong Nha,17.6475454,106.2729046,58,Moderate,1,19.1,98,0.0,0.7,346,1017.1,27,14.1,16.8,346.0,2.8,87.0,1.2
2026-01-25 09:00:00,2026,1,25,9,Quảng Trị,Xã Phong Nha,17.6475454,106.2729046,58,Moderate,1,21.0,88,0.0,4.1,124,1017.5,46,12.5,15.3,306.0,2.0,96.0,1.4
2026-01-25 10:00:00,2026,1,25,10,Quảng Trị,Xã Phong Nha,17.6475454,106.2729046,58,Moderate,1,23.4,71,0.0,9.2,123,1017.3,23,11.5,14.3,275.0,1.4,104.0,1.6
2026-01-25 11:00:00,2026,1,25,11,Quảng Trị,Xã Phong Nha,17.6475454,106.2729046,58,Moderate,1,25.1,62,0.0,11.5,112,1016.7,27,11.3,14.3,263.0,1.1,110.0,1.7
2026-01-25 12:00:00,2026,1,25,12,Quảng Trị,Xã Phong Nha,17.6475454,106.2729046,57,Moderate,1,25.8,58,0.0,12.7,103,1015.7,37,11.4,14.5,260.0,0.9,114.0,1.6
2026-01-25 13:00:00,2026,1,25,13,Quảng Trị,Xã Phong Nha,17.6475454,106.2729046,57,Moderate,1,26.5,56,0.0,12.4,106,1014.5,30,11.3,14.5,260.0,0.8,117.0,1.6
2026-01-25 14:00:00,2026,1,25,14,Quảng Trị,Xã Phong Nha,17.6475454,106.2729046,57,Moderate,1,25.8,61,0.0,16.0,90,1013.8,54,11.2,14.3,260.0,0.7,119.0,1.5
2026-01-25 15:00:00,2026,1,25,15,Quảng Trị,Xã Phong Nha,17.6475454,106.2729046,56,Moderate,1,24.2,70,0.0,17.3,93,1013.5,3,11.0,14.1,263.0,0.7,120.0,1.5
2026-01-25 16:00:00,2026,1,25,16,Quảng Trị,Xã Phong Nha,17.6475454,106.2729046,56,Moderate,1,23.6,72,0.0,15.6,96,1013.6,8,10.9,14.1,274.0,1.0,118.0,1.4
2026-01-25 17:00:00,2026,1,25,17,Quảng Trị,Xã Phong Nha,17.6475454,106.2729046,58,Moderate,1,22.6,78,0.0,13.0,91,1013.9,1,11.0,14.2,299.0,1.7,112.0,1.4
2026-01-25 18:00:00,2026,1,25,18,Quảng Trị,Xã Phong Nha,17.6475454,106.2729046,61,Moderate,1,20.6,87,0.0,7.4,94,1014.6,2,10.9,14.0,332.0,2.6,104.0,1.5
2026-01-25 19:00:00,2026,1,25,19,Quảng Trị,Xã Phong Nha,17.6475454,106.2729046,61,Moderate,1,19.5,93,0.0,3.3,96,1015.3,2,12.0,15.5,358.0,3.5,99.0,1.5
2026-01-25 20:00:00,2026,1,25,20,Quảng Trị,Xã Phong Nha,17.6475454,106.2729046,59,Moderate,1,18.9,95,0.0,2.8,153,1015.9,0,12.7,16.2,374.0,3.9,96.0,1.4
2026-01-25 21:00:00,2026,1,25,21,Quảng Trị,Xã Phong Nha,17.6475454,106.2729046,55,Moderate,1,18.2,97,0.0,2.3,203,1016.2,5,13.7,17.4,382.0,4.3,92.0,1.3
2026-01-25 22:00:00,2026,1,25,22,Quảng Trị,Xã Phong Nha,17.6475454,106.2729046,55,Moderate,1,17.5,98,0.0,2.3,219,1016.2,2,14.6,18.5,375.0,4.6,89.0,1.2
2026-01-25 23:00:00,2026,1,25,23,Quảng Trị,Xã Phong Nha,17.6475454,106.2729046,54,Moderate,1,16.9,97,0.0,2.3,238,1016.3,3,15.0,18.8,341.0,4.4,88.0,1.1
2026-01-26 00:00:00,2026,1,26,0,Quảng Trị,Xã Phong Nha,17.6475454,106.2729046,54,Moderate,1,16.5,97,0.0,2.3,252,1016.1,5,15.4,19.0,292.0,4.0,89.0,1.0
2026-01-26 01:00:00,2026,1,26,1,Quảng Trị,Xã Phong Nha,17.6475454,106.2729046,54,Moderate,1,16.3,97,0.0,3.0,245,1015.8,10,15.3,19.0,253.0,3.6,88.0,0.9
2026-01-26 02:00:00,2026,1,26,2,Quảng Trị,Xã Phong Nha,17.6475454,106.2729046,54,Moderate,1,16.3,97,0.0,4.4,243,1015.4,3,14.6,18.3,231.0,3.3,86.0,0.9
2026-01-26 03:00:00,2026,1,26,3,Quảng Trị,Xã Phong Nha,17.6475454,106.2729046,53,Moderate,1,16.1,97,0.0,4.3,246,1015.1,2,14.2,17.3,219.0,3.0,82.0,1.0
2026-01-26 04:00:00,2026,1,26,4,Quảng Trị,Xã Phong Nha,17.6475454,106.2729046,53,Moderate,1,16.0,98,0.0,4.6,244,1015.0,5,13.9,16.9,223.0,2.9,79.0,1.0
2026-01-26 05:00:00,2026,1,26,5,Quảng Trị,Xã Phong Nha,17.6475454,106.2729046,52,Moderate,1,15.8,98,0.0,4.5,236,1015.3,5,13.8,16.7,257.0,3.3,75.0,1.0
2026-01-26 06:00:00,2026,1,26,6,Quảng Trị,Xã Phong Nha,17.6475454,106.2729046,52,Moderate,1,15.6,99,0.0,4.0,249,1016.1,7,14.3,17.1,307.0,4.0,72.0,1.0
2026-01-26 07:00:00,2026,1,26,7,Quảng Trị,Xã Phong Nha,17.6475454,106.2729046,52,Moderate,1,16.0,99,0.0,5.0,255,1017.1,4,16.2,19.1,334.0,4.5,69.0,1.0
2026-01-26 08:00:00,2026,1,26,8,Quảng Trị,Xã Phong Nha,17.6475454,106.2729046,52,Moderate,1,19.8,90,0.0,5.6,285,1018.2,10,16.9,19.8,316.0,3.8,78.0,1.4
2026-01-26 09:00:00,2026,1,26,9,Quảng Trị,Xã Phong Nha,17.6475454,106.2729046,52,Moderate,1,22.3,81,0.0,1.0,22,1018.6,10,15.1,18.5,276.0,2.9,90.0,1.9
2026-01-26 10:00:00,2026,1,26,10,Quảng Trị,Xã Phong Nha,17.6475454,106.2729046,53,Moderate,1,24.0,71,0.1,8.7,98,1018.4,27,14.5,18.7,242.0,2.1,101.0,2.2
2026-01-26 11:00:00,2026,1,26,11,Quảng Trị,Xã Phong Nha,17.6475454,106.2729046,53,Moderate,1,25.3,64,0.0,11.0,86,1018.0,73,14.2,18.3,226.0,1.6,108.0,2.2
2026-01-26 12:00:00,2026,1,26,12,Quảng Trị,Xã Phong Nha,17.6475454,106.2729046,53,Moderate,1,25.5,62,0.0,12.7,79,1017.2,90,13.9,18.1,217.0,1.2,113.0,1.9
2026-01-26 13:00:00,2026,1,26,13,Quảng Trị,Xã Phong Nha,17.6475454,106.2729046,53,Moderate,1,25.6,63,0.0,12.2,82,1016.3,49,13.4,17.5,211.0,0.9,115.0,1.7
2026-01-26 14:00:00,2026,1,26,14,Quảng Trị,Xã Phong Nha,17.6475454,106.2729046,54,Moderate,1,25.1,64,0.0,13.9,80,1015.8,40,12.9,16.9,201.0,0.7,114.0,1.5
2026-01-26 15:00:00,2026,1,26,15,Quảng Trị,Xã Phong Nha,17.6475454,106.2729046,54,Moderate,1,24.3,67,0.0,13.1,77,1015.7,28,12.2,16.3,195.0,0.6,109.0,1.2
2026-01-26 16:00:00,2026,1,26,16,Quảng Trị,Xã Phong Nha,17.6475454,106.2729046,54,Moderate,1,23.5,71,0.0,12.1,78,1015.7,45,11.6,15.7,210.0,0.9,104.0,1.1
2026-01-26 17:00:00,2026,1,26,17,Quảng Trị,Xã Phong Nha,17.6475454,106.2729046,54,Moderate,1,22.5,77,0.0,8.0,82,1015.9,19,11.0,15.0,265.0,1.7,97.0,1.2
2026-01-26 18:00:00,2026,1,26,18,Quảng Trị,Xã Phong Nha,17.6475454,106.2729046,54,Moderate,1,20.5,89,0.0,5.7,77,1015.8,13,10.8,14.6,342.0,2.8,89.0,1.4
2026-01-26 19:00:00,2026,1,26,19,Quảng Trị,Xã Phong Nha,17.6475454,106.2729046,54,Moderate,1,19.7,96,0.0,2.7,70,1016.4,9,9.5,12.7,405.0,3.5,84.0,1.3
2026-01-26 20:00:00,2026,1,26,20,Quảng Trị,Xã Phong Nha,17.6475454,106.2729046,54,Moderate,1,19.4,97,0.0,0.8,297,1017.4,10,10.0,13.2,446.0,4.1,81.0,1.3
2026-01-26 21:00:00,2026,1,26,21,Quảng Trị,Xã Phong Nha,17.6475454,106.2729046,53,Moderate,1,18.9,98,0.0,1.8,270,1017.7,10,10.9,14.0,473.0,5.0,77.0,1.3
2026-01-26 22:00:00,2026,1,26,22,Quảng Trị,Xã Phong Nha,17.6475454,106.2729046,53,Moderate,1,18.3,98,0.0,1.9,248,1017.7,27,12.5,15.8,481.0,5.6,74.0,1.2
2026-01-26 23:00:00,2026,1,26,23,Quảng Trị,Xã Phong Nha,17.6475454,106.2729046,53,Moderate,1,17.8,99,0.0,2.1,239,1017.5,29,13.8,17.2,463.0,5.6,73.0,1.1
2026-01-27 00:00:00,2026,1,27,0,Quảng Trị,Xã Phong Nha,17.6475454,106.2729046,53,Moderate,1,17.5,100,0.0,3.0,245,1017.2,47,14.6,17.8,426.0,5.3,74.0,1.0
2026-01-27 01:00:00,2026,1,27,1,Quảng Trị,Xã Phong Nha,17.6475454,106.2729046,53,Moderate,1,19.3,100,0.0,1.9,292,1017.0,100,14.8,17.6,384.0,4.9,75.0,0.9
2026-01-27 02:00:00,2026,1,27,2,Quảng Trị,Xã Phong Nha,17.6475454,106.2729046,53,Moderate,1,19.2,100,0.0,3.8,289,1016.6,100,14.4,17.3,336.0,4.3,77.0,0.9
2026-01-27 03:00:00,2026,1,27,3,Quảng Trị,Xã Phong Nha,17.6475454,106.2729046,53,Moderate,1,19.3,100,0.0,4.7,288,1016.4,100,13.9,16.8,284.0,3.6,79.0,0.9
2026-01-27 04:00:00,2026,1,27,4,Quảng Trị,Xã Phong Nha,17.6475454,106.2729046,53,Moderate,1,19.2,100,0.0,4.5,293,1016.2,100,13.1,15.8,249.0,3.2,80.0,0.9
2026-01-27 05:00:00,2026,1,27,5,Quảng Trị,Xã Phong Nha,17.6475454,106.2729046,53,Moderate,1,19.3,99,0.0,4.5,286,1016.5,100,12.2,14.9,247.0,3.3,78.0,0.9
2026-01-27 06:00:00,2026,1,27,6,Quảng Trị,Xã Phong Nha,17.6475454,106.2729046,53,Moderate,1,19.4,98,0.0,3.1,283,1017.2,100,10.9,13.4,261.0,3.6,75.0,0.9
2026-01-27 07:00:00,2026,1,27,7,Quảng Trị,Xã Phong Nha,17.6475454,106.2729046,52,Moderate,1,19.6,97,0.1,5.6,295,1018.2,100,13.2,16.2,269.0,3.5,75.0,0.8
2026-01-27 08:00:00,2026,1,27,8,Quảng Trị,Xã Phong Nha,17.6475454,106.2729046,52,Moderate,1,19.7,95,0.1,5.8,309,1019.1,98,12.0,14.9,258.0,2.9,81.0,0.9
2026-01-27 09:00:00,2026,1,27,9,Quảng Trị,Xã Phong Nha,17.6475454,106.2729046,52,Moderate,1,21.2,84,0.1,5.3,332,1019.7,60,11.6,14.5,239.0,2.1,89.0,1.0
2026-01-27 10:00:00,2026,1,27,10,Quảng Trị,Xã Phong Nha,17.6475454,106.2729046,51,Moderate,1,22.8,76,0.1,5.8,16,1019.6,80,11.9,15.2,225.0,1.4,96.0,1.1
2026-01-27 11:00:00,2026,1,27,11,Quảng Trị,Xã Phong Nha,17.6475454,106.2729046,51,Moderate,1,23.4,74,0.2,7.8,42,1019.0,54,11.7,15.0,220.0,1.0,100.0,1.1
2026-01-27 12:00:00,2026,1,27,12,Quảng Trị,Xã Phong Nha,17.6475454,106.2729046,51,Moderate,1,24.3,69,0.1,9.8,58,1017.8,76,11.5,14.9,220.0,0.8,104.0,1.1
2026-01-27 13:00:00,2026,1,27,13,Quảng Trị,Xã Phong Nha,17.6475454,106.2729046,51,Moderate,1,25.1,64,0.2,9.9,65,1016.6,70,11.8,15.2,221.0,0.7,106.0,1.1
2026-01-27 14:00:00,2026,1,27,14,Quảng Trị,Xã Phong Nha,17.6475454,106.2729046,50,Good,0,25.5,62,0.0,10.9,74,1016.0,59,12.2,15.7,217.0,0.6,107.0,1.1
2026-01-27 15:00:00,2026,1,27,15,Quảng Trị,Xã Phong Nha,17.6475454,106.2729046,50,Good,0,24.9,64,0.0,12.0,81,1015.8,3,12.7,16.2,214.0,0.7,107.0,1.0
2026-01-27 16:00:00,2026,1,27,16,Quảng Trị,Xã Phong Nha,17.6475454,106.2729046,50,Good,0,23.9,68,0.0,11.7,85,1015.7,2,13.2,16.8,228.0,0.9,107.0,1.1
2026-01-27 17:00:00,2026,1,27,17,Quảng Trị,Xã Phong Nha,17.6475454,106.2729046,51,Moderate,1,22.5,75,0.0,9.7,91,1016.3,3,14.1,17.6,277.0,1.4,106.0,1.3
2026-01-27 18:00:00,2026,1,27,18,Quảng Trị,Xã Phong Nha,17.6475454,106.2729046,51,Moderate,1,20.3,88,0.0,5.5,101,1016.7,14,15.2,18.7,342.0,2.1,106.0,1.7
2026-01-27 19:00:00,2026,1,27,19,Quảng Trị,Xã Phong Nha,17.6475454,106.2729046,51,Moderate,1,19.7,93,0.0,4.1,113,1017.2,12,13.2,16.3,390.0,2.6,93.0,1.9
2026-01-27 20:00:00,2026,1,27,20,Quảng Trị,Xã Phong Nha,17.6475454,106.2729046,52,Moderate,1,19.4,94,0.0,1.3,172,1018.2,13,13.8,16.6,404.0,3.0,91.0,1.9
2026-01-27 21:00:00,2026,1,27,21,Quảng Trị,Xã Phong Nha,17.6475454,106.2729046,52,Moderate,1,18.8,95,0.0,1.7,212,1018.6,16,14.7,17.5,400.0,3.5,89.0,2.0
2026-01-27 22:00:00,2026,1,27,22,Quảng Trị,Xã Phong Nha,17.6475454,106.2729046,52,Moderate,1,18.3,97,0.0,2.6,219,1018.9,33,15.9,18.8,390.0,3.8,88.0,2.0
2026-01-27 23:00:00,2026,1,27,23,Quảng Trị,Xã Phong Nha,17.6475454,106.2729046,53,Moderate,1,18.0,99,0.1,2.7,233,1018.6,47,16.6,19.5,375.0,3.9,88.0,1.9
2026-01-28 00:00:00,2026,1,28,0,Quảng Trị,Xã Phong Nha,17.6475454,106.2729046,53,Moderate,1,18.4,99,0.1,2.3,266,1018.1,100,17.3,20.3,353.0,3.8,88.0,1.8
2026-01-28 01:00:00,2026,1,28,1,Quảng Trị,Xã Phong Nha,17.6475454,106.2729046,53,Moderate,1,18.5,99,0.1,2.4,257,1017.7,98,17.7,20.5,331.0,3.6,90.0,1.7
2026-01-28 02:00:00,2026,1,28,2,Quảng Trị,Xã Phong Nha,17.6475454,106.2729046,53,Moderate,1,18.7,100,0.1,4.0,339,1017.0,100,17.0,19.9,307.0,3.2,93.0,1.8
2026-01-28 03:00:00,2026,1,28,3,Quảng Trị,Xã Phong Nha,17.6475454,106.2729046,53,Moderate,1,18.7,100,0.1,4.0,350,1016.9,100,14.7,17.6,283.0,2.7,97.0,1.9
2026-01-28 04:00:00,2026,1,28,4,Quảng Trị,Xã Phong Nha,17.6475454,106.2729046,54,Moderate,1,18.8,98,0.2,3.8,295,1016.9,95,13.1,15.8,273.0,2.4,100.0,2.1
2026-01-28 05:00:00,2026,1,28,5,Quảng Trị,Xã Phong Nha,17.6475454,106.2729046,54,Moderate,1,18.4,97,0.5,4.5,304,1017.4,84,12.4,15.1,289.0,2.5,99.0,2.2
2026-01-28 06:00:00,2026,1,28,6,Quảng Trị,Xã Phong Nha,17.6475454,106.2729046,54,Moderate,1,18.3,96,0.1,5.5,306,1018.0,99,12.1,14.6,319.0,2.9,96.0,2.4
2026-01-28 07:00:00,2026,1,28,7,Quảng Trị,Xã Phong Nha,17.6475454,106.2729046,54,Moderate,1,18.9,99,0.8,6.2,292,1018.5,80,8.6,10.2,346.0,2.9,98.0,2.4
2026-01-28 08:00:00,2026,1,28,8,Quảng Trị,Xã Phong Nha,17.6475454,106.2729046,53,Moderate,1,19.9,93,0.1,8.4,320,1019.3,67,10.6,12.5,365.0,2.6,103.0,3.0
2026-01-28 09:00:00,2026,1,28,9,Quảng Trị,Xã Phong Nha,17.6475454,106.2729046,53,Moderate,1,20.4,94,0.0,9.9,314,1019.9,36,12.7,14.9,381.0,2.2,111.0,3.8
2026-01-28 10:00:00,2026,1,28,10,Quảng Trị,Xã Phong Nha,17.6475454,106.2729046,53,Moderate,1,22.4,81,0.0,9.7,333,1019.7,66,16.0,18.6,395.0,1.8,118.0,4.5
2026-01-28 11:00:00,2026,1,28,11,Quảng Trị,Xã Phong Nha,17.6475454,106.2729046,54,Moderate,1,23.3,76,0.4,11.0,23,1019.2,100,18.8,21.5,407.0,1.5,123.0,4.9
2026-01-28 12:00:00,2026,1,28,12,Quảng Trị,Xã Phong Nha,17.6475454,106.2729046,54,Moderate,1,23.8,71,0.2,11.3,46,1018.2,70,20.9,23.8,417.0,1.2,128.0,5.2
2026-01-28 13:00:00,2026,1,28,13,Quảng Trị,Xã Phong Nha,17.6475454,106.2729046,55,Moderate,1,24.0,69,0.3,11.1,58,1017.2,87,22.2,25.2,420.0,1.1,131.0,5.4
2026-01-28 14:00:00,2026,1,28,14,Quảng Trị,Xã Phong Nha,17.6475454,106.2729046,60,Moderate,1,23.1,73,0.2,12.1,67,1016.3,91,23.5,26.6,406.0,1.0,134.0,5.4
2026-01-28 15:00:00,2026,1,28,15,Quảng Trị,Xã Phong Nha,17.6475454,106.2729046,68,Moderate,1,23.7,70,0.2,9.2,59,1015.7,34,24.6,27.8,386.0,1.1,135.0,5.2
2026-01-28 16:00:00,2026,1,28,16,Quảng Trị,Xã Phong Nha,17.6475454,106.2729046,76,Moderate,1,23.1,72,0.0,9.7,71,1015.6,58,23.9,27.1,384.0,1.4,134.0,5.1
2026-01-28 17:00:00,2026,1,28,17,Quảng Trị,Xã Phong Nha,17.6475454,106.2729046,82,Moderate,1,21.9,79,0.1,8.1,87,1015.9,48,23.3,26.4,419.0,2.1,129.0,5.0
2026-01-28 18:00:00,2026,1,28,18,Quảng Trị,Xã Phong Nha,17.6475454,106.2729046,86,Moderate,1,20.4,88,0.0,6.2,116,1016.1,27,21.9,25.0,472.0,3.0,121.0,4.9
2026-01-28 19:00:00,2026,1,28,19,Quảng Trị,Xã Phong Nha,17.6475454,106.2729046,87,Moderate,1,19.3,95,0.0,3.5,114,1016.7,27,23.9,27.2,512.0,3.7,112.0,5.5
2026-01-28 20:00:00,2026,1,28,20,Quảng Trị,Xã Phong Nha,17.6475454,106.2729046,84,Moderate,1,19.1,95,0.0,0.7,194,1017.1,36,22.5,25.6,528.0,4.2,107.0,5.1
2026-01-28 21:00:00,2026,1,28,21,Quảng Trị,Xã Phong Nha,17.6475454,106.2729046,80,Moderate,1,18.4,96,0.0,2.2,256,1017.2,32,22.7,25.7,531.0,5.0,100.0,4.6
2026-01-28 22:00:00,2026,1,28,22,Quảng Trị,Xã Phong Nha,17.6475454,106.2729046,73,Moderate,1,18.4,98,0.0,3.1,267,1017.3,94,24.0,27.0,526.0,5.5,94.0,4.1
2026-01-28 23:00:00,2026,1,28,23,Quảng Trị,Xã Phong Nha,17.6475454,106.2729046,65,Moderate,1,18.8,98,0.0,5.4,266,1017.3,88,25.2,28.2,514.0,5.7,92.0,3.9
2026-01-29 00:00:00,2026,1,29,0,Quảng Trị,Xã Phong Nha,17.6475454,106.2729046,64,Moderate,1,18.5,98,0.0,4.3,270,1016.9,99,27.2,29.9,495.0,5.8,92.0,3.8
2026-01-29 01:00:00,2026,1,29,1,Quảng Trị,Xã Phong Nha,17.6475454,106.2729046,65,Moderate,1,17.8,99,0.0,3.4,267,1016.5,98,27.5,30.3,473.0,5.7,91.0,3.6
2026-01-29 02:00:00,2026,1,29,2,Quảng Trị,Xã Phong Nha,17.6475454,106.2729046,66,Moderate,1,18.6,98,0.1,2.5,360,1016.0,100,26.3,29.2,446.0,5.3,89.0,3.3
2026-01-29 03:00:00,2026,1,29,3,Quảng Trị,Xã Phong Nha,17.6475454,106.2729046,67,Moderate,1,18.6,98,0.0,2.4,347,1015.4,100,25.0,27.9,417.0,4.7,87.0,2.9
2026-01-29 04:00:00,2026,1,29,4,Quảng Trị,Xã Phong Nha,17.6475454,106.2729046,68,Moderate,1,18.6,99,0.0,1.2,321,1015.1,100,23.3,26.1,399.0,4.3,85.0,2.6
2026-01-29 05:00:00,2026,1,29,5,Quảng Trị,Xã Phong Nha,17.6475454,106.2729046,69,Moderate,1,18.7,98,0.0,2.4,306,1015.3,100,21.4,24.2,409.0,4.3,82.0,2.3
2026-01-29 06:00:00,2026,1,29,6,Quảng Trị,Xã Phong Nha,17.6475454,106.2729046,70,Moderate,1,18.7,98,0.0,2.2,325,1015.8,100,19.4,22.4,431.0,4.4,79.0,2.0
2026-01-29 07:00:00,2026,1,29,7,Quảng Trị,Xã Phong Nha,17.6475454,106.2729046,70,Moderate,1,18.5,99,0.0,2.4,312,1016.4,100,31.4,33.8,430.0,5.3,77.0,1.9
2026-01-29 08:00:00,2026,1,29,8,Quảng Trị,Xã Phong Nha,17.6475454,106.2729046,72,Moderate,1,19.4,96,0.0,1.0,329,1017.1,89,21.2,25.3,380.0,4.3,82.0,1.9
2026-01-29 09:00:00,2026,1,29,9,Quảng Trị,Xã Phong Nha,17.6475454,106.2729046,73,Moderate,1,21.6,86,0.1,4.9,92,1017.5,30,16.7,20.6,306.0,2.9,90.0,1.9
2026-01-29 10:00:00,2026,1,29,10,Quảng Trị,Xã Phong Nha,17.6475454,106.2729046,73,Moderate,1,23.3,76,0.2,10.9,114,1017.5,39,14.0,18.2,254.0,1.8,97.0,1.9
2026-01-29 11:00:00,2026,1,29,11,Quảng Trị,Xã Phong Nha,17.6475454,106.2729046,73,Moderate,1,24.9,68,0.2,11.4,109,1016.7,59,13.2,17.3,246.0,1.3,104.0,1.9
2026-01-29 12:00:00,2026,1,29,12,Quảng Trị,Xã Phong Nha,17.6475454,106.2729046,73,Moderate,1,25.5,63,0.1,12.3,101,1015.6,99,12.8,16.7,258.0,1.1,110.0,1.8
2026-01-29 13:00:00,2026,1,29,13,Quảng Trị,Xã Phong Nha,17.6475454,106.2729046,72,Moderate,1,25.3,66,0.0,13.3,98,1014.3,58,12.8,16.6,267.0,1.0,114.0,1.7
2026-01-29 14:00:00,2026,1,29,14,Quảng Trị,Xã Phong Nha,17.6475454,106.2729046,71,Moderate,1,25.3,66,0.0,12.5,98,1013.6,56,12.7,16.6,255.0,0.9,116.0,1.6
2026-01-29 15:00:00,2026,1,29,15,Quảng Trị,Xã Phong Nha,17.6475454,106.2729046,70,Moderate,1,24.7,69,0.0,13.9,95,1013.3,95,12.4,16.2,239.0,0.9,115.0,1.5
2026-01-29 16:00:00,2026,1,29,16,Quảng Trị,Xã Phong Nha,17.6475454,106.2729046,69,Moderate,1,23.9,72,0.0,14.2,91,1013.3,31,12.3,16.1,242.0,1.2,113.0,1.4
2026-01-29 17:00:00,2026,1,29,17,Quảng Trị,Xã Phong Nha,17.6475454,106.2729046,68,Moderate,1,22.9,76,0.0,12.6,93,1013.6,20,12.3,16.2,283.0,1.8,109.0,1.5
2026-01-29 18:00:00,2026,1,29,18,Quảng Trị,Xã Phong Nha,17.6475454,106.2729046,67,Moderate,1,21.1,85,0.0,7.6,87,1014.0,9,11.6,15.2,343.0,2.7,102.0,1.6
2026-01-29 19:00:00,2026,1,29,19,Quảng Trị,Xã Phong Nha,17.6475454,106.2729046,66,Moderate,1,20.1,91,0.0,3.8,139,1014.6,5,11.5,15.3,388.0,3.3,99.0,1.6
2026-01-29 20:00:00,2026,1,29,20,Quảng Trị,Xã Phong Nha,17.6475454,106.2729046,65,Moderate,1,19.6,93,0.0,3.9,146,1015.4,2,11.6,15.1,407.0,3.8,95.0,1.5
2026-01-29 21:00:00,2026,1,29,21,Quảng Trị,Xã Phong Nha,17.6475454,106.2729046,64,Moderate,1,19.0,94,0.0,3.3,171,1015.6,45,12.7,15.5,412.0,4.5,90.0,1.5
2026-01-29 22:00:00,2026,1,29,22,Quảng Trị,Xã Phong Nha,17.6475454,106.2729046,63,Moderate,1,18.6,95,0.0,2.7,200,1015.7,24,13.3,16.2,400.0,4.8,87.0,1.4
2026-01-29 23:00:00,2026,1,29,23,Quảng Trị,Xã Phong Nha,17.6475454,106.2729046,62,Moderate,1,18.0,96,0.0,3.2,218,1015.5,3,13.6,16.5,362.0,4.5,87.0,1.3
2026-01-30 00:00:00,2026,1,30,0,Quảng Trị,Xã Phong Nha,17.6475454,106.2729046,61,Moderate,1,17.6,96,0.0,3.5,231,1015.2,9,13.4,16.1,307.0,3.9,88.0,1.2
2026-01-30 01:00:00,2026,1,30,1,Quảng Trị,Xã Phong Nha,17.6475454,106.2729046,60,Moderate,1,17.1,96,0.0,3.5,235,1014.7,10,12.2,14.7,264.0,3.5,88.0,1.2
2026-01-30 02:00:00,2026,1,30,2,Quảng Trị,Xã Phong Nha,17.6475454,106.2729046,59,Moderate,1,16.7,96,0.0,3.4,238,1014.2,5,12.0,14.3,243.0,3.3,86.0,1.2
2026-01-30 03:00:00,2026,1,30,3,Quảng Trị,Xã Phong Nha,17.6475454,106.2729046,58,Moderate,1,16.2,97,0.0,3.5,235,1014.1,9,11.9,14.3,234.0,3.3,83.0,1.3
2026-01-30 04:00:00,2026,1,30,4,Quảng Trị,Xã Phong Nha,17.6475454,106.2729046,56,Moderate,1,16.0,97,0.0,3.6,233,1014.3,9,11.9,14.3,237.0,3.4,80.0,1.4
2026-01-30 05:00:00,2026,1,30,5,Quảng Trị,Xã Phong Nha,17.6475454,106.2729046,55,Moderate,1,15.8,97,0.0,3.7,235,1014.6,3,12.0,14.4,262.0,3.8,76.0,1.5
2026-01-30 06:00:00,2026,1,30,6,Quảng Trị,Xã Phong Nha,17.6475454,106.2729046,55,Moderate,1,15.4,98,0.0,3.1,246,1015.1,11,12.0,14.3,299.0,4.4,71.0,1.7
2026-01-30 07:00:00,2026,1,30,7,Quảng Trị,Xã Phong Nha,17.6475454,106.2729046,54,Moderate,1,16.1,99,0.0,5.2,250,1016.3,3,14.8,15.6,319.0,4.8,66.0,1.1
2026-01-30 08:00:00,2026,1,30,8,Quảng Trị,Xã Phong Nha,17.6475454,106.2729046,52,Moderate,1,19.4,90,0.0,4.4,277,1017.4,2,16.1,16.8,306.0,4.0,77.0,1.6
2026-01-30 09:00:00,2026,1,30,9,Quảng Trị,Xã Phong Nha,17.6475454,106.2729046,52,Moderate,1,22.0,83,0.0,1.8,349,1017.9,10,13.8,14.9,277.0,3.0,93.0,2.2
2026-01-30 10:00:00,2026,1,30,10,Quảng Trị,Xã Phong Nha,17.6475454,106.2729046,52,Moderate,1,24.4,71,0.0,7.3,107,1018.1,33,12.0,13.4,253.0,2.1,106.0,2.6
2026-01-30 11:00:00,2026,1,30,11,Quảng Trị,Xã Phong Nha,17.6475454,106.2729046,51,Moderate,1,25.8,65,0.0,9.0,90,1017.1,23,10.8,13.1,241.0,1.6,114.0,2.6
2026-01-30 12:00:00,2026,1,30,12,Quảng Trị,Xã Phong Nha,17.6475454,106.2729046,51,Moderate,1,26.7,62,0.0,9.8,85,1015.8,10,11.6,14.9,233.0,1.2,120.0,2.3
2026-01-30 13:00:00,2026,1,30,13,Quảng Trị,Xã Phong Nha,17.6475454,106.2729046,51,Moderate,1,27.1,62,0.0,11.7,77,1014.7,52,11.5,14.7,229.0,1.0,123.0,2.0
2026-01-30 14:00:00,2026,1,30,14,Quảng Trị,Xã Phong Nha,17.6475454,106.2729046,51,Moderate,1,26.2,65,0.0,15.1,73,1013.9,96,11.2,14.5,221.0,0.9,125.0,1.8
2026-01-30 15:00:00,2026,1,30,15,Quảng Trị,Xã Phong Nha,17.6475454,106.2729046,51,Moderate,1,25.4,68,0.0,14.9,83,1013.5,63,11.1,14.5,215.0,0.9,125.0,1.6
2026-01-30 16:00:00,2026,1,30,16,Quảng Trị,Xã Phong Nha,17.6475454,106.2729046,54,Moderate,1,24.5,73,0.0,12.7,77,1014.0,44,11.0,14.3,232.0,1.2,122.0,1.5
2026-01-30 17:00:00,2026,1,30,17,Quảng Trị,Xã Phong Nha,17.6475454,106.2729046,64,Moderate,1,23.1,81,0.0,11.9,86,1014.5,15,10.7,14.0,290.0,2.1,115.0,1.6
2026-01-30 18:00:00,2026,1,30,18,Quảng Trị,Xã Phong Nha,17.6475454,106.2729046,69,Moderate,1,21.2,92,0.0,6.1,87,1014.6,20,10.7,13.9,370.0,3.2,105.0,1.7
2026-01-30 19:00:00,2026,1,30,19,Quảng Trị,Xã Phong Nha,17.6475454,106.2729046,68,Moderate,1,20.1,97,0.0,4.6,108,1014.9,9,11.2,14.6,435.0,4.2,93.0,1.7
2026-01-30 20:00:00,2026,1,30,20,Quảng Trị,Xã Phong Nha,17.6475454,106.2729046,64,Moderate,1,19.6,98,0.0,1.8,174,1015.8,9,12.9,16.5,477.0,5.3,90.0,1.8
2026-01-30 21:00:00,2026,1,30,21,Quảng Trị,Xã Phong Nha,17.6475454,106.2729046,58,Moderate,1,19.0,99,0.0,1.5,240,1016.2,20,15.4,18.6,505.0,6.7,86.0,1.9
2026-01-30 22:00:00,2026,1,30,22,Quảng Trị,Xã Phong Nha,17.6475454,106.2729046,51,Moderate,1,18.1,100,0.0,2.6,254,1016.7,22,18.4,21.5,507.0,7.8,82.0,1.9
2026-01-30 23:00:00,2026,1,30,23,Quảng Trị,Xã Phong Nha,17.6475454,106.2729046,51,Moderate,1,17.5,99,0.0,3.2,254,1016.6,20,21.9,24.8,469.0,8.3,79.0,1.8
2026-01-31 00:00:00,2026,1,31,0,Quảng Trị,Xã Phong Nha,17.6475454,106.2729046,52,Moderate,1,16.9,97,0.0,3.2,232,1016.6,26,21.0,24.3,405.0,8.3,76.0,1.6
2026-01-31 01:00:00,2026,1,31,1,Quảng Trị,Xã Phong Nha,17.6475454,106.2729046,53,Moderate,1,16.5,97,0.0,2.8,215,1016.2,40,21.3,24.7,347.0,7.9,74.0,1.4
2026-01-31 02:00:00,2026,1,31,2,Quảng Trị,Xã Phong Nha,17.6475454,106.2729046,53,Moderate,1,16.5,96,0.0,1.9,236,1016.0,44,20.8,24.4,301.0,6.5,75.0,1.0
2026-01-31 03:00:00,2026,1,31,3,Quảng Trị,Xã Phong Nha,17.6475454,106.2729046,54,Moderate,1,16.5,94,0.0,2.8,252,1016.1,41,18.1,21.7,260.0,4.7,78.0,0.6
2026-01-31 04:00:00,2026,1,31,4,Quảng Trị,Xã Phong Nha,17.6475454,106.2729046,55,Moderate,1,16.7,93,0.0,3.2,243,1016.4,94,14.6,17.7,241.0,3.3,80.0,0.3
2026-01-31 05:00:00,2026,1,31,5,Quảng Trị,Xã Phong Nha,17.6475454,106.2729046,55,Moderate,1,16.9,93,0.0,3.7,241,1016.8,100,13.2,16.1,260.0,3.0,80.0,0.4
2026-01-31 06:00:00,2026,1,31,6,Quảng Trị,Xã Phong Nha,17.6475454,106.2729046,55,Moderate,1,18.6,92,0.0,5.0,251,1017.5,100,10.7,13.3,299.0,3.2,80.0,0.7
2026-01-31 07:00:00,2026,1,31,7,Quảng Trị,Xã Phong Nha,17.6475454,106.2729046,55,Moderate,1,19.3,98,0.1,4.5,270,1018.4,99,14.1,17.2,323.0,3.1,79.0,0.3
2026-01-31 08:00:00,2026,1,31,8,Quảng Trị,Xã Phong Nha,17.6475454,106.2729046,55,Moderate,1,20.5,92,0.0,3.6,290,1019.0,30,13.2,16.1,311.0,2.6,86.0,0.5
2026-01-31 09:00:00,2026,1,31,9,Quảng Trị,Xã Phong Nha,17.6475454,106.2729046,55,Moderate,1,22.3,80,0.0,4.0,357,1019.6,48,10.8,13.8,284.0,1.9,96.0,0.9
2026-01-31 10:00:00,2026,1,31,10,Quảng Trị,Xã Phong Nha,17.6475454,106.2729046,54,Moderate,1,23.9,70,0.0,8.0,36,1019.8,43,10.8,14.1,262.0,1.3,105.0,1.2
2026-01-31 11:00:00,2026,1,31,11,Quảng Trị,Xã Phong Nha,17.6475454,106.2729046,54,Moderate,1,24.6,68,0.1,12.2,43,1019.5,60,12.5,16.3,253.0,1.0,111.0,1.5
2026-01-31 12:00:00,2026,1,31,12,Quảng Trị,Xã Phong Nha,17.6475454,106.2729046,54,Moderate,1,25.3,64,0.1,12.4,48,1018.5,88,14.8,19.3,250.0,0.9,115.0,1.9
2026-01-31 13:00:00,2026,1,31,13,Quảng Trị,Xã Phong Nha,17.6475454,106.2729046,55,Moderate,1,25.2,65,0.0,11.2,50,1017.7,67,16.8,21.9,249.0,0.9,119.0,2.2
2026-01-31 14:00:00,2026,1,31,14,Quảng Trị,Xã Phong Nha,17.6475454,106.2729046,55,Moderate,1,25.0,66,0.0,14.3,57,1016.7,88,18.5,23.7,245.0,0.9,123.0,2.4
2026-01-31 15:00:00,2026,1,31,15,Quảng Trị,Xã Phong Nha,17.6475454,106.2729046,56,Moderate,1,24.3,70,0.1,16.0,56,1016.2,96,19.6,24.6,244.0,1.1,126.0,2.5
2026-01-31 16:00:00,2026,1,31,16,Quảng Trị,Xã Phong Nha,17.6475454,106.2729046,57,Moderate,1,23.2,76,0.2,13.9,56,1016.5,68,21.2,26.3,259.0,1.3,128.0,2.6
2026-01-31 17:00:00,2026,1,31,17,Quảng Trị,Xã Phong Nha,17.6475454,106.2729046,63,Moderate,1,22.6,76,0.1,10.7,53,1017.1,30,22.9,27.6,302.0,1.8,126.0,2.8
2026-01-31 18:00:00,2026,1,31,18,Quảng Trị,Xã Phong Nha,17.6475454,106.2729046,69,Moderate,1,21.1,85,0.0,6.1,50,1017.3,35,24.1,28.4,360.0,2.3,123.0,3.1
2026-01-31 19:00:00,2026,1,31,19,Quảng Trị,Xã Phong Nha,17.6475454,106.2729046,73,Moderate,1,20.0,92,0.1,5.5,23,1017.8,37,20.4,25.0,411.0,2.5,99.0,2.9
2026-01-31 20:00:00,2026,1,31,20,Quảng Trị,Xã Phong Nha,17.6475454,106.2729046,71,Moderate,1,19.5,96,0.1,3.8,355,1018.7,23,19.2,22.9,447.0,2.4,99.0,2.7
2026-01-31 21:00:00,2026,1,31,21,Quảng Trị,Xã Phong Nha,17.6475454,106.2729046,67,Moderate,1,19.2,97,0.0,2.2,355,1018.9,86,16.9,20.5,475.0,2.3,98.0,2.5
2026-01-31 22:00:00,2026,1,31,22,Quảng Trị,Xã Phong Nha,17.6475454,106.2729046,63,Moderate,1,19.5,98,0.4,5.5,13,1019.2,87,15.3,18.7,492.0,2.2,98.0,2.4
2026-01-31 23:00:00,2026,1,31,23,Quảng Trị,Xã Phong Nha,17.6475454,106.2729046,61,Moderate,1,19.3,99,0.6,5.7,349,1019.1,73,14.6,17.9,493.0,2.0,100.0,2.4
2026-02-01 00:00:00,2026,2,1,0,Quảng Trị,Xã Phong Nha,17.6475454,106.2729046,60,Moderate,1,19.0,99,0.1,5.7,332,1018.6,16,13.9,17.1,482.0,1.7,102.0,2.5
2026-02-01 01:00:00,2026,2,1,1,Quảng Trị,Xã Phong Nha,17.6475454,106.2729046,60,Moderate,1,18.4,99,0.0,6.2,296,1018.4,37,13.5,16.8,468.0,1.5,103.0,2.6
2026-02-01 02:00:00,2026,2,1,2,Quảng Trị,Xã Phong Nha,17.6475454,106.2729046,59,Moderate,1,18.4,100,0.0,6.5,300,1017.7,89,14.8,18.0,449.0,1.5,101.0,2.8
2026-02-01 03:00:00,2026,2,1,3,Quảng Trị,Xã Phong Nha,17.6475454,106.2729046,59,Moderate,1,18.4,99,0.0,6.4,297,1017.5,54,16.9,20.4,427.0,1.5,98.0,3.1
2026-02-01 04:00:00,2026,2,1,4,Quảng Trị,Xã Phong Nha,17.6475454,106.2729046,58,Moderate,1,18.6,98,0.1,6.9,315,1017.6,35,17.8,21.4,422.0,1.6,95.0,3.5
2026-02-01 05:00:00,2026,2,1,5,Quảng Trị,Xã Phong Nha,17.6475454,106.2729046,59,Moderate,1,18.3,98,0.1,6.2,314,1017.8,38,19.0,22.7,451.0,1.7,91.0,4.1
2026-02-01 06:00:00,2026,2,1,6,Quảng Trị,Xã Phong Nha,17.6475454,106.2729046,59,Moderate,1,18.1,98,0.1,4.5,307,1018.7,100,19.4,23.1,496.0,1.9,88.0,4.7
2026-02-01 07:00:00,2026,2,1,7,Quảng Trị,Xã Phong Nha,17.6475454,106.2729046,60,Moderate,1,19.0,97,0.8,6.9,317,1019.5,39,20.6,24.3,526.0,2.2,87.0,4.1
2026-02-01 08:00:00,2026,2,1,8,Quảng Trị,Xã Phong Nha,17.6475454,106.2729046,61,Moderate,1,19.3,96,0.0,9.5,338,1020.2,53,21.9,25.6,528.0,2.1,89.0,4.4
2026-02-01 09:00:00,2026,2,1,9,Quảng Trị,Xã Phong Nha,17.6475454,106.2729046,61,Moderate,1,20.6,91,0.0,8.5,1,1021.0,49,22.6,26.1,514.0,2.0,93.0,4.8
2026-02-01 10:00:00,2026,2,1,10,Quảng Trị,Xã Phong Nha,17.6475454,106.2729046,62,Moderate,1,22.0,81,0.1,9.5,25,1021.0,45,24.4,27.9,489.0,1.9,97.0,5.0
2026-02-01 11:00:00,2026,2,1,11,Quảng Trị,Xã Phong Nha,17.6475454,106.2729046,64,Moderate,1,22.7,78,0.3,11.0,34,1020.3,44,24.9,28.1,443.0,1.7,103.0,5.0
2026-02-01 12:00:00,2026,2,1,12,Quảng Trị,Xã Phong Nha,17.6475454,106.2729046,65,Moderate,1,23.1,75,0.2,12.9,37,1019.7,41,25.1,28.2,386.0,1.4,111.0,4.8
2026-02-01 13:00:00,2026,2,1,13,Quảng Trị,Xã Phong Nha,17.6475454,106.2729046,66,Moderate,1,23.3,76,0.1,11.9,41,1018.6,46,25.0,28.0,347.0,1.2,117.0,4.7
2026-02-01 14:00:00,2026,2,1,14,Quảng Trị,Xã Phong Nha,17.6475454,106.2729046,66,Moderate,1,23.1,74,0.2,12.4,42,1017.9,70,25.6,28.6,340.0,1.2,121.0,4.7
2026-02-01 15:00:00,2026,2,1,15,Quảng Trị,Xã Phong Nha,17.6475454,106.2729046,67,Moderate,1,22.0,81,0.6,12.8,39,1017.5,44,25.6,28.6,351.0,1.4,124.0,4.8
2026-02-01 16:00:00,2026,2,1,16,Quảng Trị,Xã Phong Nha,17.6475454,106.2729046,68,Moderate,1,21.2,90,1.3,11.9,39,1017.6,44,25.6,28.6,373.0,1.6,126.0,4.7
2026-02-01 17:00:00,2026,2,1,17,Quảng Trị,Xã Phong Nha,17.6475454,106.2729046,68,Moderate,1,20.4,95,1.1,10.3,41,1018.0,100,25.0,27.9,410.0,1.8,126.0,4.3
2026-02-01 18:00:00,2026,2,1,18,Quảng Trị,Xã Phong Nha,17.6475454,106.2729046,68,Moderate,1,19.9,96,0.4,8.8,43,1018.4,89,24.2,27.1,457.0,2.1,125.0,3.8
2026-02-01 19:00:00,2026,2,1,19,Quảng Trị,Xã Phong Nha,17.6475454,106.2729046,69,Moderate,1,19.3,96,0.2,4.0,350,1018.8,42,20.7,23.4,491.0,2.4,105.0,4.2
2026-02-01 20:00:00,2026,2,1,20,Quảng Trị,Xã Phong Nha,17.6475454,106.2729046,70,Moderate,1,19.0,98,0.2,5.3,322,1019.5,100,20.5,23.0,501.0,2.2,105.0,3.7
2026-02-01 21:00:00,2026,2,1,21,Quảng Trị,Xã Phong Nha,17.6475454,106.2729046,68,Moderate,1,19.0,98,0.1,6.5,304,1019.7,100,19.8,22.5,498.0,1.9,104.0,2.9
2026-02-01 22:00:00,2026,2,1,22,Quảng Trị,Xã Phong Nha,17.6475454,106.2729046,69,Moderate,1,18.9,99,0.2,6.9,313,1019.6,100,17.5,20.3,494.0,1.7,104.0,2.3
2026-02-01 23:00:00,2026,2,1,23,Quảng Trị,Xã Phong Nha,17.6475454,106.2729046,69,Moderate,1,18.9,98,0.2,6.3,321,1019.6,100,17.9,21.0,491.0,1.6,103.0,1.9
2026-02-02 00:00:00,2026,2,2,0,Quảng Trị,Xã Phong Nha,17.6475454,106.2729046,69,Moderate,1,18.9,98,0.2,6.3,325,1019.4,100,17.2,20.4,487.0,1.6,102.0,1.6
2026-02-02 01:00:00,2026,2,2,1,Quảng Trị,Xã Phong Nha,17.6475454,106.2729046,69,Moderate,1,18.7,99,0.4,7.4,347,1018.8,100,16.0,19.1,481.0,1.6,102.0,1.5
2026-02-02 02:00:00,2026,2,2,2,Quảng Trị,Xã Phong Nha,17.6475454,106.2729046,70,Moderate,1,18.9,99,0.1,7.0,334,1018.6,100,14.3,17.3,470.0,1.5,102.0,1.5
2026-02-02 03:00:00,2026,2,2,3,Quảng Trị,Xã Phong Nha,17.6475454,106.2729046,69,Moderate,1,18.8,98,0.4,7.8,341,1018.3,99,13.6,16.5,457.0,1.4,103.0,1.6
2026-02-02 04:00:00,2026,2,2,4,Quảng Trị,Xã Phong Nha,17.6475454,106.2729046,69,Moderate,1,18.7,99,0.4,6.5,341,1018.6,100,13.2,16.1,454.0,1.3,104.0,1.8
2026-02-02 05:00:00,2026,2,2,5,Quảng Trị,Xã Phong Nha,17.6475454,106.2729046,69,Moderate,1,18.7,98,0.4,6.1,357,1019.0,100,12.6,15.5,474.0,1.4,104.0,1.9
2026-02-02 06:00:00,2026,2,2,6,Quảng Trị,Xã Phong Nha,17.6475454,106.2729046,68,Moderate,1,18.6,98,0.5,6.0,10,1019.6,100,12.3,15.1,503.0,1.5,104.0,2.1
2026-02-02 07:00:00,2026,2,2,7,Quảng Trị,Xã Phong Nha,17.6475454,106.2729046,68,Moderate,1,18.9,97,0.3,4.1,345,1020.2,100,15.4,18.3,517.0,1.4,105.0,1.9
2026-02-02 08:00:00,2026,2,2,8,Quảng Trị,Xã Phong Nha,17.6475454,106.2729046,67,Moderate,1,19.4,98,0.6,8.8,4,1021.2,100,16.2,19.2,499.0,1.5,103.0,2.0
2026-02-02 09:00:00,2026,2,2,9,Quảng Trị,Xã Phong Nha,17.6475454,106.2729046,67,Moderate,1,19.8,97,0.3,8.8,1,1022.0,100,17.2,20.3,465.0,1.7,101.0,2.2
2026-02-02 10:00:00,2026,2,2,10,Quảng Trị,Xã Phong Nha,17.6475454,106.2729046,66,Moderate,1,20.5,94,0.1,8.9,25,1022.1,86,18.3,21.7,437.0,1.8,101.0,2.3
2026-02-02 11:00:00,2026,2,2,11,Quảng Trị,Xã Phong Nha,17.6475454,106.2729046,66,Moderate,1,22.9,74,0.1,16.6,42,1021.5,92,18.5,21.9,420.0,1.7,105.0,2.4
2026-02-02 12:00:00,2026,2,2,12,Quảng Trị,Xã Phong Nha,17.6475454,106.2729046,65,Moderate,1,22.0,77,0.2,16.0,43,1020.9,100,19.5,22.9,408.0,1.5,111.0,2.4
2026-02-02 13:00:00,2026,2,2,13,Quảng Trị,Xã Phong Nha,17.6475454,106.2729046,65,Moderate,1,20.7,93,0.6,16.1,54,1020.1,100,20.6,24.2,404.0,1.3,117.0,2.6
2026-02-02 14:00:00,2026,2,2,14,Quảng Trị,Xã Phong Nha,17.6475454,106.2729046,64,Moderate,1,20.6,91,0.4,14.2,61,1019.3,100,22.4,26.0,411.0,1.2,123.0,3.0
2026-02-02 15:00:00,2026,2,2,15,Quảng Trị,Xã Phong Nha,17.6475454,106.2729046,64,Moderate,1,21.0,82,0.0,12.3,44,1018.7,100,23.5,27.2,427.0,1.2,129.0,3.5
2026-02-02 16:00:00,2026,2,2,16,Quảng Trị,Xã Phong Nha,17.6475454,106.2729046,64,Moderate,1,20.9,81,0.1,12.9,47,1018.5,100,25.3,28.9,443.0,1.3,135.0,3.9
2026-02-02 17:00:00,2026,2,2,17,Quảng Trị,Xã Phong Nha,17.6475454,106.2729046,64,Moderate,1,20.7,82,0.0,9.8,43,1018.8,100,27.4,31.1,458.0,1.5,141.0,4.3
2026-02-02 18:00:00,2026,2,2,18,Quảng Trị,Xã Phong Nha,17.6475454,106.2729046,71,Moderate,1,20.1,85,0.0,7.5,44,1019.0,100,30.2,34.1,474.0,1.8,146.0,4.7
2026-02-02 19:00:00,2026,2,2,19,Quảng Trị,Xã Phong Nha,17.6475454,106.2729046,81,Moderate,1,20.1,88,0.3,6.2,12,1019.4,100,24.0,27.7,491.0,2.0,130.0,5.3
2026-02-02 20:00:00,2026,2,2,20,Quảng Trị,Xã Phong Nha,17.6475454,106.2729046,86,Moderate,1,19.9,90,0.1,7.4,356,1020.4,100,23.4,27.2,512.0,1.9,128.0,5.1
2026-02-02 21:00:00,2026,2,2,21,Quảng Trị,Xã Phong Nha,17.6475454,106.2729046,90,Moderate,1,19.6,91,0.1,6.6,344,1020.8,100,21.7,25.4,534.0,1.7,126.0,4.7
2026-02-02 22:00:00,2026,2,2,22,Quảng Trị,Xã Phong Nha,17.6475454,106.2729046,92,Moderate,1,19.3,93,0.2,6.6,339,1021.0,100,21.0,24.6,547.0,1.5,123.0,4.5
2026-02-02 23:00:00,2026,2,2,23,Quảng Trị,Xã Phong Nha,17.6475454,106.2729046,92,Moderate,1,19.0,95,0.1,7.6,341,1021.2,100,21.4,25.2,547.0,1.4,120.0,4.5
2026-02-03 00:00:00,2026,2,3,0,Quảng Trị,Xã Phong Nha,17.6475454,106.2729046,90,Moderate,1,18.7,97,0.7,7.9,340,1021.0,100,21.2,25.1,537.0,1.3,117.0,4.6
2026-02-03 01:00:00,2026,2,3,1,Quảng Trị,Xã Phong Nha,17.6475454,106.2729046,86,Moderate,1,18.4,98,0.6,11.1,335,1020.5,100,22.1,26.0,526.0,1.2,115.0,4.8
2026-02-03 02:00:00,2026,2,3,2,Quảng Trị,Xã Phong Nha,17.6475454,106.2729046,80,Moderate,1,18.2,98,0.3,11.5,325,1019.9,100,22.9,26.9,509.0,1.2,114.0,5.0
2026-02-03 03:00:00,2026,2,3,3,Quảng Trị,Xã Phong Nha,17.6475454,106.2729046,74,Moderate,1,18.0,98,0.3,10.3,316,1019.8,100,23.9,27.8,489.0,1.2,113.0,5.2
2026-02-03 04:00:00,2026,2,3,4,Quảng Trị,Xã Phong Nha,17.6475454,106.2729046,70,Moderate,1,17.9,98,0.7,9.6,307,1019.9,100,24.4,28.3,483.0,1.3,112.0,5.3
2026-02-03 05:00:00,2026,2,3,5,Quảng Trị,Xã Phong Nha,17.6475454,106.2729046,69,Moderate,1,17.8,98,0.7,9.8,305,1020.1,100,25.7,29.7,504.0,1.5,110.0,5.3
2026-02-03 06:00:00,2026,2,3,6,Quảng Trị,Xã Phong Nha,17.6475454,106.2729046,70,Moderate,1,17.7,97,0.5,9.4,308,1020.7,100,25.2,29.2,539.0,1.7,108.0,5.2
2026-02-03 07:00:00,2026,2,3,7,Quảng Trị,Xã Phong Nha,17.6475454,106.2729046,72,Moderate,1,17.7,98,0.2,10.1,299,1021.0,100,22.7,26.3,567.0,1.8,109.0,5.2
2026-02-03 08:00:00,2026,2,3,8,Quảng Trị,Xã Phong Nha,17.6475454,106.2729046,72,Moderate,1,17.9,97,0.2,10.5,297,1021.5,100,20.5,23.8,582.0,1.9,108.0,5.3
2026-02-03 09:00:00,2026,2,3,9,Quảng Trị,Xã Phong Nha,17.6475454,106.2729046,73,Moderate,1,18.3,97,0.3,9.6,303,1022.3,100,22.4,25.7,591.0,2.1,108.0,5.4
2026-02-03 10:00:00,2026,2,3,10,Quảng Trị,Xã Phong Nha,17.6475454,106.2729046,73,Moderate,1,19.3,91,0.3,11.8,326,1022.6,100,23.6,27.0,593.0,2.2,109.0,5.5
2026-02-03 11:00:00,2026,2,3,11,Quảng Trị,Xã Phong Nha,17.6475454,106.2729046,74,Moderate,1,19.7,91,0.2,11.8,340,1022.0,100,23.7,27.1,588.0,2.0,113.0,5.4
2026-02-03 12:00:00,2026,2,3,12,Quảng Trị,Xã Phong Nha,17.6475454,106.2729046,74,Moderate,1,20.3,88,0.4,11.6,344,1021.2,100,24.2,27.6,575.0,1.7,118.0,5.3
2026-02-03 13:00:00,2026,2,3,13,Quảng Trị,Xã Phong Nha,17.6475454,106.2729046,74,Moderate,1,21.6,80,0.8,12.2,1,1020.1,100,24.5,28.1,553.0,1.4,123.0,5.2
2026-02-03 14:00:00,2026,2,3,14,Quảng Trị,Xã Phong Nha,17.6475454,106.2729046,75,Moderate,1,20.8,84,0.4,10.8,356,1019.2,100,24.9,28.5,506.0,1.3,127.0,5.1
2026-02-03 15:00:00,2026,2,3,15,Quảng Trị,Xã Phong Nha,17.6475454,106.2729046,75,Moderate,1,20.9,85,0.3,9.7,1,1018.7,100,25.0,28.6,450.0,1.3,130.0,5.0
2026-02-03 16:00:00,2026,2,3,16,Quảng Trị,Xã Phong Nha,17.6475454,106.2729046,75,Moderate,1,20.8,82,0.2,8.5,4,1018.4,100,25.6,29.1,432.0,1.4,132.0,4.9
2026-02-03 17:00:00,2026,2,3,17,Quảng Trị,Xã Phong Nha,17.6475454,106.2729046,75,Moderate,1,20.7,81,0.1,5.1,356,1018.5,100,25.9,29.5,492.0,1.7,131.0,4.9
2026-02-03 18:00:00,2026,2,3,18,Quảng Trị,Xã Phong Nha,17.6475454,106.2729046,76,Moderate,1,20.0,87,0.0,2.7,8,1018.7,100,25.7,29.0,589.0,2.1,129.0,4.9
2026-02-03 19:00:00,2026,2,3,19,Quảng Trị,Xã Phong Nha,17.6475454,106.2729046,80,Moderate,1,20.0,89,0.0,3.3,29,1018.9,98,21.5,24.5,647.0,2.0,119.0,4.5
2026-02-03 20:00:00,2026,2,3,20,Quảng Trị,Xã Phong Nha,17.6475454,106.2729046,81,Moderate,1,19.8,89,0.0,2.7,360,1019.4,100,22.5,25.6,622.0,2.2,116.0,4.4
2026-02-03 21:00:00,2026,2,3,21,Quảng Trị,Xã Phong Nha,17.6475454,106.2729046,81,Moderate,1,19.2,91,0.0,3.1,320,1019.6,96,22.5,25.7,557.0,2.5,111.0,4.2
2026-02-03 22:00:00,2026,2,3,22,Quảng Trị,Xã Phong Nha,17.6475454,106.2729046,78,Moderate,1,18.7,94,0.0,5.4,296,1019.5,100,21.9,24.9,504.0,2.6,108.0,4.0
2026-02-03 23:00:00,2026,2,3,23,Quảng Trị,Xã Phong Nha,17.6475454,106.2729046,74,Moderate,1,18.6,93,0.0,5.4,285,1019.1,100,22.5,25.3,482.0,2.5,108.0,3.7
2026-02-04 00:00:00,2026,2,4,0,Quảng Trị,Xã Phong Nha,17.6475454,106.2729046,75,Moderate,1,18.5,95,0.0,4.8,283,1018.7,100,22.2,24.3,470.0,2.2,110.0,3.3
2026-02-04 01:00:00,2026,2,4,1,Quảng Trị,Xã Phong Nha,17.6475454,106.2729046,75,Moderate,1,18.9,94,0.0,3.9,283,1018.0,100,21.3,23.4,462.0,2.1,110.0,2.9
2026-02-04 02:00:00,2026,2,4,2,Quảng Trị,Xã Phong Nha,17.6475454,106.2729046,75,Moderate,1,19.0,95,0.0,2.9,277,1017.5,100,20.5,22.5,451.0,2.2,107.0,2.6
2026-02-04 03:00:00,2026,2,4,3,Quảng Trị,Xã Phong Nha,17.6475454,106.2729046,74,Moderate,1,18.9,96,0.0,3.4,276,1017.2,92,19.3,21.1,442.0,2.4,102.0,2.4
2026-02-04 04:00:00,2026,2,4,4,Quảng Trị,Xã Phong Nha,17.6475454,106.2729046,74,Moderate,1,18.4,97,0.0,3.1,273,1016.9,100,21.2,23.3,444.0,2.6,98.0,2.3
2026-02-04 05:00:00,2026,2,4,5,Quảng Trị,Xã Phong Nha,17.6475454,106.2729046,74,Moderate,1,18.3,96,0.1,2.3,266,1017.2,100,21.8,23.9,475.0,3.0,95.0,2.4
2026-02-04 06:00:00,2026,2,4,6,Quảng Trị,Xã Phong Nha,17.6475454,106.2729046,73,Moderate,1,18.4,97,0.1,2.9,281,1017.7,42,23.5,25.7,518.0,3.5,92.0,2.5
2026-02-04 07:00:00,2026,2,4,7,Quảng Trị,Xã Phong Nha,17.6475454,106.2729046,73,Moderate,1,18.0,97,0.0,3.8,259,1017.9,53,26.8,29.5,526.0,3.4,98.0,2.5
2026-02-04 08:00:00,2026,2,4,8,Quảng Trị,Xã Phong Nha,17.6475454,106.2729046,74,Moderate,1,19.7,93,0.0,2.3,293,1018.3,70,22.5,24.7,467.0,2.9,100.0,2.1
2026-02-04 09:00:00,2026,2,4,9,Quảng Trị,Xã Phong Nha,17.6475454,106.2729046,74,Moderate,1,21.6,83,0.1,2.8,105,1018.6,61,17.6,20.0,374.0,2.2,104.0,1.6
2026-02-04 10:00:00,2026,2,4,10,Quảng Trị,Xã Phong Nha,17.6475454,106.2729046,73,Moderate,1,23.3,74,0.1,8.3,108,1018.5,100,14.9,17.8,303.0,1.6,106.0,1.2
2026-02-04 11:00:00,2026,2,4,11,Quảng Trị,Xã Phong Nha,17.6475454,106.2729046,73,Moderate,1,24.2,68,0.1,9.2,102,1017.6,94,11.5,14.2,277.0,1.2,107.0,1.0
2026-02-04 12:00:00,2026,2,4,12,Quảng Trị,Xã Phong Nha,17.6475454,106.2729046,71,Moderate,1,25.2,63,0.0,9.8,96,1016.2,99,9.7,12.1,274.0,0.9,107.0,0.9
2026-02-04 13:00:00,2026,2,4,13,Quảng Trị,Xã Phong Nha,17.6475454,106.2729046,70,Moderate,1,25.3,65,0.0,12.2,82,1015.0,100,8.6,10.9,276.0,0.7,106.0,0.8
2026-02-04 14:00:00,2026,2,4,14,Quảng Trị,Xã Phong Nha,17.6475454,106.2729046,69,Moderate,1,24.8,70,0.0,12.0,74,1014.3,48,8.1,10.3,277.0,0.6,106.0,0.8
2026-02-04 15:00:00,2026,2,4,15,Quảng Trị,Xã Phong Nha,17.6475454,106.2729046,67,Moderate,1,25.7,66,0.0,12.1,78,1013.2,63,8.0,10.3,284.0,0.6,105.0,0.7
2026-02-04 16:00:00,2026,2,4,16,Quảng Trị,Xã Phong Nha,17.6475454,106.2729046,66,Moderate,1,23.3,77,0.0,15.8,89,1013.2,92,8.5,10.9,306.0,0.9,103.0,0.8
2026-02-04 17:00:00,2026,2,4,17,Quảng Trị,Xã Phong Nha,17.6475454,106.2729046,64,Moderate,1,22.5,80,0.0,10.3,105,1013.3,60,9.4,12.3,354.0,1.6,99.0,1.0
2026-02-04 18:00:00,2026,2,4,18,Quảng Trị,Xã Phong Nha,17.6475454,106.2729046,63,Moderate,1,21.1,88,0.0,6.1,95,1013.7,54,10.0,12.8,416.0,2.7,94.0,1.2
2026-02-04 19:00:00,2026,2,4,19,Quảng Trị,Xã Phong Nha,17.6475454,106.2729046,61,Moderate,1,20.2,93,0.0,4.4,117,1014.3,85,12.7,15.9,463.0,3.2,91.0,1.2
2026-02-04 20:00:00,2026,2,4,20,Quảng Trị,Xã Phong Nha,17.6475454,106.2729046,61,Moderate,1,19.7,94,0.0,2.9,137,1014.9,27,13.2,16.2,485.0,3.6,87.0,1.1
2026-02-04 21:00:00,2026,2,4,21,Quảng Trị,Xã Phong Nha,17.6475454,106.2729046,60,Moderate,1,19.7,95,0.0,1.9,197,1015.2,45,13.9,17.0,493.0,4.1,82.0,1.1
2026-02-04 22:00:00,2026,2,4,22,Quảng Trị,Xã Phong Nha,17.6475454,106.2729046,59,Moderate,1,19.7,95,0.0,1.5,216,1015.2,42,14.3,17.3,483.0,4.5,78.0,1.0
2026-02-04 23:00:00,2026,2,4,23,Quảng Trị,Xã Phong Nha,17.6475454,106.2729046,58,Moderate,1,19.4,95,0.0,1.2,219,1014.9,35,14.8,17.8,447.0,4.8,76.0,0.9
2026-02-05 00:00:00,2026,2,5,0,Quảng Trị,Xã Phong Nha,17.6475454,106.2729046,58,Moderate,1,18.7,97,0.0,1.8,217,1014.7,75,15.6,18.7,394.0,5.1,75.0,0.9
2026-02-05 01:00:00,2026,2,5,1,Quảng Trị,Xã Phong Nha,17.6475454,106.2729046,57,Moderate,1,19.7,97,0.0,1.3,254,1014.4,99,16.4,19.4,352.0,5.1,75.0,0.8
2026-02-05 02:00:00,2026,2,5,2,Quảng Trị,Xã Phong Nha,17.6475454,106.2729046,57,Moderate,1,19.5,97,0.0,2.0,243,1014.0,99,16.4,19.4,331.0,4.7,74.0,0.8
2026-02-05 03:00:00,2026,2,5,3,Quảng Trị,Xã Phong Nha,17.6475454,106.2729046,56,Moderate,1,19.6,97,0.0,2.1,195,1013.2,100,16.5,19.6,321.0,4.0,74.0,0.7
2026-02-05 04:00:00,2026,2,5,4,Quảng Trị,Xã Phong Nha,17.6475454,106.2729046,56,Moderate,1,19.5,98,0.0,2.9,202,1013.1,100,16.6,19.7,323.0,3.5,74.0,0.7
2026-02-05 05:00:00,2026,2,5,5,Quảng Trị,Xã Phong Nha,17.6475454,106.2729046,56,Moderate,1,19.3,98,0.0,3.3,202,1013.1,100,16.6,19.7,345.0,3.4,73.0,0.7
2026-02-05 06:00:00,2026,2,5,6,Quảng Trị,Xã Phong Nha,17.6475454,106.2729046,55,Moderate,1,19.5,96,0.0,4.2,205,1013.6,95,16.9,20.1,379.0,3.6,72.0,0.7
2026-02-05 07:00:00,2026,2,5,7,Quảng Trị,Xã Phong Nha,17.6475454,106.2729046,55,Moderate,1,19.7,96,0.0,3.3,221,1014.0,100,23.9,28.1,398.0,3.8,76.0,0.7
2026-02-05 08:00:00,2026,2,5,8,Quảng Trị,Xã Phong Nha,17.6475454,106.2729046,54,Moderate,1,20.6,93,0.0,2.7,203,1014.6,98,22.1,25.8,385.0,3.2,83.0,0.8
2026-02-05 09:00:00,2026,2,5,9,Quảng Trị,Xã Phong Nha,17.6475454,106.2729046,54,Moderate,1,22.5,85,0.0,1.1,99,1015.2,95,21.5,24.5,356.0,2.5,93.0,1.0
2026-02-05 10:00:00,2026,2,5,10,Quảng Trị,Xã Phong Nha,17.6475454,106.2729046,55,Moderate,1,24.7,75,0.0,3.4,58,1015.0,45,19.7,22.7,334.0,1.8,103.0,1.2
2026-02-05 11:00:00,2026,2,5,11,Quảng Trị,Xã Phong Nha,17.6475454,106.2729046,55,Moderate,1,26.3,69,0.0,5.7,66,1013.7,3,18.6,22.1,329.0,1.4,112.0,1.3
2026-02-05 12:00:00,2026,2,5,12,Quảng Trị,Xã Phong Nha,17.6475454,106.2729046,56,Moderate,1,27.2,67,0.0,8.9,76,1012.7,0,16.7,20.0,332.0,1.1,120.0,1.4
2026-02-05 13:00:00,2026,2,5,13,Quảng Trị,Xã Phong Nha,17.6475454,106.2729046,56,Moderate,1,27.6,66,0.0,11.4,85,1011.5,5,15.0,18.2,332.0,0.9,125.0,1.4
2026-02-05 14:00:00,2026,2,5,14,Quảng Trị,Xã Phong Nha,17.6475454,106.2729046,57,Moderate,1,26.7,71,0.0,13.6,83,1010.5,2,13.5,16.7,317.0,0.7,126.0,1.2
2026-02-05 15:00:00,2026,2,5,15,Quảng Trị,Xã Phong Nha,17.6475454,106.2729046,57,Moderate,1,25.9,73,0.0,12.1,93,1010.1,0,12.5,15.7,301.0,0.7,124.0,1.0
2026-02-05 16:00:00,2026,2,5,16,Quảng Trị,Xã Phong Nha,17.6475454,106.2729046,58,Moderate,1,25.4,76,0.0,10.5,102,1010.3,0,12.0,15.1,313.0,1.0,120.0,0.9
2026-02-05 17:00:00,2026,2,5,17,Quảng Trị,Xã Phong Nha,17.6475454,106.2729046,63,Moderate,1,24.4,80,0.0,7.4,103,1010.6,0,12.5,15.8,388.0,2.1,112.0,1.1
2026-02-05 18:00:00,2026,2,5,18,Quảng Trị,Xã Phong Nha,17.6475454,106.2729046,67,Moderate,1,22.4,91,0.0,4.8,65,1011.2,10,13.0,16.4,493.0,3.5,101.0,1.3
2026-02-05 19:00:00,2026,2,5,19,Quảng Trị,Xã Phong Nha,17.6475454,106.2729046,66,Moderate,1,21.5,97,0.0,6.0,81,1012.1,19,11.6,14.8,554.0,4.4,95.0,1.4
2026-02-05 20:00:00,2026,2,5,20,Quảng Trị,Xã Phong Nha,17.6475454,106.2729046,63,Moderate,1,21.2,98,0.0,3.4,108,1012.9,8,12.1,15.3,533.0,4.4,92.0,1.4
2026-02-05 21:00:00,2026,2,5,21,Quảng Trị,Xã Phong Nha,17.6475454,106.2729046,58,Moderate,1,20.8,98,0.0,2.1,121,1013.0,22,12.4,15.4,469.0,4.4,87.0,1.4
2026-02-05 22:00:00,2026,2,5,22,Quảng Trị,Xã Phong Nha,17.6475454,106.2729046,58,Moderate,1,20.5,98,0.0,1.2,129,1013.0,77,13.4,16.2,408.0,4.4,84.0,1.3
2026-02-05 23:00:00,2026,2,5,23,Quảng Trị,Xã Phong Nha,17.6475454,106.2729046,58,Moderate,1,20.3,99,0.0,1.3,172,1012.8,88,14.5,17.2,363.0,4.5,82.0,1.1
2026-02-06 00:00:00,2026,2,6,0,Quảng Trị,Xã Phong Nha,17.6475454,106.2729046,58,Moderate,1,19.7,99,0.0,2.4,189,1012.3,5,15.6,18.2,321.0,4.7,82.0,0.8
2026-02-06 01:00:00,2026,2,6,1,Quảng Trị,Xã Phong Nha,17.6475454,106.2729046,58,Moderate,1,20.0,98,0.0,1.9,197,1011.8,20,16.3,18.9,294.0,4.7,81.0,0.6
2026-02-06 02:00:00,2026,2,6,2,Quảng Trị,Xã Phong Nha,17.6475454,106.2729046,58,Moderate,1,19.2,99,0.0,1.1,198,1011.2,1,16.5,19.0,285.0,4.4,80.0,0.5
2026-02-06 03:00:00,2026,2,6,3,Quảng Trị,Xã Phong Nha,17.6475454,106.2729046,58,Moderate,1,18.5,100,0.0,1.5,216,1010.6,70,15.9,18.0,290.0,4.0,78.0,0.4
2026-02-06 04:00:00,2026,2,6,4,Quảng Trị,Xã Phong Nha,17.6475454,106.2729046,58,Moderate,1,17.8,99,0.0,1.7,257,1010.7,68,16.9,18.3,306.0,3.7,77.0,0.4
2026-02-06 05:00:00,2026,2,6,5,Quảng Trị,Xã Phong Nha,17.6475454,106.2729046,58,Moderate,1,18.0,98,0.0,5.2,290,1011.0,100,18.0,19.2,343.0,3.8,74.0,0.4
2026-02-06 06:00:00,2026,2,6,6,Quảng Trị,Xã Phong Nha,17.6475454,106.2729046,58,Moderate,1,19.0,100,0.0,6.6,286,1011.6,100,19.0,20.3,390.0,4.1,72.0,0.5
2026-02-06 07:00:00,2026,2,6,7,Quảng Trị,Xã Phong Nha,17.6475454,106.2729046,58,Moderate,1,18.6,99,0.0,7.3,250,1012.4,100,22.9,24.0,417.0,4.4,71.0,0.3
2026-02-06 08:00:00,2026,2,6,8,Quảng Trị,Xã Phong Nha,17.6475454,106.2729046,58,Moderate,1,19.8,98,0.0,4.7,263,1013.1,100,23.6,24.7,403.0,3.9,80.0,0.5
2026-02-06 09:00:00,2026,2,6,9,Quảng Trị,Xã Phong Nha,17.6475454,106.2729046,58,Moderate,1,21.0,94,0.0,1.9,299,1013.8,100,23.0,24.2,367.0,3.2,94.0,0.8
2026-02-06 10:00:00,2026,2,6,10,Quảng Trị,Xã Phong Nha,17.6475454,106.2729046,59,Moderate,1,22.4,87,0.0,1.8,11,1013.8,100,20.4,21.8,340.0,2.6,106.0,1.1
2026-02-06 11:00:00,2026,2,6,11,Quảng Trị,Xã Phong Nha,17.6475454,106.2729046,59,Moderate,1,25.0,77,0.0,4.2,59,1013.0,67,18.2,19.6,334.0,2.0,117.0,1.2
2026-02-06 12:00:00,2026,2,6,12,Quảng Trị,Xã Phong Nha,17.6475454,106.2729046,59,Moderate,1,27.0,70,0.0,6.2,60,1011.7,44,17.6,19.2,336.0,1.5,127.0,1.3
2026-02-06 13:00:00,2026,2,6,13,Quảng Trị,Xã Phong Nha,17.6475454,106.2729046,59,Moderate,1,27.9,68,0.0,10.0,64,1010.6,65,16.7,18.6,335.0,1.2,133.0,1.3
2026-02-06 14:00:00,2026,2,6,14,Quảng Trị,Xã Phong Nha,17.6475454,106.2729046,59,Moderate,1,26.9,72,0.0,14.2,63,1009.8,34,16.1,18.9,321.0,1.1,134.0,1.3
2026-02-06 15:00:00,2026,2,6,15,Quảng Trị,Xã Phong Nha,17.6475454,106.2729046,59,Moderate,1,25.9,75,0.0,14.7,67,1009.8,43,14.6,17.3,303.0,1.1,131.0,1.2
2026-02-06 16:00:00,2026,2,6,16,Quảng Trị,Xã Phong Nha,17.6475454,106.2729046,63,Moderate,1,25.2,76,0.0,13.7,80,1010.2,63,13.6,16.4,300.0,1.3,126.0,1.1
2026-02-06 17:00:00,2026,2,6,17,Quảng Trị,Xã Phong Nha,17.6475454,106.2729046,72,Moderate,1,24.2,78,0.0,12.3,87,1010.5,29,12.6,15.6,324.0,1.8,118.0,1.1
2026-02-06 18:00:00,2026,2,6,18,Quảng Trị,Xã Phong Nha,17.6475454,106.2729046,78,Moderate,1,22.5,88,0.0,8.2,82,1011.1,41,11.8,15.0,361.0,2.5,107.0,1.2
2026-02-06 19:00:00,2026,2,6,19,Quảng Trị,Xã Phong Nha,17.6475454,106.2729046,78,Moderate,1,22.0,95,0.0,9.4,91,1011.9,48,15.1,18.5,392.0,3.2,95.0,1.2
2026-02-06 20:00:00,2026,2,6,20,Quảng Trị,Xã Phong Nha,17.6475454,106.2729046,73,Moderate,1,21.8,97,0.0,6.1,92,1012.8,55,15.1,18.6,414.0,3.3,92.0,1.2
2026-02-06 21:00:00,2026,2,6,21,Quảng Trị,Xã Phong Nha,17.6475454,106.2729046,66,Moderate,1,21.7,98,0.0,5.6,84,1013.3,86,14.6,18.0,429.0,3.4,89.0,1.1
2026-02-06 22:00:00,2026,2,6,22,Quảng Trị,Xã Phong Nha,17.6475454,106.2729046,60,Moderate,1,21.8,98,0.0,5.3,80,1013.3,87,13.9,17.2,423.0,3.4,86.0,1.1
2026-02-06 23:00:00,2026,2,6,23,Quảng Trị,Xã Phong Nha,17.6475454,106.2729046,60,Moderate,1,21.6,99,0.0,4.7,62,1013.2,98,14.1,17.3,380.0,3.2,85.0,1.1
2026-02-07 00:00:00,2026,2,7,0,Quảng Trị,Xã Phong Nha,17.6475454,106.2729046,60,Moderate,1,21.6,98,0.0,5.8,68,1013.0,100,13.3,16.6,316.0,2.9,85.0,1.0
2026-02-07 01:00:00,2026,2,7,1,Quảng Trị,Xã Phong Nha,17.6475454,106.2729046,60,Moderate,1,21.9,99,0.0,6.0,83,1012.5,96,13.0,16.2,264.0,2.6,84.0,1.0
2026-02-07 02:00:00,2026,2,7,2,Quảng Trị,Xã Phong Nha,17.6475454,106.2729046,60,Moderate,1,21.8,99,0.1,5.9,79,1012.5,100,12.6,15.8,234.0,2.4,82.0,0.9
2026-02-07 03:00:00,2026,2,7,3,Quảng Trị,Xã Phong Nha,17.6475454,106.2729046,59,Moderate,1,21.5,100,0.1,4.4,71,1012.3,100,12.6,15.8,216.0,2.3,81.0,0.8
2026-02-07 04:00:00,2026,2,7,4,Quảng Trị,Xã Phong Nha,17.6475454,106.2729046,59,Moderate,1,21.4,99,0.1,3.1,69,1012.4,100,12.5,15.8,213.0,2.2,79.0,0.7
2026-02-07 05:00:00,2026,2,7,5,Quảng Trị,Xã Phong Nha,17.6475454,106.2729046,59,Moderate,1,21.5,99,0.2,5.0,71,1012.8,100,12.1,15.3,236.0,2.2,78.0,0.7
2026-02-07 06:00:00,2026,2,7,6,Quảng Trị,Xã Phong Nha,17.6475454,106.2729046,58,Moderate,1,21.4,100,0.1,6.3,63,1013.5,98,11.9,14.9,274.0,2.3,77.0,0.7
2026-02-07 07:00:00,2026,2,7,7,Quảng Trị,Xã Phong Nha,17.6475454,106.2729046,57,Moderate,1,21.6,99,0.1,7.3,80,1014.4,100,12.7,15.7,296.0,2.4,77.0,0.6
2026-02-07 08:00:00,2026,2,7,8,Quảng Trị,Xã Phong Nha,17.6475454,106.2729046,57,Moderate,1,22.1,96,0.2,9.7,88,1015.3,86,11.4,14.3,283.0,2.1,81.0,0.7
2026-02-07 09:00:00,2026,2,7,9,Quảng Trị,Xã Phong Nha,17.6475454,106.2729046,55,Moderate,1,22.9,89,0.1,12.2,98,1015.9,55,9.8,12.8,254.0,1.6,87.0,0.8
2026-02-07 10:00:00,2026,2,7,10,Quảng Trị,Xã Phong Nha,17.6475454,106.2729046,54,Moderate,1,24.6,77,0.1,13.9,96,1015.9,56,8.8,11.9,232.0,1.2,92.0,0.9
2026-02-07 11:00:00,2026,2,7,11,Quảng Trị,Xã Phong Nha,17.6475454,106.2729046,53,Moderate,1,25.6,71,0.1,14.2,89,1015.1,48,8.7,11.8,229.0,1.0,95.0,0.9
2026-02-07 12:00:00,2026,2,7,12,Quảng Trị,Xã Phong Nha,17.6475454,106.2729046,52,Moderate,1,26.3,67,0.0,13.0,80,1014.2,42,8.8,12.0,233.0,0.8,98.0,0.8
2026-02-07 13:00:00,2026,2,7,13,Quảng Trị,Xã Phong Nha,17.6475454,106.2729046,52,Moderate,1,26.3,68,0.0,14.8,80,1013.4,64,8.8,12.0,234.0,0.7,98.0,0.8
2026-02-07 14:00:00,2026,2,7,14,Quảng Trị,Xã Phong Nha,17.6475454,106.2729046,51,Moderate,1,26.1,67,0.0,14.8,77,1012.6,96,8.6,11.8,224.0,0.7,96.0,0.8
2026-02-07 15:00:00,2026,2,7,15,Quảng Trị,Xã Phong Nha,17.6475454,106.2729046,50,Good,0,25.2,69,0.0,14.9,79,1012.3,37,8.9,12.4,210.0,0.7,91.0,0.7
2026-02-07 16:00:00,2026,2,7,16,Quảng Trị,Xã Phong Nha,17.6475454,106.2729046,50,Good,0,24.8,71,0.0,14.1,85,1012.2,87,8.3,11.6,208.0,0.9,87.0,0.7
2026-02-07 17:00:00,2026,2,7,17,Quảng Trị,Xã Phong Nha,17.6475454,106.2729046,49,Good,0,23.6,77,0.0,13.0,86,1012.7,36,7.8,11.1,224.0,1.3,84.0,0.8
2026-02-07 18:00:00,2026,2,7,18,Quảng Trị,Xã Phong Nha,17.6475454,106.2729046,48,Good,0,22.1,86,0.0,6.5,92,1013.1,44,7.8,10.9,252.0,1.9,81.0,0.9
2026-02-07 19:00:00,2026,2,7,19,Quảng Trị,Xã Phong Nha,17.6475454,106.2729046,47,Good,0,21.9,92,0.0,7.9,94,1013.4,74,9.4,13.1,283.0,2.7,76.0,1.1
2026-02-07 20:00:00,2026,2,7,20,Quảng Trị,Xã Phong Nha,17.6475454,106.2729046,46,Good,0,21.0,97,0.0,3.9,103,1014.3,24,9.7,13.1,326.0,3.2,73.0,1.1
2026-02-07 21:00:00,2026,2,7,21,Quảng Trị,Xã Phong Nha,17.6475454,106.2729046,45,Good,0,20.6,98,0.0,3.6,96,1014.8,54,10.2,13.5,372.0,3.8,69.0,1.1
2026-02-07 22:00:00,2026,2,7,22,Quảng Trị,Xã Phong Nha,17.6475454,106.2729046,44,Good,0,20.5,99,0.1,3.8,71,1015.0,59,10.7,14.1,391.0,4.1,66.0,1.1
2026-02-07 23:00:00,2026,2,7,23,Quảng Trị,Xã Phong Nha,17.6475454,106.2729046,44,Good,0,20.7,99,0.0,4.4,63,1015.0,94,10.6,14.0,362.0,3.7,66.0,1.0
2026-02-08 00:00:00,2026,2,8,0,Quảng Trị,Xã Phong Nha,17.6475454,106.2729046,43,Good,0,21.4,98,0.1,7.9,77,1015.1,70,10.1,13.5,306.0,3.0,68.0,0.8
2026-02-08 01:00:00,2026,2,8,1,Quảng Trị,Xã Phong Nha,17.6475454,106.2729046,43,Good,0,21.2,98,0.1,9.6,95,1014.6,66,9.1,12.5,257.0,2.4,71.0,0.7
2026-02-08 02:00:00,2026,2,8,2,Quảng Trị,Xã Phong Nha,17.6475454,106.2729046,42,Good,0,21.2,96,0.2,12.8,94,1014.2,89,8.3,11.6,222.0,1.9,76.0,0.8
2026-02-08 03:00:00,2026,2,8,3,Quảng Trị,Xã Phong Nha,17.6475454,106.2729046,41,Good,0,20.8,97,0.1,12.1,101,1014.1,38,8.4,11.8,193.0,1.5,81.0,1.0
2026-02-08 04:00:00,2026,2,8,4,Quảng Trị,Xã Phong Nha,17.6475454,106.2729046,41,Good,0,20.3,97,0.0,7.8,94,1014.5,75,8.2,11.5,180.0,1.3,86.0,1.1
2026-02-08 05:00:00,2026,2,8,5,Quảng Trị,Xã Phong Nha,17.6475454,106.2729046,40,Good,0,20.0,97,0.1,8.9,82,1015.2,100,8.8,12.2,194.0,1.4,89.0,1.1
2026-02-08 06:00:00,2026,2,8,6,Quảng Trị,Xã Phong Nha,17.6475454,106.2729046,39,Good,0,20.1,97,0.1,8.8,90,1015.9,87,9.8,13.4,224.0,1.7,91.0,1.1
2026-02-08 07:00:00,2026,2,8,7,Quảng Trị,Xã Phong Nha,17.6475454,106.2729046,39,Good,0,20.2,98,0.2,6.5,82,1016.3,78,13.0,17.0,247.0,1.5,97.0,1.1
2026-02-08 08:00:00,2026,2,8,8,Quảng Trị,Xã Phong Nha,17.6475454,106.2729046,39,Good,0,21.5,95,0.1,11.9,100,1017.0,95,13.8,18.0,250.0,1.4,99.0,1.0
2026-02-08 09:00:00,2026,2,8,9,Quảng Trị,Xã Phong Nha,17.6475454,106.2729046,40,Good,0,21.8,88,0.3,13.3,91,1018.2,89,14.3,18.5,245.0,1.3,101.0,0.9
2026-02-08 10:00:00,2026,2,8,10,Quảng Trị,Xã Phong Nha,17.6475454,106.2729046,42,Good,0,23.3,83,0.2,15.5,93,1018.8,98,14.6,18.7,245.0,1.1,103.0,0.8
2026-02-08 11:00:00,2026,2,8,11,Quảng Trị,Xã Phong Nha,17.6475454,106.2729046,43,Good,0,22.6,85,1.4,17.1,98,1018.5,95,14.2,18.3,255.0,0.9,104.0,0.7
2026-02-08 12:00:00,2026,2,8,12,Quảng Trị,Xã Phong Nha,17.6475454,106.2729046,45,Good,0,23.8,78,0.2,19.1,86,1017.8,99,13.2,17.1,270.0,0.7,104.0,0.6
2026-02-08 13:00:00,2026,2,8,13,Quảng Trị,Xã Phong Nha,17.6475454,106.2729046,46,Good,0,23.8,79,1.3,21.6,98,1016.5,97,12.9,16.8,285.0,0.6,105.0,0.6
2026-02-08 14:00:00,2026,2,8,14,Quảng Trị,Xã Phong Nha,17.6475454,106.2729046,47,Good,0,24.8,70,0.0,21.3,95,1015.8,94,13.7,17.9,299.0,0.6,108.0,0.7
2026-02-08 15:00:00,2026,2,8,15,Quảng Trị,Xã Phong Nha,17.6475454,106.2729046,48,Good,0,23.9,73,0.2,22.9,98,1015.4,93,14.1,18.2,313.0,0.7,113.0,1.0
2026-02-08 16:00:00,2026,2,8,16,Quảng Trị,Xã Phong Nha,17.6475454,106.2729046,49,Good,0,22.8,77,0.1,21.1,98,1015.9,99,14.3,18.1,329.0,0.9,116.0,1.3
2026-02-08 17:00:00,2026,2,8,17,Quảng Trị,Xã Phong Nha,17.6475454,106.2729046,50,Good,0,22.6,79,0.1,15.3,89,1016.5,100,15.5,19.4,350.0,1.2,118.0,1.7
2026-02-08 18:00:00,2026,2,8,18,Quảng Trị,Xã Phong Nha,17.6475454,106.2729046,52,Moderate,1,22.1,79,0.0,13.9,92,1017.1,100,16.5,20.6,372.0,1.5,118.0,2.2
2026-02-08 19:00:00,2026,2,8,19,Quảng Trị,Xã Phong Nha,17.6475454,106.2729046,55,Moderate,1,20.9,93,0.1,10.8,90,1017.2,100,15.6,20.2,385.0,1.7,101.0,1.1
2026-02-08 20:00:00,2026,2,8,20,Quảng Trị,Xã Phong Nha,17.6475454,106.2729046,54,Moderate,1,20.4,90,0.2,11.9,67,1018.2,100,14.8,19.2,370.0,1.4,104.0,0.8
2026-02-08 21:00:00,2026,2,8,21,Quảng Trị,Xã Phong Nha,17.6475454,106.2729046,54,Moderate,1,19.4,97,0.7,9.3,56,1019.0,100,14.4,18.8,345.0,1.1,107.0,0.7
2026-02-08 22:00:00,2026,2,8,22,Quảng Trị,Xã Phong Nha,17.6475454,106.2729046,55,Moderate,1,19.6,98,0.7,9.3,50,1018.7,100,12.9,17.1,360.0,2.0,103.0,1.9
2026-02-08 23:00:00,2026,2,8,23,Quảng Trị,Xã Phong Nha,17.6475454,106.2729046,54,Moderate,1,19.5,96,0.5,7.3,59,1018.7,100,12.2,15.4,457.0,5.1,87.0,5.9
2026-02-09 00:00:00,2026,2,9,0,Quảng Trị,Xã Phong Nha,17.6475454,106.2729046,51,Moderate,1,19.5,98,0.6,5.4,6,1018.1,100,11.6,13.7,594.0,9.4,64.0,11.3
2026-02-09 01:00:00,2026,2,9,1,Quảng Trị,Xã Phong Nha,17.6475454,106.2729046,51,Moderate,1,18.6,100,2.1,12.2,313,1017.9,100,11.0,11.9,688.0,12.7,46.0,15.5
2026-02-09 02:00:00,2026,2,9,2,Quảng Trị,Xã Phong Nha,17.6475454,106.2729046,52,Moderate,1,16.0,97,3.1,17.6,299,1017.6,100,11.2,11.3,696.0,14.1,36.0,17.4
2026-02-09 03:00:00,2026,2,9,3,Quảng Trị,Xã Phong Nha,17.6475454,106.2729046,52,Moderate,1,15.5,99,0.9,13.8,301,1017.3,100,11.0,11.1,663.0,14.6,30.0,18.1
2026-02-09 04:00:00,2026,2,9,4,Quảng Trị,Xã Phong Nha,17.6475454,106.2729046,52,Moderate,1,15.8,97,0.4,9.6,308,1017.1,100,10.6,10.7,636.0,14.6,27.0,18.4
2026-02-09 05:00:00,2026,2,9,5,Quảng Trị,Xã Phong Nha,17.6475454,106.2729046,52,Moderate,1,16.1,96,0.2,8.1,299,1017.3,100,9.5,9.6,637.0,14.4,27.0,18.3
2026-02-09 06:00:00,2026,2,9,6,Quảng Trị,Xã Phong Nha,17.6475454,106.2729046,52,Moderate,1,15.3,97,0.2,15.0,293,1017.9,100,9.3,9.3,645.0,13.8,30.0,17.8
2026-02-09 07:00:00,2026,2,9,7,Quảng Trị,Xã Phong Nha,17.6475454,106.2729046,52,Moderate,1,15.8,93,0.2,9.3,289,1018.7,100,8.9,9.0,647.0,12.0,39.0,16.5
2026-02-09 08:00:00,2026,2,9,8,Quảng Trị,Xã Phong Nha,17.6475454,106.2729046,52,Moderate,1,15.8,96,0.2,10.8,285,1019.6,100,8.9,9.1,636.0,11.5,43.0,15.9
2026-02-09 09:00:00,2026,2,9,9,Quảng Trị,Xã Phong Nha,17.6475454,106.2729046,52,Moderate,1,16.2,91,0.1,12.1,297,1020.1,100,9.0,9.5,619.0,10.7,50.0,15.1
2026-02-09 10:00:00,2026,2,9,10,Quảng Trị,Xã Phong Nha,17.6475454,106.2729046,51,Moderate,1,16.6,88,0.1,13.4,305,1020.0,100,10.0,10.5,603.0,9.9,57.0,14.1
2026-02-09 11:00:00,2026,2,9,11,Quảng Trị,Xã Phong Nha,17.6475454,106.2729046,51,Moderate,1,18.5,79,0.0,14.0,315,1019.1,100,11.0,11.5,592.0,9.0,66.0,12.9
2026-02-09 12:00:00,2026,2,9,12,Quảng Trị,Xã Phong Nha,17.6475454,106.2729046,50,Good,0,18.9,77,0.0,12.3,307,1017.9,100,12.6,13.2,582.0,8.1,77.0,11.6
2026-02-09 13:00:00,2026,2,9,13,Quảng Trị,Xã Phong Nha,17.6475454,106.2729046,50,Good,0,20.0,73,0.0,10.7,312,1016.8,100,13.8,14.3,574.0,7.4,86.0,10.4
2026-02-09 14:00:00,2026,2,9,14,Quảng Trị,Xã Phong Nha,17.6475454,106.2729046,50,Good,0,20.2,73,0.0,11.7,323,1015.7,100,14.6,15.1,567.0,7.0,93.0,9.1
2026-02-09 15:00:00,2026,2,9,15,Quảng Trị,Xã Phong Nha,17.6475454,106.2729046,50,Good,0,20.7,72,0.0,10.1,336,1015.2,100,15.4,15.9,562.0,6.7,99.0,7.9
2026-02-09 16:00:00,2026,2,9,16,Quảng Trị,Xã Phong Nha,17.6475454,106.2729046,51,Moderate,1,21.2,71,0.0,9.2,348,1014.8,100,16.4,17.1,561.0,6.8,101.0,7.2
2026-02-09 17:00:00,2026,2,9,17,Quảng Trị,Xã Phong Nha,17.6475454,106.2729046,51,Moderate,1,20.6,73,0.0,10.4,346,1015.2,100,19.2,20.1,568.0,7.4,99.0,7.3
2026-02-09 18:00:00,2026,2,9,18,Quảng Trị,Xã Phong Nha,17.6475454,106.2729046,51,Moderate,1,19.4,78,0.0,10.4,345,1015.9,100,20.1,21.1,580.0,8.4,94.0,7.9
2026-02-09 19:00:00,2026,2,9,19,Quảng Trị,Xã Phong Nha,17.6475454,106.2729046,51,Moderate,1,18.9,83,0.0,7.6,341,1016.0,100,25.0,28.2,590.0,4.9,117.0,5.5
2026-02-09 20:00:00,2026,2,9,20,Quảng Trị,Xã Phong Nha,17.6475454,106.2729046,52,Moderate,1,18.7,83,0.0,5.0,322,1017.2,100,25.7,28.8,597.0,4.8,114.0,5.3
2026-02-09 21:00:00,2026,2,9,21,Quảng Trị,Xã Phong Nha,17.6475454,106.2729046,53,Moderate,1,18.5,85,0.0,3.6,311,1017.3,61,26.1,29.3,602.0,4.6,110.0,5.0
2026-02-09 22:00:00,2026,2,9,22,Quảng Trị,Xã Phong Nha,17.6475454,106.2729046,54,Moderate,1,17.1,92,0.0,4.1,322,1017.0,90,25.4,28.6,600.0,4.4,105.0,4.7
2026-02-09 23:00:00,2026,2,9,23,Quảng Trị,Xã Phong Nha,17.6475454,106.2729046,55,Moderate,1,17.9,88,0.0,5.2,316,1016.9,100,25.0,28.3,588.0,4.2,101.0,4.4
2026-02-10 00:00:00,2026,2,10,0,Quảng Trị,Xã Phong Nha,17.6475454,106.2729046,56,Moderate,1,17.6,89,0.0,5.5,297,1016.4,100,24.4,27.8,569.0,4.1,96.0,4.2
2026-02-10 01:00:00,2026,2,10,1,Quảng Trị,Xã Phong Nha,17.6475454,106.2729046,58,Moderate,1,17.5,91,0.0,5.2,295,1015.9,99,23.8,27.2,552.0,4.0,92.0,4.0
2026-02-10 02:00:00,2026,2,10,2,Quảng Trị,Xã Phong Nha,17.6475454,106.2729046,59,Moderate,1,17.9,89,0.0,4.6,281,1015.6,100,23.6,26.8,538.0,3.9,89.0,3.9
2026-02-10 03:00:00,2026,2,10,3,Quảng Trị,Xã Phong Nha,17.6475454,106.2729046,60,Moderate,1,17.9,89,0.0,4.1,283,1014.9,100,23.3,26.6,525.0,3.8,86.0,3.8
2026-02-10 04:00:00,2026,2,10,4,Quảng Trị,Xã Phong Nha,17.6475454,106.2729046,61,Moderate,1,18.0,88,0.0,4.7,298,1014.9,100,24.1,27.4,522.0,3.9,83.0,3.8
2026-02-10 05:00:00,2026,2,10,5,Quảng Trị,Xã Phong Nha,17.6475454,106.2729046,62,Moderate,1,18.1,88,0.0,4.7,302,1015.5,100,24.7,27.9,538.0,4.2,79.0,4.0
2026-02-10 06:00:00,2026,2,10,6,Quảng Trị,Xã Phong Nha,17.6475454,106.2729046,64,Moderate,1,18.1,89,0.0,5.0,296,1016.1,100,25.0,28.2,563.0,4.7,75.0,4.3
2026-02-10 07:00:00,2026,2,10,7,Quảng Trị,Xã Phong Nha,17.6475454,106.2729046,65,Moderate,1,18.5,89,0.0,5.1,293,1016.7,100,26.7,29.8,572.0,5.2,75.0,4.4
2026-02-10 08:00:00,2026,2,10,8,Quảng Trị,Xã Phong Nha,17.6475454,106.2729046,66,Moderate,1,19.0,88,0.0,5.5,297,1017.6,100,25.9,29.3,557.0,4.4,82.0,4.0
2026-02-10 09:00:00,2026,2,10,9,Quảng Trị,Xã Phong Nha,17.6475454,106.2729046,68,Moderate,1,19.7,87,0.0,6.6,313,1018.1,100,23.5,26.7,526.0,3.3,91.0,3.4
2026-02-10 10:00:00,2026,2,10,10,Quảng Trị,Xã Phong Nha,17.6475454,106.2729046,69,Moderate,1,21.2,83,0.0,5.2,346,1018.0,100,21.8,25.5,485.0,2.4,100.0,2.8
2026-02-10 11:00:00,2026,2,10,11,Quảng Trị,Xã Phong Nha,17.6475454,106.2729046,70,Moderate,1,22.6,79,0.0,5.0,38,1017.5,100,20.1,24.0,425.0,1.8,108.0,2.3
2026-02-10 12:00:00,2026,2,10,12,Quảng Trị,Xã Phong Nha,17.6475454,106.2729046,71,Moderate,1,23.9,73,0.1,9.8,70,1016.4,92,19.4,23.5,355.0,1.3,114.0,1.9
2026-02-10 13:00:00,2026,2,10,13,Quảng Trị,Xã Phong Nha,17.6475454,106.2729046,72,Moderate,1,25.1,66,0.1,11.6,78,1015.1,98,19.6,23.8,303.0,1.0,119.0,1.6
2026-02-10 14:00:00,2026,2,10,14,Quảng Trị,Xã Phong Nha,17.6475454,106.2729046,72,Moderate,1,25.1,66,0.1,12.3,80,1014.1,98,19.6,24.2,278.0,0.9,121.0,1.5
2026-02-10 15:00:00,2026,2,10,15,Quảng Trị,Xã Phong Nha,17.6475454,106.2729046,73,Moderate,1,24.3,70,0.0,12.5,79,1013.7,100,19.2,23.9,271.0,0.9,121.0,1.5
2026-02-10 16:00:00,2026,2,10,16,Quảng Trị,Xã Phong Nha,17.6475454,106.2729046,73,Moderate,1,23.7,72,0.0,11.8,82,1013.9,93,18.3,23.1,287.0,1.1,118.0,1.5
2026-02-10 17:00:00,2026,2,10,17,Quảng Trị,Xã Phong Nha,17.6475454,106.2729046,73,Moderate,1,22.7,76,0.0,10.4,82,1014.3,86,17.1,21.8,339.0,1.7,111.0,1.5
2026-02-10 18:00:00,2026,2,10,18,Quảng Trị,Xã Phong Nha,17.6475454,106.2729046,73,Moderate,1,21.0,89,0.0,6.0,73,1015.0,95,15.9,20.3,413.0,2.4,102.0,1.5
2026-02-10 19:00:00,2026,2,10,19,Quảng Trị,Xã Phong Nha,17.6475454,106.2729046,73,Moderate,1,20.5,97,0.0,4.9,86,1015.5,73,12.0,15.8,471.0,2.8,86.0,1.1
2026-02-10 20:00:00,2026,2,10,20,Quảng Trị,Xã Phong Nha,17.6475454,106.2729046,71,Moderate,1,19.8,98,0.0,3.5,102,1016.3,50,11.8,15.4,501.0,3.3,82.0,1.1
2026-02-10 21:00:00,2026,2,10,21,Quảng Trị,Xã Phong Nha,17.6475454,106.2729046,70,Moderate,1,19.8,98,0.0,2.3,61,1016.8,50,11.8,15.3,515.0,3.9,77.0,1.2
2026-02-10 22:00:00,2026,2,10,22,Quảng Trị,Xã Phong Nha,17.6475454,106.2729046,69,Moderate,1,19.9,99,0.1,2.6,34,1017.1,88,12.1,15.4,515.0,4.3,74.0,1.2
2026-02-10 23:00:00,2026,2,10,23,Quảng Trị,Xã Phong Nha,17.6475454,106.2729046,68,Moderate,1,20.0,99,0.0,0.7,360,1016.9,42,12.4,15.9,497.0,4.3,74.0,1.2
2026-02-11 00:00:00,2026,2,11,0,Quảng Trị,Xã Phong Nha,17.6475454,106.2729046,67,Moderate,1,19.3,100,0.0,0.9,307,1016.9,100,12.6,16.2,464.0,4.1,75.0,1.2
2026-02-11 01:00:00,2026,2,11,1,Quảng Trị,Xã Phong Nha,17.6475454,106.2729046,66,Moderate,1,20.0,100,0.0,2.6,12,1017.0,100,12.2,16.0,429.0,3.9,76.0,1.2
2026-02-11 02:00:00,2026,2,11,2,Quảng Trị,Xã Phong Nha,17.6475454,106.2729046,65,Moderate,1,20.3,100,0.0,4.8,20,1016.9,99,11.8,15.8,389.0,3.6,77.0,1.2
2026-02-11 03:00:00,2026,2,11,3,Quảng Trị,Xã Phong Nha,17.6475454,106.2729046,64,Moderate,1,20.2,100,0.0,3.1,36,1016.7,99,11.6,15.8,347.0,3.2,77.0,1.1
2026-02-11 04:00:00,2026,2,11,4,Quảng Trị,Xã Phong Nha,17.6475454,106.2729046,63,Moderate,1,19.7,100,0.0,2.5,30,1016.7,100,11.6,15.7,318.0,3.0,77.0,1.1
2026-02-11 05:00:00,2026,2,11,5,Quảng Trị,Xã Phong Nha,17.6475454,106.2729046,61,Moderate,1,20.0,99,0.0,2.5,352,1017.0,100,11.9,16.1,320.0,3.3,75.0,1.1
2026-02-11 06:00:00,2026,2,11,6,Quảng Trị,Xã Phong Nha,17.6475454,106.2729046,60,Moderate,1,19.8,100,0.0,2.6,326,1017.7,100,12.3,16.7,336.0,3.8,73.0,1.2
2026-02-11 07:00:00,2026,2,11,7,Quảng Trị,Xã Phong Nha,17.6475454,106.2729046,59,Moderate,1,20.0,99,0.0,5.1,321,1018.6,100,12.3,16.8,334.0,3.1,78.0,1.2
2026-02-11 08:00:00,2026,2,11,8,Quảng Trị,Xã Phong Nha,17.6475454,106.2729046,58,Moderate,1,21.0,96,0.0,4.0,3,1019.1,80,11.7,16.0,293.0,2.6,83.0,1.2
2026-02-11 09:00:00,2026,2,11,9,Quảng Trị,Xã Phong Nha,17.6475454,106.2729046,57,Moderate,1,22.8,87,0.1,8.3,72,1019.8,58,11.9,16.8,234.0,1.8,89.0,1.2
2026-02-11 10:00:00,2026,2,11,10,Quảng Trị,Xã Phong Nha,17.6475454,106.2729046,56,Moderate,1,24.6,74,0.0,11.0,79,1020.1,43,11.8,16.7,190.0,1.2,94.0,1.2
2026-02-11 11:00:00,2026,2,11,11,Quảng Trị,Xã Phong Nha,17.6475454,106.2729046,55,Moderate,1,25.7,65,0.0,10.8,75,1019.2,48,11.4,16.1,175.0,0.9,97.0,1.1
2026-02-11 12:00:00,2026,2,11,12,Quảng Trị,Xã Phong Nha,17.6475454,106.2729046,54,Moderate,1,25.8,64,0.0,13.8,73,1017.8,95,11.3,16.0,174.0,0.7,99.0,0.9
2026-02-11 13:00:00,2026,2,11,13,Quảng Trị,Xã Phong Nha,17.6475454,106.2729046,53,Moderate,1,25.0,69,0.0,14.2,74,1017.3,54,11.3,16.1,175.0,0.6,100.0,0.8
2026-02-11 14:00:00,2026,2,11,14,Quảng Trị,Xã Phong Nha,17.6475454,106.2729046,52,Moderate,1,25.1,69,0.0,14.3,73,1016.4,59,11.2,15.9,170.0,0.5,99.0,0.7
2026-02-11 15:00:00,2026,2,11,15,Quảng Trị,Xã Phong Nha,17.6475454,106.2729046,52,Moderate,1,24.7,71,0.0,13.8,74,1015.8,72,11.1,15.7,168.0,0.6,98.0,0.7
2026-02-11 16:00:00,2026,2,11,16,Quảng Trị,Xã Phong Nha,17.6475454,106.2729046,51,Moderate,1,24.3,72,0.0,13.7,79,1015.6,100,10.8,15.3,175.0,0.8,95.0,0.7
2026-02-11 17:00:00,2026,2,11,17,Quảng Trị,Xã Phong Nha,17.6475454,106.2729046,50,Good,0,23.0,80,0.0,12.0,82,1015.5,43,10.5,15.0,200.0,1.4,91.0,0.8
2026-02-11 18:00:00,2026,2,11,18,Quảng Trị,Xã Phong Nha,17.6475454,106.2729046,50,Good,0,21.8,87,0.0,7.2,78,1015.9,61,10.4,14.7,235.0,2.2,86.0,1.0
2026-02-11 19:00:00,2026,2,11,19,Quảng Trị,Xã Phong Nha,17.6475454,106.2729046,49,Good,0,21.2,93,0.0,5.1,80,1016.0,88,10.4,14.3,267.0,3.2,80.0,1.2
2026-02-11 20:00:00,2026,2,11,20,Quảng Trị,Xã Phong Nha,17.6475454,106.2729046,48,Good,0,20.6,97,0.1,4.3,75,1016.6,84,10.8,14.5,297.0,3.6,77.0,1.2
2026-02-11 21:00:00,2026,2,11,21,Quảng Trị,Xã Phong Nha,17.6475454,106.2729046,48,Good,0,20.3,98,0.1,1.6,63,1016.9,93,11.6,15.3,323.0,4.2,73.0,1.2
2026-02-11 22:00:00,2026,2,11,22,Quảng Trị,Xã Phong Nha,17.6475454,106.2729046,48,Good,0,20.3,99,0.1,1.7,41,1016.9,99,12.4,16.1,335.0,4.6,71.0,1.2
2026-02-11 23:00:00,2026,2,11,23,Quảng Trị,Xã Phong Nha,17.6475454,106.2729046,48,Good,0,20.5,99,0.0,2.9,47,1016.6,100,13.0,16.9,321.0,4.5,71.0,1.1
2026-02-12 00:00:00,2026,2,12,0,Quảng Trị,Xã Phong Nha,17.6475454,106.2729046,48,Good,0,20.8,100,0.0,3.7,47,1016.3,100,13.5,17.4,293.0,4.1,73.0,0.9
2026-02-12 01:00:00,2026,2,12,1,Quảng Trị,Xã Phong Nha,17.6475454,106.2729046,48,Good,0,21.3,100,0.0,5.9,52,1016.0,100,13.6,17.4,265.0,3.8,74.0,0.8
2026-02-12 02:00:00,2026,2,12,2,Quảng Trị,Xã Phong Nha,17.6475454,106.2729046,49,Good,0,21.3,99,0.2,7.1,71,1015.5,100,13.1,17.2,240.0,3.5,75.0,0.8
2026-02-12 03:00:00,2026,2,12,3,Quảng Trị,Xã Phong Nha,17.6475454,106.2729046,49,Good,0,21.2,99,0.2,7.6,71,1014.8,94,12.9,16.9,216.0,3.2,75.0,0.8
2026-02-12 04:00:00,2026,2,12,4,Quảng Trị,Xã Phong Nha,17.6475454,106.2729046,49,Good,0,20.4,100,0.0,5.1,48,1014.8,100,12.8,16.7,206.0,3.0,76.0,0.9
2026-02-12 05:00:00,2026,2,12,5,Quảng Trị,Xã Phong Nha,17.6475454,106.2729046,49,Good,0,20.8,100,0.0,6.9,47,1015.0,98,12.3,16.4,226.0,2.9,77.0,0.9
2026-02-12 06:00:00,2026,2,12,6,Quảng Trị,Xã Phong Nha,17.6475454,106.2729046,49,Good,0,20.7,99,0.0,6.4,40,1015.8,97,11.7,15.8,260.0,2.9,78.0,1.0
2026-02-12 07:00:00,2026,2,12,7,Quảng Trị,Xã Phong Nha,17.6475454,106.2729046,49,Good,0,20.9,98,0.1,4.6,26,1016.6,100,13.0,16.8,276.0,3.4,75.0,1.1
2026-02-12 08:00:00,2026,2,12,8,Quảng Trị,Xã Phong Nha,17.6475454,106.2729046,49,Good,0,21.4,95,0.1,5.8,68,1017.5,81,11.9,15.8,255.0,2.8,81.0,1.1
2026-02-12 09:00:00,2026,2,12,9,Quảng Trị,Xã Phong Nha,17.6475454,106.2729046,49,Good,0,22.4,88,0.1,10.3,88,1018.0,74,10.9,15.1,216.0,1.9,90.0,1.1
2026-02-12 10:00:00,2026,2,12,10,Quảng Trị,Xã Phong Nha,17.6475454,106.2729046,49,Good,0,24.1,77,0.1,13.1,92,1018.2,43,10.8,15.1,187.0,1.2,97.0,1.1
2026-02-12 11:00:00,2026,2,12,11,Quảng Trị,Xã Phong Nha,17.6475454,106.2729046,49,Good,0,25.2,72,0.1,14.9,88,1017.2,37,10.1,14.3,180.0,0.9,100.0,1.0
2026-02-12 12:00:00,2026,2,12,12,Quảng Trị,Xã Phong Nha,17.6475454,106.2729046,49,Good,0,25.7,69,0.0,13.7,86,1015.9,49,9.7,13.9,183.0,0.7,102.0,0.9
2026-02-12 13:00:00,2026,2,12,13,Quảng Trị,Xã Phong Nha,17.6475454,106.2729046,49,Good,0,26.4,65,0.0,12.6,86,1014.9,59,9.7,13.9,187.0,0.6,103.0,0.8
2026-02-12 14:00:00,2026,2,12,14,Quảng Trị,Xã Phong Nha,17.6475454,106.2729046,48,Good,0,26.3,65,0.0,14.0,83,1014.1,83,9.9,14.1,185.0,0.5,103.0,0.7
2026-02-12 15:00:00,2026,2,12,15,Quảng Trị,Xã Phong Nha,17.6475454,106.2729046,48,Good,0,25.4,68,0.0,14.0,81,1013.5,58,10.1,14.4,185.0,0.6,103.0,0.7
2026-02-12 16:00:00,2026,2,12,16,Quảng Trị,Xã Phong Nha,17.6475454,106.2729046,48,Good,0,24.6,70,0.0,13.5,92,1013.1,45,10.3,14.6,198.0,0.8,101.0,0.7
2026-02-12 17:00:00,2026,2,12,17,Quảng Trị,Xã Phong Nha,17.6475454,106.2729046,48,Good,0,23.5,73,0.0,12.4,98,1013.3,82,10.4,14.6,236.0,1.3,97.0,0.8
2026-02-12 18:00:00,2026,2,12,18,Quảng Trị,Xã Phong Nha,17.6475454,106.2729046,48,Good,0,21.9,83,0.0,8.5,86,1013.6,17,10.7,14.7,289.0,1.9,93.0,0.9
2026-02-12 19:00:00,2026,2,12,19,Quảng Trị,Xã Phong Nha,17.6475454,106.2729046,48,Good,0,20.7,93,0.0,5.0,92,1013.9,3,9.7,13.1,335.0,2.7,88.0,1.1
2026-02-12 20:00:00,2026,2,12,20,Quảng Trị,Xã Phong Nha,17.6475454,106.2729046,48,Good,0,20.2,94,0.0,3.8,101,1014.3,12,10.4,13.9,372.0,3.3,84.0,1.1
2026-02-12 21:00:00,2026,2,12,21,Quảng Trị,Xã Phong Nha,17.6475454,106.2729046,48,Good,0,19.9,95,0.0,2.1,149,1014.7,48,11.4,15.0,404.0,4.1,78.0,1.2
2026-02-12 22:00:00,2026,2,12,22,Quảng Trị,Xã Phong Nha,17.6475454,106.2729046,48,Good,0,19.8,95,0.0,0.7,180,1014.6,62,12.5,16.0,416.0,4.6,75.0,1.2
2026-02-12 23:00:00,2026,2,12,23,Quảng Trị,Xã Phong Nha,17.6475454,106.2729046,48,Good,0,19.6,96,0.0,0.3,225,1014.6,13,13.5,17.1,398.0,4.3,76.0,1.1
2026-02-13 00:00:00,2026,2,13,0,Quảng Trị,Xã Phong Nha,17.6475454,106.2729046,48,Good,0,18.9,97,0.0,0.4,243,1014.3,6,14.0,17.8,361.0,3.6,78.0,0.9
2026-02-13 01:00:00,2026,2,13,1,Quảng Trị,Xã Phong Nha,17.6475454,106.2729046,48,Good,0,19.2,100,0.0,1.0,202,1013.7,100,13.9,17.6,329.0,3.1,80.0,0.7
2026-02-13 02:00:00,2026,2,13,2,Quảng Trị,Xã Phong Nha,17.6475454,106.2729046,48,Good,0,19.0,99,0.0,1.2,243,1013.5,100,13.7,17.5,307.0,2.9,80.0,0.7
2026-02-13 03:00:00,2026,2,13,3,Quảng Trị,Xã Phong Nha,17.6475454,106.2729046,48,Good,0,19.1,100,0.0,1.1,279,1012.9,100,13.7,17.4,291.0,2.8,79.0,0.7
2026-02-13 04:00:00,2026,2,13,4,Quảng Trị,Xã Phong Nha,17.6475454,106.2729046,48,Good,0,19.5,99,0.0,2.3,288,1012.7,100,13.8,17.7,288.0,2.7,79.0,0.7
2026-02-13 05:00:00,2026,2,13,5,Quảng Trị,Xã Phong Nha,17.6475454,106.2729046,48,Good,0,19.6,99,0.0,1.6,264,1012.8,100,13.7,17.7,314.0,2.7,80.0,0.7
2026-02-13 06:00:00,2026,2,13,6,Quảng Trị,Xã Phong Nha,17.6475454,106.2729046,49,Good,0,19.7,99,0.0,1.5,256,1013.1,100,13.7,17.7,354.0,2.7,81.0,0.7
2026-02-13 07:00:00,2026,2,13,7,Quảng Trị,Xã Phong Nha,17.6475454,106.2729046,49,Good,0,20.5,97,0.0,1.6,333,1013.6,99,15.0,19.0,371.0,2.6,83.0,0.7
2026-02-13 08:00:00,2026,2,13,8,Quảng Trị,Xã Phong Nha,17.6475454,106.2729046,49,Good,0,22.1,90,0.0,4.0,108,1014.2,99,13.9,17.8,342.0,2.2,88.0,0.8
2026-02-13 09:00:00,2026,2,13,9,Quảng Trị,Xã Phong Nha,17.6475454,106.2729046,50,Good,0,23.7,79,0.0,10.5,107,1015.0,100,13.9,18.3,290.0,1.7,96.0,0.9
2026-02-13 10:00:00,2026,2,13,10,Quảng Trị,Xã Phong Nha,17.6475454,106.2729046,50,Good,0,25.0,72,0.0,12.1,94,1015.3,97,12.5,16.3,249.0,1.3,102.0,1.0
2026-02-13 11:00:00,2026,2,13,11,Quảng Trị,Xã Phong Nha,17.6475454,106.2729046,50,Good,0,25.8,67,0.0,14.1,92,1014.8,31,12.3,16.1,235.0,1.0,107.0,1.0
2026-02-13 12:00:00,2026,2,13,12,Quảng Trị,Xã Phong Nha,17.6475454,106.2729046,50,Good,0,26.3,66,0.0,14.4,91,1013.8,100,12.4,16.2,232.0,0.7,110.0,1.0
2026-02-13 13:00:00,2026,2,13,13,Quảng Trị,Xã Phong Nha,17.6475454,106.2729046,51,Moderate,1,25.7,67,0.0,14.9,90,1013.3,100,12.4,16.4,230.0,0.6,112.0,0.9
2026-02-13 14:00:00,2026,2,13,14,Quảng Trị,Xã Phong Nha,17.6475454,106.2729046,51,Moderate,1,24.9,71,0.0,15.4,83,1012.8,86,12.4,16.5,224.0,0.5,112.0,0.8
2026-02-13 15:00:00,2026,2,13,15,Quảng Trị,Xã Phong Nha,17.6475454,106.2729046,51,Moderate,1,24.8,71,0.0,14.9,89,1012.3,45,12.5,16.8,218.0,0.6,109.0,0.7
2026-02-13 16:00:00,2026,2,13,16,Quảng Trị,Xã Phong Nha,17.6475454,106.2729046,51,Moderate,1,24.6,71,0.0,14.2,93,1012.1,47,12.3,16.8,224.0,0.8,106.0,0.7
2026-02-13 17:00:00,2026,2,13,17,Quảng Trị,Xã Phong Nha,17.6475454,106.2729046,51,Moderate,1,23.5,74,0.0,13.3,103,1012.2,28,12.2,16.5,248.0,1.4,101.0,0.8
2026-02-13 18:00:00,2026,2,13,18,Quảng Trị,Xã Phong Nha,17.6475454,106.2729046,52,Moderate,1,22.0,82,0.0,8.1,95,1012.8,2,12.0,16.3,283.0,2.2,94.0,0.9
2026-02-13 19:00:00,2026,2,13,19,Quảng Trị,Xã Phong Nha,17.6475454,106.2729046,52,Moderate,1,21.0,91,0.0,5.8,88,1013.4,13,10.9,14.7,313.0,2.7,91.0,1.0
2026-02-13 20:00:00,2026,2,13,20,Quảng Trị,Xã Phong Nha,17.6475454,106.2729046,52,Moderate,1,20.3,94,0.0,4.0,100,1013.9,16,11.6,15.4,337.0,2.9,88.0,1.0
2026-02-13 21:00:00,2026,2,13,21,Quảng Trị,Xã Phong Nha,17.6475454,106.2729046,52,Moderate,1,20.0,95,0.0,1.7,162,1014.3,52,12.3,16.1,358.0,3.2,85.0,0.9
2026-02-13 22:00:00,2026,2,13,22,Quảng Trị,Xã Phong Nha,17.6475454,106.2729046,52,Moderate,1,19.8,95,0.0,0.4,243,1014.4,15,13.2,17.1,365.0,3.4,82.0,0.8
2026-02-13 23:00:00,2026,2,13,23,Quảng Trị,Xã Phong Nha,17.6475454,106.2729046,52,Moderate,1,19.2,96,0.0,0.9,307,1014.1,38,14.0,18.1,352.0,3.3,82.0,0.7
2026-02-14 00:00:00,2026,2,14,0,Quảng Trị,Xã Phong Nha,17.6475454,106.2729046,52,Moderate,1,19.0,97,0.0,1.0,292,1013.7,55,14.8,19.1,326.0,3.1,82.0,0.6
2026-02-14 01:00:00,2026,2,14,1,Quảng Trị,Xã Phong Nha,17.6475454,106.2729046,52,Moderate,1,19.8,99,0.0,0.6,198,1013.2,100,15.0,19.0,300.0,2.9,83.0,0.5
2026-02-14 02:00:00,2026,2,14,2,Quảng Trị,Xã Phong Nha,17.6475454,106.2729046,52,Moderate,1,19.9,99,0.0,1.9,236,1012.7,100,15.5,19.3,276.0,2.7,83.0,0.5
2026-02-14 03:00:00,2026,2,14,3,Quảng Trị,Xã Phong Nha,17.6475454,106.2729046,52,Moderate,1,19.8,98,0.0,1.5,256,1012.2,100,16.1,19.9,252.0,2.5,83.0,0.5
2026-02-14 04:00:00,2026,2,14,4,Quảng Trị,Xã Phong Nha,17.6475454,106.2729046,53,Moderate,1,19.8,98,0.0,1.7,288,1012.1,100,16.4,20.3,240.0,2.5,82.0,0.6
2026-02-14 05:00:00,2026,2,14,5,Quảng Trị,Xã Phong Nha,17.6475454,106.2729046,53,Moderate,1,19.9,98,0.0,5.5,311,1012.5,100,16.5,20.5,251.0,3.1,79.0,0.7
2026-02-14 06:00:00,2026,2,14,6,Quảng Trị,Xã Phong Nha,17.6475454,106.2729046,53,Moderate,1,20.0,98,0.0,5.2,316,1013.3,100,16.9,20.6,275.0,3.9,76.0,0.9
2026-02-14 07:00:00,2026,2,14,7,Quảng Trị,Xã Phong Nha,17.6475454,106.2729046,53,Moderate,1,20.5,98,0.0,3.8,311,1014.3,93,19.7,22.7,287.0,4.9,69.0,0.6
2026-02-14 08:00:00,2026,2,14,8,Quảng Trị,Xã Phong Nha,17.6475454,106.2729046,54,Moderate,1,21.6,92,0.0,1.7,18,1015.2,34,18.8,22.4,275.0,4.1,77.0,0.8
2026-02-14 09:00:00,2026,2,14,9,Quảng Trị,Xã Phong Nha,17.6475454,106.2729046,54,Moderate,1,23.5,80,0.1,6.5,93,1015.5,50,17.2,20.8,253.0,3.0,88.0,1.0
2026-02-14 10:00:00,2026,2,14,10,Quảng Trị,Xã Phong Nha,17.6475454,106.2729046,55,Moderate,1,24.9,73,0.1,10.1,94,1015.3,37,15.1,19.0,235.0,2.0,98.0,1.1
2026-02-14 11:00:00,2026,2,14,11,Quảng Trị,Xã Phong Nha,17.6475454,106.2729046,55,Moderate,1,25.9,67,0.0,12.6,91,1014.8,55,14.5,18.6,229.0,1.4,105.0,1.1
2026-02-14 12:00:00,2026,2,14,12,Quảng Trị,Xã Phong Nha,17.6475454,106.2729046,55,Moderate,1,26.4,65,0.0,13.9,88,1013.6,57,13.6,17.8,228.0,1.0,110.0,1.1
2026-02-14 13:00:00,2026,2,14,13,Quảng Trị,Xã Phong Nha,17.6475454,106.2729046,55,Moderate,1,26.5,64,0.0,14.2,88,1012.8,38,12.4,16.4,226.0,0.7,112.0,1.0
2026-02-14 14:00:00,2026,2,14,14,Quảng Trị,Xã Phong Nha,17.6475454,106.2729046,55,Moderate,1,26.2,65,0.0,15.0,86,1011.9,44,11.3,15.3,216.0,0.6,111.0,0.9
2026-02-14 15:00:00,2026,2,14,15,Quảng Trị,Xã Phong Nha,17.6475454,106.2729046,55,Moderate,1,25.5,67,0.0,15.3,89,1011.3,95,10.7,14.6,204.0,0.6,108.0,0.8
2026-02-14 16:00:00,2026,2,14,16,Quảng Trị,Xã Phong Nha,17.6475454,106.2729046,55,Moderate,1,24.8,69,0.0,14.2,93,1011.5,75,10.4,14.2,207.0,0.8,104.0,0.7
2026-02-14 17:00:00,2026,2,14,17,Quảng Trị,Xã Phong Nha,17.6475454,106.2729046,55,Moderate,1,23.7,75,0.0,12.8,92,1011.9,26,10.4,14.1,237.0,1.4,99.0,0.8
2026-02-14 18:00:00,2026,2,14,18,Quảng Trị,Xã Phong Nha,17.6475454,106.2729046,55,Moderate,1,21.8,86,0.0,7.4,87,1012.3,1,10.4,14.0,281.0,2.2,93.0,1.0
2026-02-14 19:00:00,2026,2,14,19,Quảng Trị,Xã Phong Nha,17.6475454,106.2729046,54,Moderate,1,20.9,95,0.0,5.6,92,1013.0,17,11.1,14.7,319.0,3.0,88.0,1.1
2026-02-14 20:00:00,2026,2,14,20,Quảng Trị,Xã Phong Nha,17.6475454,106.2729046,54,Moderate,1,20.6,97,0.0,4.3,112,1013.4,13,11.8,15.5,346.0,3.3,86.0,1.1
2026-02-14 21:00:00,2026,2,14,21,Quảng Trị,Xã Phong Nha,17.6475454,106.2729046,54,Moderate,1,20.2,98,0.0,4.2,130,1013.5,45,12.8,16.5,367.0,3.7,83.0,1.0
2026-02-14 22:00:00,2026,2,14,22,Quảng Trị,Xã Phong Nha,17.6475454,106.2729046,54,Moderate,1,20.3,98,0.0,2.7,122,1013.6,27,13.6,17.6,368.0,4.0,81.0,0.9
2026-02-14 23:00:00,2026,2,14,23,Quảng Trị,Xã Phong Nha,17.6475454,106.2729046,55,Moderate,1,19.6,100,0.0,0.7,180,1013.4,99,14.3,18.5,336.0,3.9,81.0,0.8
2026-02-15 00:00:00,2026,2,15,0,Quảng Trị,Xã Phong Nha,17.6475454,106.2729046,55,Moderate,1,19.0,100,0.0,0.6,236,1013.0,98,14.8,19.1,285.0,3.7,82.0,0.7
2026-02-15 01:00:00,2026,2,15,1,Quảng Trị,Xã Phong Nha,17.6475454,106.2729046,55,Moderate,1,20.0,100,0.0,1.2,243,1012.6,100,15.0,19.2,244.0,3.5,82.0,0.6
2026-02-15 02:00:00,2026,2,15,2,Quảng Trị,Xã Phong Nha,17.6475454,106.2729046,55,Moderate,1,19.9,100,0.0,2.9,259,1012.2,100,14.9,18.6,221.0,3.6,79.0,0.6
2026-02-15 03:00:00,2026,2,15,3,Quảng Trị,Xã Phong Nha,17.6475454,106.2729046,54,Moderate,1,19.9,99,0.0,2.7,278,1011.8,100,15.3,18.9,208.0,3.7,74.0,0.6
2026-02-15 04:00:00,2026,2,15,4,Quảng Trị,Xã Phong Nha,17.6475454,106.2729046,54,Moderate,1,19.8,99,0.0,3.4,273,1011.7,100,15.8,19.2,205.0,3.9,71.0,0.6
2026-02-15 05:00:00,2026,2,15,5,Quảng Trị,Xã Phong Nha,17.6475454,106.2729046,54,Moderate,1,20.0,96,0.0,3.7,281,1011.8,100,16.8,20.3,220.0,4.1,69.0,0.6
2026-02-15 06:00:00,2026,2,15,6,Quảng Trị,Xã Phong Nha,17.6475454,106.2729046,54,Moderate,1,20.2,94,0.0,3.6,297,1012.4,100,18.2,21.7,246.0,4.4,67.0,0.6
2026-02-15 07:00:00,2026,2,15,7,Quảng Trị,Xã Phong Nha,17.6475454,106.2729046,55,Moderate,1,19.7,97,0.0,2.3,315,1013.0,100,20.7,25.0,260.0,4.2,72.0,0.6
2026-02-15 08:00:00,2026,2,15,8,Quảng Trị,Xã Phong Nha,17.6475454,106.2729046,55,Moderate,1,21.0,91,0.0,0.9,90,1014.0,93,19.4,23.8,248.0,3.5,78.0,0.8
2026-02-15 09:00:00,2026,2,15,9,Quảng Trị,Xã Phong Nha,17.6475454,106.2729046,55,Moderate,1,22.8,80,0.1,4.9,107,1014.5,98,16.5,21.0,224.0,2.4,87.0,1.0
2026-02-15 10:00:00,2026,2,15,10,Quảng Trị,Xã Phong Nha,17.6475454,106.2729046,55,Moderate,1,24.5,71,0.0,8.0,96,1014.6,89,15.5,20.4,206.0,1.6,94.0,1.1
2026-02-15 11:00:00,2026,2,15,11,Quảng Trị,Xã Phong Nha,17.6475454,106.2729046,55,Moderate,1,26.4,63,0.0,10.4,90,1014.1,55,14.3,19.0,201.0,1.1,98.0,1.1
2026-02-15 12:00:00,2026,2,15,12,Quảng Trị,Xã Phong Nha,17.6475454,106.2729046,55,Moderate,1,27.2,60,0.0,12.8,89,1012.8,40,13.3,17.9,201.0,0.9,102.0,1.1
2026-02-15 13:00:00,2026,2,15,13,Quảng Trị,Xã Phong Nha,17.6475454,106.2729046,55,Moderate,1,27.2,59,0.0,15.0,94,1012.0,59,12.8,17.5,201.0,0.7,103.0,1.0
2026-02-15 14:00:00,2026,2,15,14,Quảng Trị,Xã Phong Nha,17.6475454,106.2729046,55,Moderate,1,26.3,64,0.0,15.6,97,1011.4,57,12.4,17.0,197.0,0.6,103.0,0.9
2026-02-15 15:00:00,2026,2,15,15,Quảng Trị,Xã Phong Nha,17.6475454,106.2729046,55,Moderate,1,25.7,68,0.0,15.1,99,1010.7,22,12.1,16.6,193.0,0.6,101.0,0.8
2026-02-15 16:00:00,2026,2,15,16,Quảng Trị,Xã Phong Nha,17.6475454,106.2729046,55,Moderate,1,24.9,70,0.0,14.1,100,1010.5,28,11.9,16.4,200.0,0.8,98.0,0.8
2026-02-15 17:00:00,2026,2,15,17,Quảng Trị,Xã Phong Nha,17.6475454,106.2729046,55,Moderate,1,23.8,74,0.0,12.9,97,1010.6,5,11.8,16.2,225.0,1.5,93.0,0.9
2026-02-15 18:00:00,2026,2,15,18,Quảng Trị,Xã Phong Nha,17.6475454,106.2729046,55,Moderate,1,21.8,84,0.0,7.2,84,1011.0,70,11.8,15.9,261.0,2.4,87.0,1.0
2026-02-15 19:00:00,2026,2,15,19,Quảng Trị,Xã Phong Nha,17.6475454,106.2729046,55,Moderate,1,21.0,90,0.0,4.6,103,1011.2,52,11.5,15.3,302.0,3.3,81.0,1.2
2026-02-15 20:00:00,2026,2,15,20,Quảng Trị,Xã Phong Nha,17.6475454,106.2729046,55,Moderate,1,20.8,91,0.0,4.8,121,1011.9,63,11.6,15.3,357.0,3.6,78.0,1.2
2026-02-15 21:00:00,2026,2,15,21,Quảng Trị,Xã Phong Nha,17.6475454,106.2729046,55,Moderate,1,20.2,93,0.0,2.2,156,1012.1,47,12.0,15.6,417.0,3.9,74.0,1.2
2026-02-15 22:00:00,2026,2,15,22,Quảng Trị,Xã Phong Nha,17.6475454,106.2729046,55,Moderate,1,19.7,94,0.0,1.2,219,1012.2,41,12.4,16.1,445.0,4.1,71.0,1.1
2026-02-15 23:00:00,2026,2,15,23,Quảng Trị,Xã Phong Nha,17.6475454,106.2729046,55,Moderate,1,19.2,95,0.0,1.6,243,1012.1,6,13.0,16.8,418.0,4.0,70.0,1.0
2026-02-16 00:00:00,2026,2,16,0,Quảng Trị,Xã Phong Nha,17.6475454,106.2729046,55,Moderate,1,18.8,96,0.0,2.1,255,1011.8,5,13.5,17.5,360.0,3.7,71.0,0.9
2026-02-16 01:00:00,2026,2,16,1,Quảng Trị,Xã Phong Nha,17.6475454,106.2729046,55,Moderate,1,18.9,96,0.0,2.2,246,1011.4,5,13.5,17.5,308.0,3.4,71.0,0.8
2026-02-16 02:00:00,2026,2,16,2,Quảng Trị,Xã Phong Nha,17.6475454,106.2729046,55,Moderate,1,18.8,97,0.0,3.8,251,1011.2,48,13.5,17.5,272.0,3.1,70.0,0.8
2026-02-16 03:00:00,2026,2,16,3,Quảng Trị,Xã Phong Nha,17.6475454,106.2729046,55,Moderate,1,18.8,99,0.0,5.4,268,1010.9,99,13.6,17.5,241.0,2.9,70.0,0.7
2026-02-16 04:00:00,2026,2,16,4,Quảng Trị,Xã Phong Nha,17.6475454,106.2729046,54,Moderate,1,19.6,97,0.0,6.7,273,1011.1,100,13.6,17.5,223.0,3.0,68.0,0.7
2026-02-16 05:00:00,2026,2,16,5,Quảng Trị,Xã Phong Nha,17.6475454,106.2729046,54,Moderate,1,19.9,96,0.0,6.7,276,1011.4,100,14.0,17.5,225.0,3.7,64.0,0.6
2026-02-16 06:00:00,2026,2,16,6,Quảng Trị,Xã Phong Nha,17.6475454,106.2729046,54,Moderate,1,20.1,95,0.0,6.0,275,1011.9,100,15.2,18.6,238.0,4.8,60.0,0.6
2026-02-16 07:00:00,2026,2,16,7,Quảng Trị,Xã Phong Nha,17.6475454,106.2729046,54,Moderate,1,20.3,94,0.0,4.5,277,1012.8,100,15.6,19.4,247.0,4.2,65.0,0.9
2026-02-16 08:00:00,2026,2,16,8,Quảng Trị,Xã Phong Nha,17.6475454,106.2729046,53,Moderate,1,21.6,90,0.0,4.1,308,1013.9,100,15.3,19.6,244.0,3.6,71.0,1.1
2026-02-16 09:00:00,2026,2,16,9,Quảng Trị,Xã Phong Nha,17.6475454,106.2729046,53,Moderate,1,23.0,85,0.0,3.1,31,1014.4,100,13.9,18.3,235.0,2.7,78.0,1.3
2026-02-16 10:00:00,2026,2,16,10,Quảng Trị,Xã Phong Nha,17.6475454,106.2729046,53,Moderate,1,24.3,80,0.1,7.5,70,1014.3,100,13.4,17.6,224.0,2.0,85.0,1.4
2026-02-16 11:00:00,2026,2,16,11,Quảng Trị,Xã Phong Nha,17.6475454,106.2729046,52,Moderate,1,25.2,76,0.1,9.9,71,1013.8,100,13.6,17.6,208.0,1.5,90.0,1.3
2026-02-16 12:00:00,2026,2,16,12,Quảng Trị,Xã Phong Nha,17.6475454,106.2729046,52,Moderate,1,25.8,75,0.1,11.4,71,1012.8,100,13.4,17.5,188.0,1.2,95.0,1.2
2026-02-16 13:00:00,2026,2,16,13,Quảng Trị,Xã Phong Nha,17.6475454,106.2729046,52,Moderate,1,25.9,72,0.1,12.8,74,1011.9,100,13.4,17.6,175.0,1.0,96.0,1.0
2026-02-16 14:00:00,2026,2,16,14,Quảng Trị,Xã Phong Nha,17.6475454,106.2729046,52,Moderate,1,25.8,73,0.0,13.3,74,1011.1,100,13.4,17.8,170.0,0.9,93.0,0.9
2026-02-16 15:00:00,2026,2,16,15,Quảng Trị,Xã Phong Nha,17.6475454,106.2729046,53,Moderate,1,25.6,74,0.1,13.5,74,1010.7,100,12.8,17.5,170.0,0.8,88.0,0.8
2026-02-16 16:00:00,2026,2,16,16,Quảng Trị,Xã Phong Nha,17.6475454,106.2729046,53,Moderate,1,24.7,78,0.1,13.4,75,1011.0,99,12.0,16.6,178.0,1.0,82.0,0.8
2026-02-16 17:00:00,2026,2,16,17,Quảng Trị,Xã Phong Nha,17.6475454,106.2729046,53,Moderate,1,23.9,81,0.0,11.1,77,1010.9,91,11.4,15.9,197.0,1.6,77.0,0.9
2026-02-16 18:00:00,2026,2,16,18,Quảng Trị,Xã Phong Nha,17.6475454,106.2729046,53,Moderate,1,23.0,86,0.0,8.0,76,1011.2,93,11.1,15.4,223.0,2.3,72.0,1.0
2026-02-16 19:00:00,2026,2,16,19,Quảng Trị,Xã Phong Nha,17.6475454,106.2729046,53,Moderate,1,22.6,91,0.0,6.6,81,1011.4,100,9.8,13.4,247.0,2.8,69.0,1.1
2026-02-16 20:00:00,2026,2,16,20,Quảng Trị,Xã Phong Nha,17.6475454,106.2729046,52,Moderate,1,22.5,93,0.0,3.8,79,1011.9,100,9.9,13.3,271.0,3.1,66.0,1.0
2026-02-16 21:00:00,2026,2,16,21,Quảng Trị,Xã Phong Nha,17.6475454,106.2729046,52,Moderate,1,22.4,95,0.0,2.7,48,1012.0,100,10.4,13.8,294.0,3.6,62.0,0.9
2026-02-16 22:00:00,2026,2,16,22,Quảng Trị,Xã Phong Nha,17.6475454,106.2729046,52,Moderate,1,22.4,95,0.1,3.6,33,1012.3,100,11.1,14.4,300.0,3.7,60.0,0.8
2026-02-16 23:00:00,2026,2,16,23,Quảng Trị,Xã Phong Nha,17.6475454,106.2729046,52,Moderate,1,22.4,95,0.2,4.9,39,1012.3,100,11.1,14.8,277.0,3.3,61.0,0.7
2026-02-17 00:00:00,2026,2,17,0,Quảng Trị,Xã Phong Nha,17.6475454,106.2729046,52,Moderate,1,22.2,98,0.2,6.8,48,1012.2,100,10.0,13.5,238.0,2.6,63.0,0.6
2026-02-17 01:00:00,2026,2,17,1,Quảng Trị,Xã Phong Nha,17.6475454,106.2729046,52,Moderate,1,22.4,100,0.4,9.8,46,1011.8,99,9.1,12.5,206.0,2.0,65.0,0.6
2026-02-17 02:00:00,2026,2,17,2,Quảng Trị,Xã Phong Nha,17.6475454,106.2729046,51,Moderate,1,22.5,99,0.3,12.7,44,1011.5,100,8.7,12.0,188.0,1.7,67.0,0.6
2026-02-17 03:00:00,2026,2,17,3,Quảng Trị,Xã Phong Nha,17.6475454,106.2729046,51,Moderate,1,22.5,100,0.4,14.0,48,1011.3,100,8.4,11.7,177.0,1.5,69.0,0.6
2026-02-17 04:00:00,2026,2,17,4,Quảng Trị,Xã Phong Nha,17.6475454,106.2729046,50,Good,0,22.4,100,0.4,14.5,49,1011.6,100,8.2,11.4,175.0,1.4,71.0,0.6
2026-02-17 05:00:00,2026,2,17,5,Quảng Trị,Xã Phong Nha,17.6475454,106.2729046,50,Good,0,22.3,100,0.3,14.6,45,1011.8,100,8.4,11.6,188.0,1.6,74.0,0.7
2026-02-17 06:00:00,2026,2,17,6,Quảng Trị,Xã Phong Nha,17.6475454,106.2729046,49,Good,0,22.3,99,0.4,14.7,48,1012.7,98,8.4,11.4,210.0,1.9,76.0,0.8
2026-02-17 07:00:00,2026,2,17,7,Quảng Trị,Xã Phong Nha,17.6475454,106.2729046,47,Good,0,22.3,100,0.2,13.7,56,1013.9,84,8.5,11.7,223.0,1.8,69.0,0.6
2026-02-17 08:00:00,2026,2,17,8,Quảng Trị,Xã Phong Nha,17.6475454,106.2729046,46,Good,0,22.8,94,2.0,13.9,63,1014.9,89,8.7,12.0,217.0,1.5,69.0,0.7
2026-02-17 09:00:00,2026,2,17,9,Quảng Trị,Xã Phong Nha,17.6475454,106.2729046,45,Good,0,23.5,96,1.6,14.3,69,1015.7,91,8.0,11.1,201.0,1.2,70.0,0.7
2026-02-17 10:00:00,2026,2,17,10,Quảng Trị,Xã Phong Nha,17.6475454,106.2729046,44,Good,0,24.1,90,0.1,15.9,63,1016.0,73,8.2,11.3,187.0,0.9,71.0,0.8
2026-02-17 11:00:00,2026,2,17,11,Quảng Trị,Xã Phong Nha,17.6475454,106.2729046,43,Good,0,25.3,81,0.1,16.5,70,1015.5,89,8.1,11.4,177.0,0.7,73.0,0.8
2026-02-17 12:00:00,2026,2,17,12,Quảng Trị,Xã Phong Nha,17.6475454,106.2729046,42,Good,0,25.8,78,0.1,17.1,72,1014.7,89,8.4,11.8,169.0,0.6,76.0,0.8
2026-02-17 13:00:00,2026,2,17,13,Quảng Trị,Xã Phong Nha,17.6475454,106.2729046,41,Good,0,25.8,77,0.2,16.3,73,1014.0,91,9.0,12.5,164.0,0.5,78.0,0.8
2026-02-17 14:00:00,2026,2,17,14,Quảng Trị,Xã Phong Nha,17.6475454,106.2729046,40,Good,0,25.9,76,0.3,15.9,75,1013.3,45,9.5,13.3,161.0,0.5,80.0,0.8
2026-02-17 15:00:00,2026,2,17,15,Quảng Trị,Xã Phong Nha,17.6475454,106.2729046,40,Good,0,25.9,74,0.1,15.9,74,1012.7,41,9.9,13.8,161.0,0.6,82.0,0.7
2026-02-17 16:00:00,2026,2,17,16,Quảng Trị,Xã Phong Nha,17.6475454,106.2729046,39,Good,0,25.1,77,0.2,15.8,75,1013.0,63,9.9,13.8,168.0,0.8,83.0,0.7
2026-02-17 17:00:00,2026,2,17,17,Quảng Trị,Xã Phong Nha,17.6475454,106.2729046,39,Good,0,23.8,83,0.2,13.8,78,1013.5,72,10.3,14.3,191.0,1.2,83.0,0.8
2026-02-17 18:00:00,2026,2,17,18,Quảng Trị,Xã Phong Nha,17.6475454,106.2729046,39,Good,0,22.4,94,0.3,10.0,77,1013.9,31,10.8,14.6,221.0,1.7,83.0,1.1
2026-02-17 19:00:00,2026,2,17,19,Quảng Trị,Xã Phong Nha,17.6475454,106.2729046,39,Good,0,21.7,98,0.4,8.1,61,1014.6,41,15.4,20.5,241.0,2.5,75.0,1.1
2026-02-17 20:00:00,2026,2,17,20,Quảng Trị,Xã Phong Nha,17.6475454,106.2729046,40,Good,0,21.6,99,0.8,8.4,55,1015.1,100,16.0,21.1,241.0,2.4,76.0,1.0
2026-02-17 21:00:00,2026,2,17,21,Quảng Trị,Xã Phong Nha,17.6475454,106.2729046,41,Good,0,21.8,99,0.2,9.2,50,1015.7,100,15.8,20.5,229.0,2.2,78.0,1.0
2026-02-17 22:00:00,2026,2,17,22,Quảng Trị,Xã Phong Nha,17.6475454,106.2729046,42,Good,0,21.7,99,0.3,9.1,49,1015.8,41,15.1,19.0,219.0,2.0,79.0,0.9
2026-02-17 23:00:00,2026,2,17,23,Quảng Trị,Xã Phong Nha,17.6475454,106.2729046,42,Good,0,21.4,99,0.3,7.5,42,1015.6,95,14.3,18.0,213.0,1.8,80.0,0.9
2026-02-18 00:00:00,2026,2,18,0,Quảng Trị,Xã Phong Nha,17.6475454,106.2729046,43,Good,0,21.4,99,0.2,7.5,50,1015.6,100,14.7,18.4,208.0,1.6,80.0,1.0
2026-02-18 01:00:00,2026,2,18,1,Quảng Trị,Xã Phong Nha,17.6475454,106.2729046,44,Good,0,21.6,99,0.4,6.6,53,1015.2,100,13.7,17.1,202.0,1.5,80.0,1.0
2026-02-18 02:00:00,2026,2,18,2,Quảng Trị,Xã Phong Nha,17.6475454,106.2729046,45,Good,0,21.6,99,0.6,9.3,58,1015.1,100,12.4,15.6,193.0,1.5,78.0,0.9
2026-02-18 03:00:00,2026,2,18,3,Quảng Trị,Xã Phong Nha,17.6475454,106.2729046,45,Good,0,21.5,99,0.7,8.8,59,1014.9,100,11.3,14.5,184.0,1.6,76.0,0.8
2026-02-18 04:00:00,2026,2,18,4,Quảng Trị,Xã Phong Nha,17.6475454,106.2729046,46,Good,0,21.4,98,0.5,9.2,48,1014.9,100,10.2,13.5,183.0,1.7,75.0,0.7
2026-02-18 05:00:00,2026,2,18,5,Quảng Trị,Xã Phong Nha,17.6475454,106.2729046,46,Good,0,21.3,99,1.0,10.2,48,1015.1,100,9.4,12.6,198.0,1.8,76.0,0.7
2026-02-18 06:00:00,2026,2,18,6,Quảng Trị,Xã Phong Nha,17.6475454,106.2729046,46,Good,0,21.3,100,0.5,9.1,39,1015.8,100,9.0,12.3,222.0,1.8,79.0,0.7
2026-02-18 07:00:00,2026,2,18,7,Quảng Trị,Xã Phong Nha,17.6475454,106.2729046,46,Good,0,21.5,99,0.2,8.1,66,1016.6,100,9.5,13.0,238.0,1.6,77.0,0.6
2026-02-18 08:00:00,2026,2,18,8,Quảng Trị,Xã Phong Nha,17.6475454,106.2729046,46,Good,0,22.3,94,0.5,9.3,74,1017.2,95,9.8,13.5,237.0,1.5,79.0,0.6
2026-02-18 09:00:00,2026,2,18,9,Quảng Trị,Xã Phong Nha,17.6475454,106.2729046,47,Good,0,22.4,96,0.5,9.2,69,1018.0,100,10.6,14.6,229.0,1.4,81.0,0.7
2026-02-18 10:00:00,2026,2,18,10,Quảng Trị,Xã Phong Nha,17.6475454,106.2729046,47,Good,0,23.2,94,0.2,10.3,65,1018.3,100,10.7,14.7,225.0,1.2,84.0,0.7
2026-02-18 11:00:00,2026,2,18,11,Quảng Trị,Xã Phong Nha,17.6475454,106.2729046,48,Good,0,24.3,83,0.1,15.5,81,1017.7,96,10.3,14.3,231.0,1.0,86.0,0.7
2026-02-18 12:00:00,2026,2,18,12,Quảng Trị,Xã Phong Nha,17.6475454,106.2729046,48,Good,0,23.5,89,0.6,16.3,80,1017.1,88,10.0,13.9,242.0,0.8,88.0,0.6
2026-02-18 13:00:00,2026,2,18,13,Quảng Trị,Xã Phong Nha,17.6475454,106.2729046,48,Good,0,24.3,83,0.1,17.0,85,1016.3,59,9.4,13.1,253.0,0.6,90.0,0.5
2026-02-18 14:00:00,2026,2,18,14,Quảng Trị,Xã Phong Nha,17.6475454,106.2729046,48,Good,0,24.6,79,0.2,18.6,88,1015.6,98,9.3,13.0,263.0,0.5,92.0,0.4
2026-02-18 15:00:00,2026,2,18,15,Quảng Trị,Xã Phong Nha,17.6475454,106.2729046,48,Good,0,23.2,86,0.7,16.6,80,1015.3,93,9.2,13.0,273.0,0.6,93.0,0.4
2026-02-18 16:00:00,2026,2,18,16,Quảng Trị,Xã Phong Nha,17.6475454,106.2729046,48,Good,0,22.3,94,0.9,15.3,87,1015.3,82,9.3,13.1,282.0,0.7,95.0,0.4
2026-02-18 17:00:00,2026,2,18,17,Quảng Trị,Xã Phong Nha,17.6475454,106.2729046,48,Good,0,22.5,95,0.1,14.2,87,1015.3,31,9.9,13.6,291.0,1.0,96.0,0.5
2026-02-18 18:00:00,2026,2,18,18,Quảng Trị,Xã Phong Nha,17.6475454,106.2729046,48,Good,0,21.5,97,0.6,10.8,93,1015.7,55,11.2,15.1,299.0,1.4,97.0,0.6
2026-02-18 19:00:00,2026,2,18,19,Quảng Trị,Xã Phong Nha,17.6475454,106.2729046,48,Good,0,21.8,93,0.1,7.3,99,1016.1,64,12.6,16.9,308.0,1.7,93.0,0.7
2026-02-18 20:00:00,2026,2,18,20,Quảng Trị,Xã Phong Nha,17.6475454,106.2729046,48,Good,0,21.1,97,0.1,6.3,90,1016.8,72,13.3,17.6,320.0,1.6,94.0,0.8
2026-02-18 21:00:00,2026,2,18,21,Quảng Trị,Xã Phong Nha,17.6475454,106.2729046,47,Good,0,21.2,98,0.3,7.7,90,1017.2,52,14.2,18.7,333.0,1.5,96.0,0.8
2026-02-18 22:00:00,2026,2,18,22,Quảng Trị,Xã Phong Nha,17.6475454,106.2729046,47,Good,0,20.8,98,0.1,6.3,92,1017.4,23,13.9,18.2,339.0,1.4,97.0,0.9
2026-02-18 23:00:00,2026,2,18,23,Quảng Trị,Xã Phong Nha,17.6475454,106.2729046,47,Good,0,20.5,98,0.1,4.7,90,1017.2,43,14.8,19.2,333.0,1.4,98.0,0.9
2026-02-19 00:00:00,2026,2,19,0,Quảng Trị,Xã Phong Nha,17.6475454,106.2729046,47,Good,0,20.5,98,0.1,4.8,79,1017.1,72,15.0,19.3,321.0,1.3,98.0,0.9
2026-02-19 01:00:00,2026,2,19,1,Quảng Trị,Xã Phong Nha,17.6475454,106.2729046,47,Good,0,20.3,97,0.0,3.8,82,1016.9,45,15.9,20.4,309.0,1.3,98.0,0.9
2026-02-19 02:00:00,2026,2,19,2,Quảng Trị,Xã Phong Nha,17.6475454,106.2729046,47,Good,0,20.4,98,0.1,4.7,74,1016.5,66,16.2,20.7,298.0,1.2,98.0,0.8
2026-02-19 03:00:00,2026,2,19,3,Quảng Trị,Xã Phong Nha,17.6475454,106.2729046,48,Good,0,20.4,98,0.1,5.0,75,1016.4,84,16.4,20.8,288.0,1.2,97.0,0.8
2026-02-19 04:00:00,2026,2,19,4,Quảng Trị,Xã Phong Nha,17.6475454,106.2729046,49,Good,0,20.3,98,0.2,4.8,75,1016.1,44,16.4,20.8,286.0,1.2,96.0,0.7
2026-02-19 05:00:00,2026,2,19,5,Quảng Trị,Xã Phong Nha,17.6475454,106.2729046,50,Good,0,20.2,97,0.1,4.2,65,1016.4,43,16.1,20.3,304.0,1.4,94.0,0.7
2026-02-19 06:00:00,2026,2,19,6,Quảng Trị,Xã Phong Nha,17.6475454,106.2729046,50,Good,0,20.0,97,0.1,3.9,43,1016.9,34,16.9,21.6,330.0,1.7,93.0,0.7
2026-02-19 07:00:00,2026,2,19,7,Quảng Trị,Xã Phong Nha,17.6475454,106.2729046,51,Moderate,1,20.8,98,0.1,4.3,66,1017.7,44,16.8,21.6,341.0,1.5,95.0,0.7
2026-02-19 08:00:00,2026,2,19,8,Quảng Trị,Xã Phong Nha,17.6475454,106.2729046,52,Moderate,1,22.2,93,0.1,9.0,88,1018.4,23,16.1,20.8,321.0,1.4,95.0,0.7
2026-02-19 09:00:00,2026,2,19,9,Quảng Trị,Xã Phong Nha,17.6475454,106.2729046,52,Moderate,1,23.2,87,0.1,11.1,77,1019.4,45,15.5,20.0,286.0,1.2,95.0,0.6
2026-02-19 10:00:00,2026,2,19,10,Quảng Trị,Xã Phong Nha,17.6475454,106.2729046,53,Moderate,1,24.3,79,0.2,13.4,75,1019.5,51,14.4,18.7,260.0,1.0,96.0,0.6
2026-02-19 11:00:00,2026,2,19,11,Quảng Trị,Xã Phong Nha,17.6475454,106.2729046,53,Moderate,1,24.8,75,0.3,15.3,78,1019.0,48,13.3,17.3,253.0,0.8,97.0,0.6
2026-02-19 12:00:00,2026,2,19,12,Quảng Trị,Xã Phong Nha,17.6475454,106.2729046,53,Moderate,1,25.8,68,0.2,16.1,80,1018.3,59,13.2,17.1,255.0,0.7,98.0,0.6
2026-02-19 13:00:00,2026,2,19,13,Quảng Trị,Xã Phong Nha,17.6475454,106.2729046,54,Moderate,1,25.7,69,0.2,16.3,76,1017.8,31,13.3,17.3,259.0,0.6,99.0,0.6
2026-02-19 14:00:00,2026,2,19,14,Quảng Trị,Xã Phong Nha,17.6475454,106.2729046,54,Moderate,1,24.9,73,0.2,17.5,70,1017.3,30,13.3,17.2,260.0,0.6,100.0,0.6
2026-02-19 15:00:00,2026,2,19,15,Quảng Trị,Xã Phong Nha,17.6475454,106.2729046,54,Moderate,1,24.4,75,0.3,15.8,71,1017.2,48,13.2,17.2,262.0,0.7,101.0,0.7
2026-02-19 16:00:00,2026,2,19,16,Quảng Trị,Xã Phong Nha,17.6475454,106.2729046,55,Moderate,1,23.6,78,0.4,15.0,77,1016.8,77,13.3,17.2,275.0,0.8,101.0,0.7
2026-02-19 17:00:00,2026,2,19,17,Quảng Trị,Xã Phong Nha,17.6475454,106.2729046,55,Moderate,1,22.3,87,0.4,12.7,79,1017.2,80,13.2,17.1,306.0,1.1,100.0,0.8
2026-02-19 18:00:00,2026,2,19,18,Quảng Trị,Xã Phong Nha,17.6475454,106.2729046,55,Moderate,1,21.4,93,0.4,8.8,75,1017.4,45,13.4,17.3,348.0,1.5,99.0,0.9
2026-02-19 19:00:00,2026,2,19,19,Quảng Trị,Xã Phong Nha,17.6475454,106.2729046,56,Moderate,1,21.1,96,1.0,6.1,85,1017.7,56,13.6,17.8,380.0,1.9,93.0,0.8
2026-02-19 20:00:00,2026,2,19,20,Quảng Trị,Xã Phong Nha,17.6475454,106.2729046,56,Moderate,1,21.3,93,0.1,4.2,95,1018.3,23,14.1,18.4,397.0,1.9,93.0,0.8
2026-02-19 21:00:00,2026,2,19,21,Quảng Trị,Xã Phong Nha,17.6475454,106.2729046,56,Moderate,1,20.6,94,0.0,3.9,74,1018.7,42,13.9,18.2,404.0,1.9,92.0,0.7
2026-02-19 22:00:00,2026,2,19,22,Quảng Trị,Xã Phong Nha,17.6475454,106.2729046,56,Moderate,1,20.5,95,0.1,3.9,47,1018.8,34,14.1,18.3,403.0,1.8,92.0,0.7
2026-02-19 23:00:00,2026,2,19,23,Quảng Trị,Xã Phong Nha,17.6475454,106.2729046,56,Moderate,1,20.4,97,0.1,4.8,37,1018.7,33,14.2,18.6,388.0,1.7,92.0,0.7
2026-02-20 00:00:00,2026,2,20,0,Quảng Trị,Xã Phong Nha,17.6475454,106.2729046,56,Moderate,1,20.2,98,0.1,5.0,35,1018.8,66,13.6,18.0,364.0,1.5,93.0,0.6
2026-02-20 01:00:00,2026,2,20,1,Quảng Trị,Xã Phong Nha,17.6475454,106.2729046,56,Moderate,1,20.1,97,0.1,3.8,19,1018.6,100,13.5,17.8,345.0,1.4,94.0,0.6
2026-02-20 02:00:00,2026,2,20,2,Quảng Trị,Xã Phong Nha,17.6475454,106.2729046,55,Moderate,1,20.4,99,0.5,5.5,17,1018.4,98,12.8,16.6,336.0,1.3,97.0,0.6
2026-02-20 03:00:00,2026,2,20,3,Quảng Trị,Xã Phong Nha,17.6475454,106.2729046,55,Moderate,1,20.3,98,0.5,7.0,46,1018.3,95,12.6,16.2,333.0,1.1,100.0,0.6
2026-02-20 04:00:00,2026,2,20,4,Quảng Trị,Xã Phong Nha,17.6475454,106.2729046,55,Moderate,1,20.0,98,0.5,8.7,38,1018.0,98,11.8,15.1,336.0,1.1,103.0,0.6
2026-02-20 05:00:00,2026,2,20,5,Quảng Trị,Xã Phong Nha,17.6475454,106.2729046,54,Moderate,1,20.0,98,0.3,8.5,27,1018.1,80,10.7,13.6,350.0,1.3,104.0,0.7
2026-02-20 06:00:00,2026,2,20,6,Quảng Trị,Xã Phong Nha,17.6475454,106.2729046,54,Moderate,1,19.9,98,0.2,6.0,25,1018.4,77,11.1,13.9,371.0,1.5,104.0,0.8
2026-02-20 07:00:00,2026,2,20,7,Quảng Trị,Xã Phong Nha,17.6475454,106.2729046,53,Moderate,1,20.3,99,0.1,8.0,31,1018.8,87,9.3,11.8,389.0,1.4,103.0,0.8
2026-02-20 08:00:00,2026,2,20,8,Quảng Trị,Xã Phong Nha,17.6475454,106.2729046,53,Moderate,1,21.0,97,0.4,9.2,39,1019.2,100,9.8,12.3,402.0,1.4,103.0,1.0
2026-02-20 09:00:00,2026,2,20,9,Quảng Trị,Xã Phong Nha,17.6475454,106.2729046,52,Moderate,1,21.6,93,0.1,11.2,38,1019.6,100,10.9,13.6,412.0,1.3,103.0,1.3
2026-02-20 10:00:00,2026,2,20,10,Quảng Trị,Xã Phong Nha,17.6475454,106.2729046,52,Moderate,1,21.9,91,0.3,12.2,49,1019.8,98,11.4,14.1,417.0,1.2,104.0,1.5
2026-02-20 11:00:00,2026,2,20,11,Quảng Trị,Xã Phong Nha,17.6475454,106.2729046,51,Moderate,1,22.9,83,0.3,12.8,56,1019.4,100,13.2,16.1,413.0,1.1,107.0,1.7
2026-02-20 12:00:00,2026,2,20,12,Quảng Trị,Xã Phong Nha,17.6475454,106.2729046,51,Moderate,1,24.0,78,0.2,14.5,59,1018.1,26,15.0,18.3,403.0,1.0,111.0,1.9
2026-02-20 13:00:00,2026,2,20,13,Quảng Trị,Xã Phong Nha,17.6475454,106.2729046,52,Moderate,1,23.0,81,0.3,14.6,68,1017.4,88,16.3,19.8,393.0,0.9,114.0,2.0
2026-02-20 14:00:00,2026,2,20,14,Quảng Trị,Xã Phong Nha,17.6475454,106.2729046,52,Moderate,1,23.6,80,0.4,14.6,63,1016.2,64,17.5,21.1,382.0,0.9,116.0,2.0
2026-02-20 15:00:00,2026,2,20,15,Quảng Trị,Xã Phong Nha,17.6475454,106.2729046,52,Moderate,1,24.1,74,0.0,14.2,64,1015.2,76,18.3,21.9,372.0,0.9,118.0,2.1
2026-02-20 16:00:00,2026,2,20,16,Quảng Trị,Xã Phong Nha,17.6475454,106.2729046,53,Moderate,1,23.7,75,0.1,13.9,63,1014.6,91,18.7,22.3,368.0,1.1,118.0,2.1
2026-02-20 17:00:00,2026,2,20,17,Quảng Trị,Xã Phong Nha,17.6475454,106.2729046,56,Moderate,1,22.6,80,0.0,12.0,72,1014.5,76,18.7,22.1,374.0,1.7,116.0,2.3
2026-02-20 18:00:00,2026,2,20,18,Quảng Trị,Xã Phong Nha,17.6475454,106.2729046,59,Moderate,1,21.8,84,0.0,7.4,77,1014.3,40,18.6,21.9,386.0,2.4,112.0,2.5
2026-02-20 19:00:00,2026,2,20,19,Quảng Trị,Xã Phong Nha,17.6475454,106.2729046,61,Moderate,1,21.5,88,0.0,6.6,74,1014.5,100,17.8,20.4,405.0,3.3,94.0,2.4
2026-02-20 20:00:00,2026,2,20,20,Quảng Trị,Xã Phong Nha,17.6475454,106.2729046,58,Moderate,1,21.3,90,0.0,5.4,90,1014.6,100,17.0,19.4,436.0,3.8,89.0,2.3
2026-02-20 21:00:00,2026,2,20,21,Quảng Trị,Xã Phong Nha,17.6475454,106.2729046,55,Moderate,1,21.1,93,0.1,2.7,94,1014.7,59,17.1,19.4,472.0,4.5,83.0,2.2
2026-02-20 22:00:00,2026,2,20,22,Quảng Trị,Xã Phong Nha,17.6475454,106.2729046,55,Moderate,1,20.2,95,0.0,0.7,180,1014.5,30,18.0,20.5,497.0,5.0,78.0,2.1
2026-02-20 23:00:00,2026,2,20,23,Quảng Trị,Xã Phong Nha,17.6475454,106.2729046,55,Moderate,1,19.6,97,0.0,1.2,231,1014.3,24,19.7,22.4,506.0,5.1,77.0,1.9
2026-02-21 00:00:00,2026,2,21,0,Quảng Trị,Xã Phong Nha,17.6475454,106.2729046,56,Moderate,1,19.1,99,0.0,2.1,232,1013.9,67,20.7,23.4,502.0,4.9,77.0,1.6
2026-02-21 01:00:00,2026,2,21,1,Quảng Trị,Xã Phong Nha,17.6475454,106.2729046,56,Moderate,1,19.6,99,0.0,2.6,231,1013.3,100,20.7,23.6,481.0,4.7,77.0,1.4
2026-02-21 02:00:00,2026,2,21,2,Quảng Trị,Xã Phong Nha,17.6475454,106.2729046,57,Moderate,1,19.9,99,0.0,1.2,243,1012.3,98,20.7,23.7,425.0,4.5,75.0,1.2
2026-02-21 03:00:00,2026,2,21,3,Quảng Trị,Xã Phong Nha,17.6475454,106.2729046,58,Moderate,1,19.1,100,0.0,2.2,215,1011.6,62,20.7,23.5,352.0,4.4,73.0,1.1
2026-02-21 04:00:00,2026,2,21,4,Quảng Trị,Xã Phong Nha,17.6475454,106.2729046,58,Moderate,1,19.3,99,0.0,2.2,246,1011.2,94,20.7,23.6,304.0,4.1,72.0,1.0
2026-02-21 05:00:00,2026,2,21,5,Quảng Trị,Xã Phong Nha,17.6475454,106.2729046,59,Moderate,1,19.5,98,0.0,2.5,240,1011.1,91,20.1,23.1,308.0,3.8,72.0,0.9
2026-02-21 06:00:00,2026,2,21,6,Quảng Trị,Xã Phong Nha,17.6475454,106.2729046,60,Moderate,1,19.6,98,0.0,1.5,225,1011.0,94,18.1,21.2,338.0,3.4,74.0,0.9
2026-02-21 07:00:00,2026,2,21,7,Quảng Trị,Xã Phong Nha,17.6475454,106.2729046,61,Moderate,1,19.8,97,0.0,4.6,225,1011.3,72,21.6,24.7,356.0,3.8,69.0,0.7
2026-02-21 08:00:00,2026,2,21,8,Quảng Trị,Xã Phong Nha,17.6475454,106.2729046,62,Moderate,1,21.5,88,0.0,4.9,184,1012.0,39,20.1,23.0,342.0,3.1,77.0,0.8
2026-02-21 09:00:00,2026,2,21,9,Quảng Trị,Xã Phong Nha,17.6475454,106.2729046,63,Moderate,1,23.6,76,0.0,7.5,140,1011.9,55,17.2,20.3,317.0,2.2,88.0,0.8
2026-02-21 10:00:00,2026,2,21,10,Quảng Trị,Xã Phong Nha,17.6475454,106.2729046,63,Moderate,1,25.2,72,0.0,6.9,105,1011.6,13,15.3,18.2,297.0,1.4,98.0,0.9
2026-02-21 11:00:00,2026,2,21,11,Quảng Trị,Xã Phong Nha,17.6475454,106.2729046,64,Moderate,1,26.7,67,0.0,8.9,83,1010.3,2,14.4,17.3,292.0,1.0,104.0,0.9
2026-02-21 12:00:00,2026,2,21,12,Quảng Trị,Xã Phong Nha,17.6475454,106.2729046,64,Moderate,1,27.4,66,0.0,11.6,71,1008.6,0,13.7,16.4,292.0,0.9,109.0,0.9
2026-02-21 13:00:00,2026,2,21,13,Quảng Trị,Xã Phong Nha,17.6475454,106.2729046,64,Moderate,1,27.4,67,0.0,12.8,76,1007.6,1,13.5,16.1,294.0,0.8,113.0,0.9
2026-02-21 14:00:00,2026,2,21,14,Quảng Trị,Xã Phong Nha,17.6475454,106.2729046,63,Moderate,1,26.5,72,0.0,13.2,83,1006.5,2,13.3,15.9,291.0,0.6,116.0,0.8
2026-02-21 15:00:00,2026,2,21,15,Quảng Trị,Xã Phong Nha,17.6475454,106.2729046,63,Moderate,1,26.0,75,0.0,12.1,90,1005.8,12,13.1,15.8,288.0,0.5,118.0,0.7
2026-02-21 16:00:00,2026,2,21,16,Quảng Trị,Xã Phong Nha,17.6475454,106.2729046,63,Moderate,1,25.2,77,0.0,10.5,96,1005.6,5,12.9,15.7,300.0,0.9,117.0,0.7
2026-02-21 17:00:00,2026,2,21,17,Quảng Trị,Xã Phong Nha,17.6475454,106.2729046,62,Moderate,1,24.6,79,0.0,8.1,102,1005.5,2,13.2,15.9,339.0,2.4,112.0,1.0
2026-02-21 18:00:00,2026,2,21,18,Quảng Trị,Xã Phong Nha,17.6475454,106.2729046,62,Moderate,1,22.9,88,0.0,4.2,110,1005.7,2,13.8,16.5,392.0,4.4,105.0,1.5
2026-02-21 19:00:00,2026,2,21,19,Quảng Trị,Xã Phong Nha,17.6475454,106.2729046,61,Moderate,1,22.2,92,0.0,4.9,126,1006.0,0,10.7,13.0,430.0,5.8,98.0,1.8
2026-02-21 20:00:00,2026,2,21,20,Quảng Trị,Xã Phong Nha,17.6475454,106.2729046,60,Moderate,1,21.4,95,0.0,4.0,126,1006.6,2,11.5,13.9,441.0,6.5,92.0,2.0
2026-02-21 21:00:00,2026,2,21,21,Quảng Trị,Xã Phong Nha,17.6475454,106.2729046,60,Moderate,1,21.1,95,0.0,2.4,138,1007.0,40,12.2,14.3,437.0,7.4,85.0,2.3
2026-02-21 22:00:00,2026,2,21,22,Quảng Trị,Xã Phong Nha,17.6475454,106.2729046,60,Moderate,1,20.7,96,0.0,2.4,163,1007.5,35,12.9,14.8,425.0,8.0,78.0,2.5
2026-02-21 23:00:00,2026,2,21,23,Quảng Trị,Xã Phong Nha,17.6475454,106.2729046,59,Moderate,1,20.5,96,0.0,1.8,169,1007.6,15,13.0,14.7,400.0,7.8,74.0,2.5
2026-02-22 00:00:00,2026,2,22,0,Quảng Trị,Xã Phong Nha,17.6475454,106.2729046,59,Moderate,1,20.2,97,0.0,1.1,180,1007.6,2,12.8,14.6,367.0,7.3,72.0,2.3
2026-02-22 01:00:00,2026,2,22,1,Quảng Trị,Xã Phong Nha,17.6475454,106.2729046,58,Moderate,1,19.6,98,0.0,2.6,196,1007.2,0,12.8,14.5,343.0,6.7,70.0,2.1
2026-02-22 02:00:00,2026,2,22,2,Quảng Trị,Xã Phong Nha,17.6475454,106.2729046,57,Moderate,1,19.4,96,0.0,1.3,225,1006.4,0,12.9,14.5,333.0,6.2,68.0,1.9
2026-02-22 03:00:00,2026,2,22,3,Quảng Trị,Xã Phong Nha,17.6475454,106.2729046,56,Moderate,1,19.1,95,0.0,1.0,239,1005.9,11,12.8,14.3,333.0,5.7,66.0,1.6
2026-02-22 04:00:00,2026,2,22,4,Quảng Trị,Xã Phong Nha,17.6475454,106.2729046,56,Moderate,1,18.8,93,0.0,1.2,243,1005.7,13,12.8,14.2,344.0,5.3,64.0,1.4
2026-02-22 05:00:00,2026,2,22,5,Quảng Trị,Xã Phong Nha,17.6475454,106.2729046,55,Moderate,1,19.0,90,0.0,0.5,270,1006.0,23,12.8,13.8,379.0,5.3,60.0,1.3
2026-02-22 06:00:00,2026,2,22,6,Quảng Trị,Xã Phong Nha,17.6475454,106.2729046,54,Moderate,1,19.1,90,0.0,0.4,180,1006.7,50,13.4,14.0,426.0,5.5,57.0,1.3
2026-02-22 07:00:00,2026,2,22,7,Quảng Trị,Xã Phong Nha,17.6475454,106.2729046,54,Moderate,1,20.4,91,0.0,0.8,225,1007.4,81,15.7,16.6,453.0,5.4,59.0,1.3
2026-02-22 08:00:00,2026,2,22,8,Quảng Trị,Xã Phong Nha,17.6475454,106.2729046,53,Moderate,1,21.9,93,0.0,4.5,7,1008.2,95,15.0,16.2,443.0,4.4,76.0,1.5
2026-02-22 09:00:00,2026,2,22,9,Quảng Trị,Xã Phong Nha,17.6475454,106.2729046,53,Moderate,1,23.1,91,0.0,7.0,23,1008.8,80,14.6,16.8,414.0,3.1,101.0,1.7
2026-02-22 10:00:00,2026,2,22,10,Quảng Trị,Xã Phong Nha,17.6475454,106.2729046,53,Moderate,1,25.2,82,0.0,6.2,44,1009.0,17,14.1,16.9,387.0,2.0,119.0,1.8
2026-02-22 11:00:00,2026,2,22,11,Quảng Trị,Xã Phong Nha,17.6475454,106.2729046,53,Moderate,1,27.1,75,0.0,7.3,70,1008.5,25,14.6,18.0,372.0,1.4,126.0,1.7
2026-02-22 12:00:00,2026,2,22,12,Quảng Trị,Xã Phong Nha,17.6475454,106.2729046,53,Moderate,1,28.1,73,0.0,9.0,67,1007.5,55,14.1,17.6,359.0,1.1,128.0,1.6
2026-02-22 13:00:00,2026,2,22,13,Quảng Trị,Xã Phong Nha,17.6475454,106.2729046,53,Moderate,1,28.3,71,0.0,11.1,59,1006.7,60,14.1,17.9,342.0,0.9,128.0,1.5
2026-02-22 14:00:00,2026,2,22,14,Quảng Trị,Xã Phong Nha,17.6475454,106.2729046,53,Moderate,1,27.5,74,0.0,10.9,59,1006.2,48,13.9,17.6,312.0,0.8,128.0,1.5
2026-02-22 15:00:00,2026,2,22,15,Quảng Trị,Xã Phong Nha,17.6475454,106.2729046,53,Moderate,1,27.3,75,0.0,10.4,69,1006.0,78,13.6,17.4,278.0,0.9,126.0,1.5
2026-02-22 16:00:00,2026,2,22,16,Quảng Trị,Xã Phong Nha,17.6475454,106.2729046,65,Moderate,1,26.1,79,0.0,9.8,64,1005.9,94,13.4,17.1,261.0,1.3,122.0,1.6
2026-02-22 17:00:00,2026,2,22,17,Quảng Trị,Xã Phong Nha,17.6475454,106.2729046,75,Moderate,1,25.2,84,0.0,9.3,74,1006.0,80,13.0,16.7,272.0,2.2,113.0,1.7
2026-02-22 18:00:00,2026,2,22,18,Quảng Trị,Xã Phong Nha,17.6475454,106.2729046,77,Moderate,1,23.6,92,0.0,7.1,47,1006.5,90,12.3,15.6,301.0,3.4,101.0,1.8
2026-02-22 19:00:00,2026,2,22,19,Quảng Trị,Xã Phong Nha,17.6475454,106.2729046,73,Moderate,1,23.0,96,0.0,6.1,60,1007.0,94,15.6,19.3,338.0,4.8,91.0,2.0
2026-02-22 20:00:00,2026,2,22,20,Quảng Trị,Xã Phong Nha,17.6475454,106.2729046,66,Moderate,1,23.0,96,0.0,4.5,74,1008.2,84,15.7,19.3,392.0,4.9,86.0,1.8
2026-02-22 21:00:00,2026,2,22,21,Quảng Trị,Xã Phong Nha,17.6475454,106.2729046,57,Moderate,1,22.9,96,0.0,4.1,88,1009.1,100,16.1,19.7,454.0,5.1,79.0,1.5
2026-02-22 22:00:00,2026,2,22,22,Quảng Trị,Xã Phong Nha,17.6475454,106.2729046,54,Moderate,1,22.7,97,0.0,3.9,77,1008.9,73,16.6,20.4,489.0,5.1,73.0,1.3
2026-02-22 23:00:00,2026,2,22,23,Quảng Trị,Xã Phong Nha,17.6475454,106.2729046,54,Moderate,1,22.3,98,0.0,3.6,63,1009.1,38,16.8,20.7,476.0,4.9,70.0,1.1
2026-02-23 00:00:00,2026,2,23,0,Quảng Trị,Xã Phong Nha,17.6475454,106.2729046,55,Moderate,1,21.9,98,0.0,3.6,45,1009.2,79,16.7,20.5,435.0,4.7,69.0,0.9
2026-02-23 01:00:00,2026,2,23,1,Quảng Trị,Xã Phong Nha,17.6475454,106.2729046,55,Moderate,1,22.6,99,0.0,4.1,88,1008.7,100,16.2,20.2,395.0,4.3,69.0,0.8
2026-02-23 02:00:00,2026,2,23,2,Quảng Trị,Xã Phong Nha,17.6475454,106.2729046,55,Moderate,1,23.0,96,0.0,5.9,102,1008.1,99,15.3,19.3,361.0,3.8,70.0,0.7
2026-02-23 03:00:00,2026,2,23,3,Quảng Trị,Xã Phong Nha,17.6475454,106.2729046,55,Moderate,1,23.0,96,0.0,4.2,85,1007.5,88,14.4,18.3,328.0,3.2,72.0,0.6
2026-02-23 04:00:00,2026,2,23,4,Quảng Trị,Xã Phong Nha,17.6475454,106.2729046,56,Moderate,1,22.4,98,0.0,4.2,78,1007.2,100,13.6,17.6,306.0,2.8,74.0,0.6
2026-02-23 05:00:00,2026,2,23,5,Quảng Trị,Xã Phong Nha,17.6475454,106.2729046,56,Moderate,1,22.3,98,0.0,3.7,61,1007.5,100,13.2,16.9,306.0,2.9,73.0,0.7
2026-02-23 06:00:00,2026,2,23,6,Quảng Trị,Xã Phong Nha,17.6475454,106.2729046,56,Moderate,1,22.5,98,0.0,4.8,53,1008.2,100,13.1,16.9,317.0,3.2,72.0,0.8
2026-02-23 07:00:00,2026,2,23,7,Quảng Trị,Xã Phong Nha,17.6475454,106.2729046,56,Moderate,1,23.1,97,0.0,6.4,82,1009.0,100,15.7,19.4,318.0,3.9,69.0,0.9
2026-02-23 08:00:00,2026,2,23,8,Quảng Trị,Xã Phong Nha,17.6475454,106.2729046,56,Moderate,1,24.2,89,0.1,8.4,113,1009.8,85,15.0,18.8,294.0,3.3,78.0,1.0
2026-02-23 09:00:00,2026,2,23,9,Quảng Trị,Xã Phong Nha,17.6475454,106.2729046,56,Moderate,1,25.6,80,0.1,10.8,120,1010.2,94,15.1,18.9,260.0,2.5,91.0,1.2
2026-02-23 10:00:00,2026,2,23,10,Quảng Trị,Xã Phong Nha,17.6475454,106.2729046,56,Moderate,1,26.4,77,0.1,8.9,104,1010.2,100,16.2,20.1,237.0,1.8,102.0,1.3
2026-02-23 11:00:00,2026,2,23,11,Quảng Trị,Xã Phong Nha,17.6475454,106.2729046,56,Moderate,1,27.8,71,0.0,7.9,86,1009.5,100,17.5,21.5,236.0,1.4,110.0,1.2
2026-02-23 12:00:00,2026,2,23,12,Quảng Trị,Xã Phong Nha,17.6475454,106.2729046,56,Moderate,1,28.8,67,0.0,9.3,81,1008.5,98,18.0,21.8,246.0,1.1,117.0,1.1
2026-02-23 13:00:00,2026,2,23,13,Quảng Trị,Xã Phong Nha,17.6475454,106.2729046,56,Moderate,1,27.3,75,0.0,13.9,66,1007.9,65,17.9,21.6,250.0,0.9,121.0,1.0
2026-02-23 14:00:00,2026,2,23,14,Quảng Trị,Xã Phong Nha,17.6475454,106.2729046,57,Moderate,1,26.8,80,0.3,10.0,81,1007.9,98,17.9,21.7,237.0,0.8,121.0,0.9
2026-02-23 15:00:00,2026,2,23,15,Quảng Trị,Xã Phong Nha,17.6475454,106.2729046,57,Moderate,1,25.6,83,0.2,11.6,75,1006.9,23,18.2,21.8,220.0,0.8,118.0,0.8
2026-02-23 16:00:00,2026,2,23,16,Quảng Trị,Xã Phong Nha,17.6475454,106.2729046,58,Moderate,1,26.0,79,0.0,11.7,85,1006.5,100,18.9,22.9,216.0,1.0,114.0,0.8
2026-02-23 17:00:00,2026,2,23,17,Quảng Trị,Xã Phong Nha,17.6475454,106.2729046,58,Moderate,1,24.6,83,0.0,11.3,91,1006.7,84,17.5,21.5,233.0,1.6,107.0,0.9
2026-02-23 18:00:00,2026,2,23,18,Quảng Trị,Xã Phong Nha,17.6475454,106.2729046,60,Moderate,1,23.8,87,0.0,7.3,80,1007.0,14,16.5,20.6,265.0,2.5,99.0,1.1
2026-02-23 19:00:00,2026,2,23,19,Quảng Trị,Xã Phong Nha,17.6475454,106.2729046,59,Moderate,1,23.6,89,0.0,6.8,93,1007.6,19,13.9,17.7,310.0,3.7,93.0,1.4
2026-02-23 20:00:00,2026,2,23,20,Quảng Trị,Xã Phong Nha,17.6475454,106.2729046,59,Moderate,1,23.0,92,0.0,3.8,73,1008.7,4,13.9,17.6,387.0,4.0,88.0,1.4
2026-02-23 21:00:00,2026,2,23,21,Quảng Trị,Xã Phong Nha,17.6475454,106.2729046,59,Moderate,1,22.4,94,0.0,2.9,86,1009.4,11,14.2,17.8,477.0,4.4,81.0,1.4
2026-02-23 22:00:00,2026,2,23,22,Quảng Trị,Xã Phong Nha,17.6475454,106.2729046,58,Moderate,1,22.0,96,0.0,2.4,48,1009.4,7,14.7,18.3,526.0,4.6,76.0,1.3
2026-02-23 23:00:00,2026,2,23,23,Quảng Trị,Xã Phong Nha,17.6475454,106.2729046,58,Moderate,1,21.7,97,0.0,1.3,146,1009.2,15,14.9,18.5,502.0,4.3,76.0,1.1
2026-02-24 00:00:00,2026,2,24,0,Quảng Trị,Xã Phong Nha,17.6475454,106.2729046,58,Moderate,1,21.4,98,0.0,0.4,207,1009.1,30,15.1,18.8,437.0,3.7,78.0,1.0
2026-02-24 01:00:00,2026,2,24,1,Quảng Trị,Xã Phong Nha,17.6475454,106.2729046,58,Moderate,1,22.9,99,0.0,4.2,70,1008.7,96,15.1,19.0,373.0,3.3,79.0,0.8
2026-02-24 02:00:00,2026,2,24,2,Quảng Trị,Xã Phong Nha,17.6475454,106.2729046,58,Moderate,1,23.2,99,0.1,7.1,84,1008.4,95,14.9,18.8,316.0,3.1,77.0,0.7
2026-02-24 03:00:00,2026,2,24,3,Quảng Trị,Xã Phong Nha,17.6475454,106.2729046,58,Moderate,1,23.0,99,0.0,5.8,88,1008.0,100,14.7,18.4,261.0,3.0,74.0,0.7
2026-02-24 04:00:00,2026,2,24,4,Quảng Trị,Xã Phong Nha,17.6475454,106.2729046,58,Moderate,1,22.8,99,0.1,3.1,103,1007.9,100,14.6,18.2,229.0,3.0,72.0,0.7
2026-02-24 05:00:00,2026,2,24,5,Quảng Trị,Xã Phong Nha,17.6475454,106.2729046,58,Moderate,1,22.9,98,0.1,3.1,59,1008.3,100,14.6,18.0,240.0,3.0,72.0,0.7
2026-02-24 06:00:00,2026,2,24,6,Quảng Trị,Xã Phong Nha,17.6475454,106.2729046,58,Moderate,1,22.8,99,0.0,4.3,75,1009.2,100,14.9,18.3,274.0,3.1,72.0,0.7
2026-02-24 07:00:00,2026,2,24,7,Quảng Trị,Xã Phong Nha,17.6475454,106.2729046,58,Moderate,1,22.6,96,0.0,4.0,111,1009.5,100,11.7,15.0,298.0,3.4,72.0,1.0
2026-02-24 08:00:00,2026,2,24,8,Quảng Trị,Xã Phong Nha,17.6475454,106.2729046,58,Moderate,1,23.3,91,0.0,4.4,128,1010.6,100,13.1,16.2,293.0,3.0,79.0,1.1
2026-02-24 09:00:00,2026,2,24,9,Quảng Trị,Xã Phong Nha,17.6475454,106.2729046,58,Moderate,1,23.6,90,0.0,3.6,96,1011.3,100,14.3,17.4,278.0,2.4,89.0,1.2
2026-02-24 10:00:00,2026,2,24,10,Quảng Trị,Xã Phong Nha,17.6475454,106.2729046,58,Moderate,1,24.3,86,0.0,6.0,85,1011.5,100,16.4,19.6,269.0,1.9,98.0,1.3
2026-02-24 11:00:00,2026,2,24,11,Quảng Trị,Xã Phong Nha,17.6475454,106.2729046,58,Moderate,1,25.5,81,0.0,6.6,74,1011.0,100,17.9,21.1,277.0,1.5,105.0,1.3
2026-02-24 12:00:00,2026,2,24,12,Quảng Trị,Xã Phong Nha,17.6475454,106.2729046,58,Moderate,1,26.1,79,0.0,5.7,62,1010.2,100,19.0,22.4,291.0,1.2,110.0,1.2
2026-02-24 13:00:00,2026,2,24,13,Quảng Trị,Xã Phong Nha,17.6475454,106.2729046,58,Moderate,1,25.8,81,0.0,7.7,51,1009.8,100,18.5,21.9,297.0,1.0,113.0,1.1
2026-02-24 14:00:00,2026,2,24,14,Quảng Trị,Xã Phong Nha,17.6475454,106.2729046,58,Moderate,1,25.3,83,0.0,10.8,58,1009.1,100,16.1,19.5,282.0,1.0,112.0,1.0
2026-02-24 15:00:00,2026,2,24,15,Quảng Trị,Xã Phong Nha,17.6475454,106.2729046,58,Moderate,1,25.3,81,0.0,10.5,74,1008.8,100,15.0,18.6,257.0,1.1,108.0,0.9
2026-02-24 16:00:00,2026,2,24,16,Quảng Trị,Xã Phong Nha,17.6475454,106.2729046,57,Moderate,1,25.2,81,0.0,10.8,75,1008.7,100,13.4,17.0,247.0,1.4,104.0,0.8
2026-02-24 17:00:00,2026,2,24,17,Quảng Trị,Xã Phong Nha,17.6475454,106.2729046,57,Moderate,1,24.7,82,0.0,9.9,86,1008.7,100,13.2,16.8,261.0,2.0,99.0,0.9
2026-02-24 18:00:00,2026,2,24,18,Quảng Trị,Xã Phong Nha,17.6475454,106.2729046,56,Moderate,1,23.7,88,0.0,7.1,83,1009.7,98,13.0,16.6,289.0,2.9,93.0,1.1
2026-02-24 19:00:00,2026,2,24,19,Quảng Trị,Xã Phong Nha,17.6475454,106.2729046,56,Moderate,1,23.4,94,0.0,8.2,80,1009.8,63,12.9,16.8,320.0,3.6,85.0,1.3
2026-02-24 20:00:00,2026,2,24,20,Quảng Trị,Xã Phong Nha,17.6475454,106.2729046,56,Moderate,1,22.9,96,0.0,5.8,83,1011.1,53,13.4,17.3,359.0,3.9,82.0,1.4
2026-02-24 21:00:00,2026,2,24,21,Quảng Trị,Xã Phong Nha,17.6475454,106.2729046,56,Moderate,1,22.5,96,0.0,3.4,72,1011.6,17,14.1,17.9,403.0,4.3,77.0,1.6
2026-02-24 22:00:00,2026,2,24,22,Quảng Trị,Xã Phong Nha,17.6475454,106.2729046,56,Moderate,1,22.0,97,0.0,2.7,127,1011.6,13,14.9,18.6,427.0,4.7,73.0,1.7
2026-02-24 23:00:00,2026,2,24,23,Quảng Trị,Xã Phong Nha,17.6475454,106.2729046,56,Moderate,1,21.9,97,0.0,1.0,211,1011.5,10,16.2,20.0,420.0,5.2,69.0,1.6
2026-02-25 00:00:00,2026,2,25,0,Quảng Trị,Xã Phong Nha,17.6475454,106.2729046,56,Moderate,1,21.5,98,0.0,0.6,252,1011.2,3,17.4,21.1,394.0,5.7,65.0,1.4
2026-02-25 01:00:00,2026,2,25,1,Quảng Trị,Xã Phong Nha,17.6475454,106.2729046,56,Moderate,1,21.6,100,0.0,0.3,225,1010.6,100,18.8,22.2,364.0,5.9,62.0,1.2
2026-02-25 02:00:00,2026,2,25,2,Quảng Trị,Xã Phong Nha,17.6475454,106.2729046,57,Moderate,1,21.9,100,0.0,1.5,216,1010.3,100,19.8,23.7,329.0,5.7,61.0,1.1
2026-02-25 03:00:00,2026,2,25,3,Quảng Trị,Xã Phong Nha,17.6475454,106.2729046,57,Moderate,1,21.9,100,0.0,3.2,207,1010.0,100,20.8,24.9,289.0,5.2,62.0,1.1
2026-02-25 04:00:00,2026,2,25,4,Quảng Trị,Xã Phong Nha,17.6475454,106.2729046,58,Moderate,1,21.6,100,0.0,2.3,203,1010.0,100,21.8,25.7,260.0,4.8,63.0,1.1
2026-02-25 05:00:00,2026,2,25,5,Quảng Trị,Xã Phong Nha,17.6475454,106.2729046,58,Moderate,1,21.2,100,0.0,3.3,283,1010.5,100,21.9,25.9,251.0,4.6,64.0,1.1
2026-02-25 06:00:00,2026,2,25,6,Quảng Trị,Xã Phong Nha,17.6475454,106.2729046,59,Moderate,1,21.3,100,0.0,1.8,294,1011.2,100,21.7,25.5,253.0,4.4,66.0,1.0
2026-02-25 07:00:00,2026,2,25,7,Quảng Trị,Xã Phong Nha,17.6475454,106.2729046,60,Moderate,1,21.5,98,0.0,1.7,347,1012.3,100,19.1,22.7,252.0,4.1,68.0,1.1
2026-02-25 08:00:00,2026,2,25,8,Quảng Trị,Xã Phong Nha,17.6475454,106.2729046,60,Moderate,1,22.5,93,0.0,5.5,113,1012.6,84,15.1,18.8,240.0,3.3,76.0,1.1
2026-02-25 09:00:00,2026,2,25,9,Quảng Trị,Xã Phong Nha,17.6475454,106.2729046,60,Moderate,1,24.4,80,0.0,5.7,99,1012.7,100,13.3,16.9,225.0,2.2,86.0,1.2
2026-02-25 10:00:00,2026,2,25,10,Quảng Trị,Xã Phong Nha,17.6475454,106.2729046,60,Moderate,1,25.2,74,0.1,6.5,96,1012.8,100,12.7,16.3,212.0,1.3,95.0,1.2
2026-02-25 11:00:00,2026,2,25,11,Quảng Trị,Xã Phong Nha,17.6475454,106.2729046,60,Moderate,1,26.2,70,0.0,8.2,76,1011.9,99,12.3,15.9,205.0,0.9,100.0,1.2
2026-02-25 12:00:00,2026,2,25,12,Quảng Trị,Xã Phong Nha,17.6475454,106.2729046,59,Moderate,1,26.6,69,0.0,9.4,59,1011.1,97,12.2,15.8,201.0,0.7,102.0,1.1
2026-02-25 13:00:00,2026,2,25,13,Quảng Trị,Xã Phong Nha,17.6475454,106.2729046,59,Moderate,1,26.2,70,0.0,10.8,62,1010.7,100,12.3,15.9,198.0,0.6,103.0,1.0
2026-02-25 14:00:00,2026,2,25,14,Quảng Trị,Xã Phong Nha,17.6475454,106.2729046,58,Moderate,1,26.2,68,0.0,10.1,70,1009.7,95,12.3,15.9,193.0,0.5,103.0,0.9
2026-02-25 15:00:00,2026,2,25,15,Quảng Trị,Xã Phong Nha,17.6475454,106.2729046,58,Moderate,1,26.0,69,0.0,10.7,67,1009.4,52,12.0,15.8,190.0,0.6,101.0,0.8
2026-02-25 16:00:00,2026,2,25,16,Quảng Trị,Xã Phong Nha,17.6475454,106.2729046,58,Moderate,1,25.2,70,0.0,10.5,65,1009.1,55,11.9,15.7,195.0,0.8,98.0,0.8
2026-02-25 17:00:00,2026,2,25,17,Quảng Trị,Xã Phong Nha,17.6475454,106.2729046,58,Moderate,1,24.2,77,0.0,12.5,78,1009.2,16,11.6,15.4,211.0,1.2,94.0,0.9
2026-02-25 18:00:00,2026,2,25,18,Quảng Trị,Xã Phong Nha,17.6475454,106.2729046,57,Moderate,1,22.4,88,0.0,10.0,77,1009.5,9,11.2,14.8,236.0,1.8,90.0,1.0
2026-02-25 19:00:00,2026,2,25,19,Quảng Trị,Xã Phong Nha,17.6475454,106.2729046,57,Moderate,1,22.8,93,0.0,6.6,74,1010.1,90,8.4,11.5,266.0,2.4,86.0,1.1
2026-02-25 20:00:00,2026,2,25,20,Quảng Trị,Xã Phong Nha,17.6475454,106.2729046,57,Moderate,1,22.9,92,0.0,5.0,88,1010.6,87,9.2,12.3,309.0,3.0,82.0,1.2
2026-02-25 21:00:00,2026,2,25,21,Quảng Trị,Xã Phong Nha,17.6475454,106.2729046,56,Moderate,1,22.1,96,0.0,3.1,103,1011.3,79,9.9,13.0,357.0,3.7,76.0,1.4
2026-02-25 22:00:00,2026,2,25,22,Quảng Trị,Xã Phong Nha,17.6475454,106.2729046,56,Moderate,1,21.8,96,0.0,3.4,87,1011.1,52,10.7,13.8,384.0,4.3,71.0,1.5
2026-02-25 23:00:00,2026,2,25,23,Quảng Trị,Xã Phong Nha,17.6475454,106.2729046,56,Moderate,1,21.5,96,0.0,2.0,85,1010.9,49,12.0,15.0,376.0,4.4,69.0,1.4
2026-02-26 00:00:00,2026,2,26,0,Quảng Trị,Xã Phong Nha,17.6475454,106.2729046,55,Moderate,1,21.3,97,0.0,0.9,127,1010.5,18,13.1,16.2,347.0,4.4,69.0,1.3
2026-02-26 01:00:00,2026,2,26,1,Quảng Trị,Xã Phong Nha,17.6475454,106.2729046,55,Moderate,1,21.3,98,0.0,1.1,108,1009.7,5,13.7,16.6,314.0,4.3,69.0,1.2
2026-02-26 02:00:00,2026,2,26,2,Quảng Trị,Xã Phong Nha,17.6475454,106.2729046,55,Moderate,1,20.9,100,0.0,0.9,191,1009.3,100,14.5,17.4,276.0,4.3,68.0,1.2
2026-02-26 03:00:00,2026,2,26,3,Quảng Trị,Xã Phong Nha,17.6475454,106.2729046,54,Moderate,1,20.6,99,0.0,1.3,262,1009.5,100,15.1,18.0,234.0,4.4,66.0,1.3
2026-02-26 04:00:00,2026,2,26,4,Quảng Trị,Xã Phong Nha,17.6475454,106.2729046,54,Moderate,1,20.8,99,0.0,1.5,234,1009.6,100,15.7,18.6,207.0,4.3,66.0,1.3
2026-02-26 05:00:00,2026,2,26,5,Quảng Trị,Xã Phong Nha,17.6475454,106.2729046,53,Moderate,1,20.7,99,0.0,2.8,207,1009.7,100,16.4,19.4,207.0,4.1,67.0,1.3
2026-02-26 06:00:00,2026,2,26,6,Quảng Trị,Xã Phong Nha,17.6475454,106.2729046,53,Moderate,1,20.7,99,0.0,4.0,231,1009.8,100,16.8,20.0,221.0,3.8,70.0,1.2
2026-02-26 07:00:00,2026,2,26,7,Quảng Trị,Xã Phong Nha,17.6475454,106.2729046,52,Moderate,1,21.6,96,0.0,2.2,228,1010.3,98,16.8,20.8,230.0,3.3,70.0,0.8
2026-02-26 08:00:00,2026,2,26,8,Quảng Trị,Xã Phong Nha,17.6475454,106.2729046,52,Moderate,1,23.0,90,0.0,3.1,135,1010.2,31,13.6,17.5,225.0,2.8,78.0,0.8
2026-02-26 09:00:00,2026,2,26,9,Quảng Trị,Xã Phong Nha,17.6475454,106.2729046,52,Moderate,1,24.8,78,0.1,3.9,106,1010.8,94,13.2,16.7,215.0,2.0,89.0,0.9
2026-02-26 10:00:00,2026,2,26,10,Quảng Trị,Xã Phong Nha,17.6475454,106.2729046,52,Moderate,1,25.3,76,0.1,4.3,45,1011.0,100,16.7,20.1,207.0,1.4,98.0,0.9
2026-02-26 11:00:00,2026,2,26,11,Quảng Trị,Xã Phong Nha,17.6475454,106.2729046,52,Moderate,1,25.9,75,0.1,5.9,67,1010.0,100,16.1,19.5,204.0,1.1,105.0,0.9
2026-02-26 12:00:00,2026,2,26,12,Quảng Trị,Xã Phong Nha,17.6475454,106.2729046,52,Moderate,1,26.4,74,0.1,7.7,57,1008.8,100,18.8,22.6,204.0,0.9,110.0,1.0
2026-02-26 13:00:00,2026,2,26,13,Quảng Trị,Xã Phong Nha,17.6475454,106.2729046,53,Moderate,1,26.4,77,0.0,9.6,56,1007.9,100,18.9,22.5,204.0,0.8,114.0,1.0
2026-02-26 14:00:00,2026,2,26,14,Quảng Trị,Xã Phong Nha,17.6475454,106.2729046,54,Moderate,1,25.6,80,0.3,12.7,59,1006.8,100,18.7,22.2,199.0,0.7,116.0,0.9
2026-02-26 15:00:00,2026,2,26,15,Quảng Trị,Xã Phong Nha,17.6475454,106.2729046,54,Moderate,1,25.2,80,0.2,13.1,77,1006.0,63,18.8,22.1,195.0,0.6,116.0,0.8
2026-02-26 16:00:00,2026,2,26,16,Quảng Trị,Xã Phong Nha,17.6475454,106.2729046,55,Moderate,1,25.0,81,0.1,11.5,76,1005.7,100,19.5,22.6,206.0,0.9,113.0,0.8
2026-02-26 17:00:00,2026,2,26,17,Quảng Trị,Xã Phong Nha,17.6475454,106.2729046,55,Moderate,1,24.6,82,0.0,10.3,86,1005.5,100,18.3,21.4,244.0,1.8,104.0,0.9
2026-02-26 18:00:00,2026,2,26,18,Quảng Trị,Xã Phong Nha,17.6475454,106.2729046,56,Moderate,1,23.9,85,0.0,6.9,81,1005.9,44,16.8,19.8,298.0,3.0,92.0,1.1
2026-02-26 19:00:00,2026,2,26,19,Quảng Trị,Xã Phong Nha,17.6475454,106.2729046,57,Moderate,1,23.2,96,0.0,4.0,100,1006.5,48,17.1,20.5,344.0,3.8,83.0,1.3
2026-02-26 20:00:00,2026,2,26,20,Quảng Trị,Xã Phong Nha,17.6475454,106.2729046,57,Moderate,1,22.5,98,0.0,3.4,122,1006.9,49,15.9,19.0,382.0,4.3,78.0,1.4
2026-02-26 21:00:00,2026,2,26,21,Quảng Trị,Xã Phong Nha,17.6475454,106.2729046,58,Moderate,1,22.4,98,0.0,1.3,146,1007.4,39,14.6,17.5,414.0,5.0,71.0,1.5
2026-02-26 22:00:00,2026,2,26,22,Quảng Trị,Xã Phong Nha,17.6475454,106.2729046,58,Moderate,1,22.3,98,0.0,1.2,129,1007.5,18,14.7,17.2,417.0,5.5,66.0,1.6
2026-02-26 23:00:00,2026,2,26,23,Quảng Trị,Xã Phong Nha,17.6475454,106.2729046,59,Moderate,1,21.9,98,0.0,1.7,148,1007.3,17,15.3,18.0,369.0,5.7,66.0,1.5
2026-02-27 00:00:00,2026,2,27,0,Quảng Trị,Xã Phong Nha,17.6475454,106.2729046,59,Moderate,1,21.7,98,0.0,1.2,219,1007.1,2,15.9,18.7,293.0,5.6,68.0,1.4
2026-02-27 01:00:00,2026,2,27,1,Quảng Trị,Xã Phong Nha,17.6475454,106.2729046,59,Moderate,1,22.7,100,0.0,1.8,180,1006.5,100,16.7,19.4,238.0,5.6,70.0,1.3
2026-02-27 02:00:00,2026,2,27,2,Quảng Trị,Xã Phong Nha,17.6475454,106.2729046,59,Moderate,1,23.0,99,0.0,0.7,104,1005.8,100,17.5,20.0,224.0,5.6,69.0,1.3
2026-02-27 03:00:00,2026,2,27,3,Quảng Trị,Xã Phong Nha,17.6475454,106.2729046,60,Moderate,1,22.7,100,0.0,1.1,189,1005.6,100,18.4,20.7,230.0,5.7,68.0,1.3
2026-02-27 04:00:00,2026,2,27,4,Quảng Trị,Xã Phong Nha,17.6475454,106.2729046,60,Moderate,1,22.6,100,0.0,2.9,248,1005.9,99,18.4,20.8,246.0,5.7,66.0,1.3
2026-02-27 05:00:00,2026,2,27,5,Quảng Trị,Xã Phong Nha,17.6475454,106.2729046,60,Moderate,1,22.3,100,0.0,2.3,209,1005.9,99,18.0,20.4,275.0,5.8,62.0,1.3
2026-02-27 06:00:00,2026,2,27,6,Quảng Trị,Xã Phong Nha,17.6475454,106.2729046,60,Moderate,1,22.1,99,0.0,3.1,225,1006.6,100,18.6,20.2,313.0,5.9,59.0,1.3
2026-02-27 07:00:00,2026,2,27,7,Quảng Trị,Xã Phong Nha,17.6475454,106.2729046,61,Moderate,1,21.2,98,0.2,3.1,277,1007.2,39,15.5,16.5,340.0,6.3,59.0,1.2
2026-02-27 08:00:00,2026,2,27,8,Quảng Trị,Xã Phong Nha,17.6475454,106.2729046,60,Moderate,1,22.9,96,0.0,4.9,332,1007.8,100,15.6,16.5,346.0,5.0,74.0,1.6
2026-02-27 09:00:00,2026,2,27,9,Quảng Trị,Xã Phong Nha,17.6475454,106.2729046,61,Moderate,1,24.7,89,0.0,3.2,317,1008.0,95,18.1,18.9,341.0,3.2,94.0,2.1
2026-02-27 10:00:00,2026,2,27,10,Quảng Trị,Xã Phong Nha,17.6475454,106.2729046,61,Moderate,1,27.0,79,0.0,3.5,345,1008.2,50,19.8,20.7,332.0,1.9,110.0,2.3
2026-02-27 11:00:00,2026,2,27,11,Quảng Trị,Xã Phong Nha,17.6475454,106.2729046,61,Moderate,1,29.2,71,0.0,4.0,27,1007.3,63,20.5,21.7,319.0,1.4,117.0,2.0
2026-02-27 12:00:00,2026,2,27,12,Quảng Trị,Xã Phong Nha,17.6475454,106.2729046,62,Moderate,1,30.3,70,0.1,4.0,63,1006.0,81,21.5,23.5,303.0,1.3,119.0,1.4
2026-02-27 13:00:00,2026,2,27,13,Quảng Trị,Xã Phong Nha,17.6475454,106.2729046,62,Moderate,1,28.4,73,4.7,8.9,72,1005.6,82,21.3,24.2,294.0,1.3,119.0,1.0
2026-02-27 14:00:00,2026,2,27,14,Quảng Trị,Xã Phong Nha,17.6475454,106.2729046,62,Moderate,1,26.6,87,0.3,8.9,62,1004.7,58,22.5,25.0,290.0,1.3,118.0,0.8
2026-02-27 15:00:00,2026,2,27,15,Quảng Trị,Xã Phong Nha,17.6475454,106.2729046,63,Moderate,1,27.4,82,0.2,8.7,63,1003.5,36,19.9,22.6,293.0,1.5,115.0,0.7
2026-02-27 16:00:00,2026,2,27,16,Quảng Trị,Xã Phong Nha,17.6475454,106.2729046,63,Moderate,1,26.5,85,0.2,8.0,337,1003.6,91,18.7,21.1,316.0,2.0,111.0,0.8
2026-02-27 17:00:00,2026,2,27,17,Quảng Trị,Xã Phong Nha,17.6475454,106.2729046,63,Moderate,1,25.3,94,0.3,2.7,152,1003.6,40,18.7,20.7,384.0,3.0,106.0,1.2
2026-02-27 18:00:00,2026,2,27,18,Quảng Trị,Xã Phong Nha,17.6475454,106.2729046,63,Moderate,1,24.9,95,0.0,1.7,108,1004.0,13,17.9,19.4,472.0,4.3,101.0,1.7
2026-02-27 19:00:00,2026,2,27,19,Quảng Trị,Xã Phong Nha,17.6475454,106.2729046,63,Moderate,1,24.7,97,0.0,5.2,146,1004.6,69,19.6,21.3,516.0,7.3,101.0,3.0
2026-02-27 20:00:00,2026,2,27,20,Quảng Trị,Xã Phong Nha,17.6475454,106.2729046,63,Moderate,1,23.6,98,0.0,4.6,169,1005.3,92,21.4,23.0,473.0,7.9,95.0,3.1
2026-02-27 21:00:00,2026,2,27,21,Quảng Trị,Xã Phong Nha,17.6475454,106.2729046,63,Moderate,1,23.1,97,0.0,4.5,182,1005.5,46,22.6,24.1,385.0,8.6,86.0,3.3
2026-02-27 22:00:00,2026,2,27,22,Quảng Trị,Xã Phong Nha,17.6475454,106.2729046,64,Moderate,1,23.0,94,0.0,3.7,241,1005.6,23,22.9,24.4,317.0,9.0,78.0,3.3
2026-02-27 23:00:00,2026,2,27,23,Quảng Trị,Xã Phong Nha,17.6475454,106.2729046,65,Moderate,1,22.7,93,0.0,3.9,223,1005.3,17,22.6,24.0,296.0,8.8,71.0,3.1
2026-02-28 00:00:00,2026,2,28,0,Quảng Trị,Xã Phong Nha,17.6475454,106.2729046,65,Moderate,1,23.0,91,0.0,2.6,231,1005.1,2,21.9,23.1,295.0,8.2,64.0,2.8
2026-02-28 01:00:00,2026,2,28,1,Quảng Trị,Xã Phong Nha,17.6475454,106.2729046,66,Moderate,1,22.6,94,0.0,2.7,217,1004.7,2,21.2,21.8,294.0,7.7,57.0,2.5
2026-02-28 02:00:00,2026,2,28,2,Quảng Trị,Xã Phong Nha,17.6475454,106.2729046,66,Moderate,1,22.7,93,0.0,1.4,180,1004.2,8,20.4,20.9,282.0,7.4,49.0,2.2
2026-02-28 03:00:00,2026,2,28,3,Quảng Trị,Xã Phong Nha,17.6475454,106.2729046,67,Moderate,1,22.2,95,0.0,2.8,140,1003.8,2,19.7,20.1,271.0,7.2,42.0,1.9
2026-02-28 04:00:00,2026,2,28,4,Quảng Trị,Xã Phong Nha,17.6475454,106.2729046,67,Moderate,1,22.1,94,0.0,0.9,180,1004.0,4,19.4,19.6,273.0,7.0,36.0,1.7
2026-02-28 05:00:00,2026,2,28,5,Quảng Trị,Xã Phong Nha,17.6475454,106.2729046,67,Moderate,1,21.9,95,0.0,1.1,180,1004.7,8,18.9,19.2,304.0,7.0,31.0,1.7
2026-02-28 06:00:00,2026,2,28,6,Quảng Trị,Xã Phong Nha,17.6475454,106.2729046,67,Moderate,1,21.4,96,0.0,1.3,214,1005.3,9,18.4,18.8,349.0,6.9,29.0,1.7
2026-02-28 07:00:00,2026,2,28,7,Quảng Trị,Xã Phong Nha,17.6475454,106.2729046,67,Moderate,1,22.0,96,0.0,2.2,222,1006.0,1,18.9,19.9,378.0,6.6,36.0,1.7
2026-02-28 08:00:00,2026,2,28,8,Quảng Trị,Xã Phong Nha,17.6475454,106.2729046,67,Moderate,1,24.4,94,0.0,2.1,52,1006.8,3,18.2,19.6,378.0,5.3,56.0,1.9
2026-02-28 09:00:00,2026,2,28,9,Quảng Trị,Xã Phong Nha,17.6475454,106.2729046,67,Moderate,1,26.4,85,0.0,7.3,57,1007.1,8,19.4,21.1,362.0,3.6,85.0,2.1
2026-02-28 10:00:00,2026,2,28,10,Quảng Trị,Xã Phong Nha,17.6475454,106.2729046,68,Moderate,1,28.5,78,0.0,7.9,51,1007.2,38,17.7,19.6,342.0,2.2,108.0,2.2
2026-02-28 11:00:00,2026,2,28,11,Quảng Trị,Xã Phong Nha,17.6475454,106.2729046,67,Moderate,1,29.2,81,1.8,6.4,22,1006.7,41,16.3,18.5,317.0,1.6,122.0,2.1
2026-02-28 12:00:00,2026,2,28,12,Quảng Trị,Xã Phong Nha,17.6475454,106.2729046,67,Moderate,1,31.2,69,2.0,1.9,61,1005.5,43,16.5,19.0,288.0,1.4,131.0,1.8
2026-02-28 13:00:00,2026,2,28,13,Quảng Trị,Xã Phong Nha,17.6475454,106.2729046,67,Moderate,1,31.9,58,0.4,3.4,137,1004.6,15,17.5,20.1,266.0,1.3,137.0,1.6
2026-02-28 14:00:00,2026,2,28,14,Quảng Trị,Xã Phong Nha,17.6475454,106.2729046,66,Moderate,1,31.8,60,0.0,5.3,102,1003.4,26,18.0,20.5,255.0,1.2,140.0,1.4
2026-02-28 15:00:00,2026,2,28,15,Quảng Trị,Xã Phong Nha,17.6475454,106.2729046,66,Moderate,1,31.1,67,0.0,7.0,93,1002.5,16,17.6,20.1,251.0,1.2,140.0,1.3
2026-02-28 16:00:00,2026,2,28,16,Quảng Trị,Xã Phong Nha,17.6475454,106.2729046,66,Moderate,1,30.5,69,0.0,6.2,78,1002.1,12,17.9,20.4,255.0,1.5,137.0,1.2
2026-02-28 17:00:00,2026,2,28,17,Quảng Trị,Xã Phong Nha,17.6475454,106.2729046,79,Moderate,1,29.0,76,0.0,6.3,59,1002.6,7,18.6,21.1,274.0,2.4,129.0,1.3
2026-02-28 18:00:00,2026,2,28,18,Quảng Trị,Xã Phong Nha,17.6475454,106.2729046,89,Moderate,1,26.5,89,0.0,3.2,56,1003.1,3,19.2,21.5,302.0,3.6,117.0,1.4
2026-02-28 19:00:00,2026,2,28,19,Quảng Trị,Xã Phong Nha,17.6475454,106.2729046,91,Moderate,1,25.4,91,0.0,4.8,158,1004.0,53,19.0,21.2,321.0,5.2,109.0,1.6
2026-02-28 20:00:00,2026,2,28,20,Quảng Trị,Xã Phong Nha,17.6475454,106.2729046,88,Moderate,1,24.8,93,0.0,4.1,180,1004.8,79,18.6,20.5,326.0,5.4,103.0,1.8
2026-02-28 21:00:00,2026,2,28,21,Quảng Trị,Xã Phong Nha,17.6475454,106.2729046,82,Moderate,1,24.2,93,0.0,5.2,205,1005.1,77,18.3,20.0,323.0,5.6,95.0,2.0
2026-02-28 22:00:00,2026,2,28,22,Quảng Trị,Xã Phong Nha,17.6475454,106.2729046,73,Moderate,1,23.9,90,0.0,4.8,217,1005.2,5,18.7,20.0,314.0,5.8,87.0,2.1
2026-02-28 23:00:00,2026,2,28,23,Quảng Trị,Xã Phong Nha,17.6475454,106.2729046,65,Moderate,1,23.6,90,0.0,4.5,194,1004.8,0,19.3,20.3,295.0,6.0,79.0,2.1
2026-03-01 00:00:00,2026,3,1,0,Quảng Trị,Xã Phong Nha,17.6475454,106.2729046,64,Moderate,1,23.2,90,0.0,3.7,256,1004.5,0,19.8,20.7,271.0,6.1,70.0,2.0
2026-03-01 01:00:00,2026,3,1,1,Quảng Trị,Xã Phong Nha,17.6475454,106.2729046,64,Moderate,1,23.2,91,0.0,3.1,225,1003.7,0,20.2,21.0,252.0,6.2,62.0,1.9
2026-03-01 02:00:00,2026,3,1,2,Quảng Trị,Xã Phong Nha,17.6475454,106.2729046,64,Moderate,1,23.2,92,0.0,3.3,216,1003.4,0,20.4,21.1,243.0,6.2,55.0,1.7
2026-03-01 03:00:00,2026,3,1,3,Quảng Trị,Xã Phong Nha,17.6475454,106.2729046,64,Moderate,1,23.0,92,0.0,2.7,228,1003.4,1,20.5,20.9,239.0,6.2,50.0,1.5
2026-03-01 04:00:00,2026,3,1,4,Quảng Trị,Xã Phong Nha,17.6475454,106.2729046,64,Moderate,1,22.8,92,0.0,2.4,228,1003.7,1,21.0,21.2,245.0,6.1,46.0,1.3
2026-03-01 05:00:00,2026,3,1,5,Quảng Trị,Xã Phong Nha,17.6475454,106.2729046,64,Moderate,1,22.8,92,0.0,2.5,225,1004.1,0,21.4,21.5,269.0,6.1,41.0,1.2
2026-03-01 06:00:00,2026,3,1,6,Quảng Trị,Xã Phong Nha,17.6475454,106.2729046,64,Moderate,1,22.4,94,0.0,3.4,223,1004.8,7,21.7,21.8,302.0,6.0,38.0,1.2
2026-03-01 07:00:00,2026,3,1,7,Quảng Trị,Xã Phong Nha,17.6475454,106.2729046,65,Moderate,1,23.4,94,0.0,5.4,236,1005.3,6,19.4,19.4,319.0,6.3,42.0,1.5
2026-03-01 08:00:00,2026,3,1,8,Quảng Trị,Xã Phong Nha,17.6475454,106.2729046,65,Moderate,1,26.3,89,0.0,1.5,353,1006.3,38,20.9,21.0,303.0,5.1,66.0,1.8
2026-03-01 09:00:00,2026,3,1,9,Quảng Trị,Xã Phong Nha,17.6475454,106.2729046,65,Moderate,1,29.6,77,0.0,2.7,62,1006.9,100,20.1,20.4,270.0,3.5,99.0,2.2
2026-03-01 10:00:00,2026,3,1,10,Quảng Trị,Xã Phong Nha,17.6475454,106.2729046,65,Moderate,1,31.6,64,0.0,5.2,211,1006.8,88,18.8,19.4,243.0,2.3,126.0,2.4
2026-03-01 11:00:00,2026,3,1,11,Quảng Trị,Xã Phong Nha,17.6475454,106.2729046,65,Moderate,1,33.3,54,0.0,8.0,214,1006.1,80,18.4,20.4,232.0,1.8,142.0,2.3
2026-03-01 12:00:00,2026,3,1,12,Quảng Trị,Xã Phong Nha,17.6475454,106.2729046,65,Moderate,1,34.1,48,0.0,9.1,236,1004.7,88,17.5,19.8,228.0,1.7,152.0,2.1
2026-03-01 13:00:00,2026,3,1,13,Quảng Trị,Xã Phong Nha,17.6475454,106.2729046,65,Moderate,1,34.9,46,0.0,7.5,253,1003.9,94,17.2,19.6,225.0,1.7,158.0,1.9
2026-03-01 14:00:00,2026,3,1,14,Quảng Trị,Xã Phong Nha,17.6475454,106.2729046,65,Moderate,1,33.8,46,0.0,8.4,220,1003.7,91,15.8,18.3,218.0,1.5,161.0,1.7
2026-03-01 15:00:00,2026,3,1,15,Quảng Trị,Xã Phong Nha,17.6475454,106.2729046,68,Moderate,1,33.7,49,0.0,2.6,231,1002.8,98,15.3,18.1,213.0,1.3,159.0,1.6
2026-03-01 16:00:00,2026,3,1,16,Quảng Trị,Xã Phong Nha,17.6475454,106.2729046,93,Moderate,1,32.6,52,0.0,1.8,264,1002.6,99,14.9,17.8,218.0,1.6,154.0,1.5
2026-03-01 17:00:00,2026,3,1,17,Quảng Trị,Xã Phong Nha,17.6475454,106.2729046,111,Unhealthy for Sensitive Groups,2,30.9,65,0.0,1.7,103,1003.1,98,14.1,16.8,244.0,2.7,144.0,1.6
2026-03-01 18:00:00,2026,3,1,18,Quảng Trị,Xã Phong Nha,17.6475454,106.2729046,121,Unhealthy for Sensitive Groups,2,28.4,81,0.0,0.6,56,1003.8,95,14.0,16.2,281.0,4.2,131.0,1.7
2026-03-01 19:00:00,2026,3,1,19,Quảng Trị,Xã Phong Nha,17.6475454,106.2729046,122,Unhealthy for Sensitive Groups,2,27.0,84,0.0,5.6,121,1003.9,96,20.6,22.5,304.0,6.7,121.0,2.3
2026-03-01 20:00:00,2026,3,1,20,Quảng Trị,Xã Phong Nha,17.6475454,106.2729046,118,Unhealthy for Sensitive Groups,2,26.0,89,0.0,3.6,198,1005.0,91,19.9,21.4,301.0,6.9,113.0,2.6
2026-03-01 21:00:00,2026,3,1,21,Quảng Trị,Xã Phong Nha,17.6475454,106.2729046,109,Unhealthy for Sensitive Groups,2,25.2,90,0.0,5.2,209,1005.5,48,20.1,21.3,285.0,7.3,101.0,2.9
2026-03-01 22:00:00,2026,3,1,22,Quảng Trị,Xã Phong Nha,17.6475454,106.2729046,97,Moderate,1,24.7,90,0.0,5.5,221,1005.6,28,20.9,21.8,268.0,7.6,89.0,3.1
2026-03-01 23:00:00,2026,3,1,23,Quảng Trị,Xã Phong Nha,17.6475454,106.2729046,82,Moderate,1,24.3,92,0.0,7.0,238,1005.5,3,21.7,22.5,254.0,7.8,78.0,3.1
2026-03-02 00:00:00,2026,3,2,0,Quảng Trị,Xã Phong Nha,17.6475454,106.2729046,65,Moderate,1,24.0,93,0.0,7.2,245,1005.6,9,21.9,22.6,239.0,8.0,68.0,2.9
2026-03-02 01:00:00,2026,3,2,1,Quảng Trị,Xã Phong Nha,17.6475454,106.2729046,65,Moderate,1,23.8,95,0.0,5.2,229,1005.2,74,21.9,22.4,227.0,8.1,59.0,2.7
2026-03-02 02:00:00,2026,3,2,2,Quảng Trị,Xã Phong Nha,17.6475454,106.2729046,65,Moderate,1,23.9,93,0.0,5.5,221,1004.8,17,21.7,22.0,214.0,7.9,53.0,2.5
2026-03-02 03:00:00,2026,3,2,3,Quảng Trị,Xã Phong Nha,17.6475454,106.2729046,65,Moderate,1,23.8,92,0.0,6.2,218,1004.6,34,21.1,21.4,204.0,7.6,48.0,2.2
2026-03-02 04:00:00,2026,3,2,4,Quảng Trị,Xã Phong Nha,17.6475454,106.2729046,65,Moderate,1,23.4,94,0.0,5.7,221,1004.6,88,20.8,21.1,207.0,7.3,45.0,2.0
2026-03-02 05:00:00,2026,3,2,5,Quảng Trị,Xã Phong Nha,17.6475454,106.2729046,65,Moderate,1,23.1,95,0.0,6.6,237,1005.5,89,20.8,21.0,236.0,7.2,40.0,1.9
2026-03-02 06:00:00,2026,3,2,6,Quảng Trị,Xã Phong Nha,17.6475454,106.2729046,65,Moderate,1,23.3,94,0.0,8.0,232,1006.0,69,20.7,20.8,278.0,7.2,37.0,1.8
2026-03-02 07:00:00,2026,3,2,7,Quảng Trị,Xã Phong Nha,17.6475454,106.2729046,65,Moderate,1,24.4,90,0.0,5.8,216,1006.6,18,23.2,23.9,303.0,7.0,51.0,2.3
2026-03-02 08:00:00,2026,3,2,8,Quảng Trị,Xã Phong Nha,17.6475454,106.2729046,65,Moderate,1,27.7,82,0.0,3.3,151,1007.5,12,24.2,24.7,290.0,5.6,73.0,2.4
2026-03-02 09:00:00,2026,3,2,9,Quảng Trị,Xã Phong Nha,17.6475454,106.2729046,66,Moderate,1,30.9,69,0.0,5.8,144,1007.8,34,24.7,26.2,261.0,3.7,103.0,2.6
2026-03-02 10:00:00,2026,3,2,10,Quảng Trị,Xã Phong Nha,17.6475454,106.2729046,66,Moderate,1,33.4,54,0.0,9.9,201,1007.9,86,24.6,26.2,252.0,2.4,128.0,2.7
2026-03-02 11:00:00,2026,3,2,11,Quảng Trị,Xã Phong Nha,17.6475454,106.2729046,67,Moderate,1,34.6,49,0.0,9.0,233,1007.3,96,25.8,27.4,283.0,2.1,142.0,2.7
2026-03-02 12:00:00,2026,3,2,12,Quảng Trị,Xã Phong Nha,17.6475454,106.2729046,67,Moderate,1,35.1,47,0.0,9.7,228,1006.3,73,28.9,30.5,334.0,2.3,152.0,2.8
2026-03-02 13:00:00,2026,3,2,13,Quảng Trị,Xã Phong Nha,17.6475454,106.2729046,68,Moderate,1,33.2,52,0.1,8.6,213,1005.9,91,33.3,35.3,378.0,2.6,158.0,2.7
2026-03-02 14:00:00,2026,3,2,14,Quảng Trị,Xã Phong Nha,17.6475454,106.2729046,70,Moderate,1,35.2,46,0.0,4.1,167,1004.4,39,36.4,38.8,378.0,2.6,163.0,2.5
2026-03-02 15:00:00,2026,3,2,15,Quảng Trị,Xã Phong Nha,17.6475454,106.2729046,73,Moderate,1,34.1,48,0.0,4.2,168,1003.8,8,35.9,38.3,371.0,2.6,166.0,2.3
2026-03-02 16:00:00,2026,3,2,16,Quảng Trị,Xã Phong Nha,17.6475454,106.2729046,97,Moderate,1,33.4,53,0.0,4.7,88,1003.5,43,32.8,35.4,436.0,2.9,163.0,2.2
2026-03-02 17:00:00,2026,3,2,17,Quảng Trị,Xã Phong Nha,17.6475454,106.2729046,116,Unhealthy for Sensitive Groups,2,30.1,77,0.2,10.5,52,1004.0,13,28.9,31.8,682.0,3.9,152.0,2.2
2026-03-02 18:00:00,2026,3,2,18,Quảng Trị,Xã Phong Nha,17.6475454,106.2729046,127,Unhealthy for Sensitive Groups,2,27.6,87,0.0,8.4,48,1005.0,10,26.2,28.6,1001.0,5.2,135.0,2.4
2026-03-02 19:00:00,2026,3,2,19,Quảng Trị,Xã Phong Nha,17.6475454,106.2729046,128,Unhealthy for Sensitive Groups,2,26.5,93,0.0,3.8,73,1005.3,9,29.0,31.7,1151.0,6.8,127.0,2.7
2026-03-02 20:00:00,2026,3,2,20,Quảng Trị,Xã Phong Nha,17.6475454,106.2729046,125,Unhealthy for Sensitive Groups,2,26.6,93,0.0,1.2,129,1006.0,13,27.4,29.9,969.0,7.2,120.0,2.9
2026-03-02 21:00:00,2026,3,2,21,Quảng Trị,Xã Phong Nha,17.6475454,106.2729046,118,Unhealthy for Sensitive Groups,2,26.0,95,0.0,1.1,279,1006.6,9,27.5,29.7,618.0,7.8,110.0,3.3
2026-03-02 22:00:00,2026,3,2,22,Quảng Trị,Xã Phong Nha,17.6475454,106.2729046,108,Unhealthy for Sensitive Groups,2,25.3,96,0.0,3.6,279,1007.0,0,28.1,29.9,346.0,8.2,99.0,3.5
2026-03-02 23:00:00,2026,3,2,23,Quảng Trị,Xã Phong Nha,17.6475454,106.2729046,95,Moderate,1,24.3,96,0.0,3.1,260,1007.0,1,28.3,29.9,260.0,8.4,89.0,3.5
2026-03-03 00:00:00,2026,3,3,0,Quảng Trị,Xã Phong Nha,17.6475454,106.2729046,81,Moderate,1,23.7,92,0.0,3.7,247,1006.8,0,27.9,29.4,253.0,8.4,78.0,3.4
2026-03-03 01:00:00,2026,3,3,1,Quảng Trị,Xã Phong Nha,17.6475454,106.2729046,81,Moderate,1,23.0,95,0.0,3.1,242,1006.1,0,27.2,28.5,255.0,8.4,68.0,3.2
2026-03-03 02:00:00,2026,3,3,2,Quảng Trị,Xã Phong Nha,17.6475454,106.2729046,82,Moderate,1,23.0,92,0.0,3.3,229,1006.0,0,26.5,27.7,240.0,8.3,59.0,2.9
2026-03-03 03:00:00,2026,3,3,3,Quảng Trị,Xã Phong Nha,17.6475454,106.2729046,82,Moderate,1,23.0,89,0.0,1.0,239,1005.7,0,26.1,27.1,233.0,8.2,51.0,2.6
2026-03-03 04:00:00,2026,3,3,4,Quảng Trị,Xã Phong Nha,17.6475454,106.2729046,83,Moderate,1,22.5,88,0.0,1.3,254,1005.9,30,25.4,26.3,239.0,8.1,46.0,2.4
2026-03-03 05:00:00,2026,3,3,5,Quảng Trị,Xã Phong Nha,17.6475454,106.2729046,83,Moderate,1,22.3,86,0.0,2.4,253,1006.4,39,24.5,25.4,259.0,8.1,41.0,2.3
2026-03-03 06:00:00,2026,3,3,6,Quảng Trị,Xã Phong Nha,17.6475454,106.2729046,83,Moderate,1,22.3,85,0.0,3.3,241,1006.9,55,23.7,24.6,292.0,8.2,38.0,2.2
2026-03-03 07:00:00,2026,3,3,7,Quảng Trị,Xã Phong Nha,17.6475454,106.2729046,84,Moderate,1,23.8,89,0.0,3.6,250,1007.2,73,29.8,29.9,336.0,10.7,45.0,2.3
2026-03-03 08:00:00,2026,3,3,8,Quảng Trị,Xã Phong Nha,17.6475454,106.2729046,84,Moderate,1,26.7,84,0.0,3.1,332,1008.3,84,31.4,31.5,400.0,8.4,68.0,2.2
2026-03-03 09:00:00,2026,3,3,9,Quảng Trị,Xã Phong Nha,17.6475454,106.2729046,85,Moderate,1,28.4,78,0.0,6.2,8,1009.0,75,29.3,29.7,475.0,5.3,101.0,2.0
2026-03-03 10:00:00,2026,3,3,10,Quảng Trị,Xã Phong Nha,17.6475454,106.2729046,85,Moderate,1,30.1,72,0.0,6.5,30,1009.2,63,27.2,29.0,532.0,3.0,123.0,1.8
2026-03-03 11:00:00,2026,3,3,11,Quảng Trị,Xã Phong Nha,17.6475454,106.2729046,85,Moderate,1,30.9,69,0.1,1.2,309,1008.9,49,26.4,29.3,551.0,2.2,126.0,1.6
2026-03-03 12:00:00,2026,3,3,12,Quảng Trị,Xã Phong Nha,17.6475454,106.2729046,85,Moderate,1,28.9,80,1.7,13.7,333,1008.8,63,27.2,30.7,551.0,2.3,120.0,1.3
2026-03-03 13:00:00,2026,3,3,13,Quảng Trị,Xã Phong Nha,17.6475454,106.2729046,85,Moderate,1,28.7,76,0.5,9.7,331,1008.6,56,25.9,29.6,561.0,2.5,114.0,1.2
2026-03-03 14:00:00,2026,3,3,14,Quảng Trị,Xã Phong Nha,17.6475454,106.2729046,85,Moderate,1,26.4,83,0.5,17.2,350,1008.5,83,23.3,26.4,600.0,2.8,111.0,1.2
2026-03-03 15:00:00,2026,3,3,15,Quảng Trị,Xã Phong Nha,17.6475454,106.2729046,84,Moderate,1,25.5,85,0.2,13.2,354,1008.5,100,20.9,24.0,649.0,3.2,108.0,1.3
2026-03-03 16:00:00,2026,3,3,16,Quảng Trị,Xã Phong Nha,17.6475454,106.2729046,82,Moderate,1,24.6,85,0.3,12.3,357,1008.8,100,20.6,24.0,672.0,3.5,105.0,1.4
2026-03-03 17:00:00,2026,3,3,17,Quảng Trị,Xã Phong Nha,17.6475454,106.2729046,81,Moderate,1,23.8,89,0.2,10.0,343,1009.7,100,18.7,21.9,648.0,3.6,103.0,1.5
2026-03-03 18:00:00,2026,3,3,18,Quảng Trị,Xã Phong Nha,17.6475454,106.2729046,80,Moderate,1,23.2,92,0.3,7.9,330,1010.3,100,16.1,19.2,599.0,3.7,102.0,1.5
2026-03-03 19:00:00,2026,3,3,19,Quảng Trị,Xã Phong Nha,17.6475454,106.2729046,79,Moderate,1,23.4,96,0.1,8.5,356,1010.0,100,20.9,25.1,559.0,3.1,109.0,1.4
2026-03-03 20:00:00,2026,3,3,20,Quảng Trị,Xã Phong Nha,17.6475454,106.2729046,79,Moderate,1,23.2,96,0.0,6.9,346,1011.2,100,21.8,26.0,548.0,3.0,109.0,1.4
2026-03-03 21:00:00,2026,3,3,21,Quảng Trị,Xã Phong Nha,17.6475454,106.2729046,78,Moderate,1,22.9,96,0.2,7.6,346,1012.0,100,19.0,23.1,547.0,2.8,108.0,1.4
2026-03-03 22:00:00,2026,3,3,22,Quảng Trị,Xã Phong Nha,17.6475454,106.2729046,77,Moderate,1,22.7,96,0.2,7.5,327,1012.4,100,18.7,22.8,533.0,2.7,105.0,1.5
2026-03-03 23:00:00,2026,3,3,23,Quảng Trị,Xã Phong Nha,17.6475454,106.2729046,76,Moderate,1,22.6,96,0.0,9.3,310,1012.4,100,17.1,20.8,487.0,2.8,97.0,1.6
2026-03-04 00:00:00,2026,3,4,0,Quảng Trị,Xã Phong Nha,17.6475454,106.2729046,75,Moderate,1,22.7,93,0.0,11.1,317,1012.4,100,13.5,16.9,428.0,3.0,85.0,1.7
2026-03-04 01:00:00,2026,3,4,1,Quảng Trị,Xã Phong Nha,17.6475454,106.2729046,74,Moderate,1,22.4,97,0.0,11.0,336,1012.4,100,10.9,14.0,386.0,3.2,76.0,1.8
2026-03-04 02:00:00,2026,3,4,2,Quảng Trị,Xã Phong Nha,17.6475454,106.2729046,73,Moderate,1,22.0,98,0.9,10.1,340,1012.5,100,10.2,13.2,375.0,3.3,70.0,2.0
2026-03-04 03:00:00,2026,3,4,3,Quảng Trị,Xã Phong Nha,17.6475454,106.2729046,71,Moderate,1,21.7,97,0.8,8.1,328,1012.6,100,10.4,13.2,380.0,3.3,66.0,2.1
2026-03-04 04:00:00,2026,3,4,4,Quảng Trị,Xã Phong Nha,17.6475454,106.2729046,70,Moderate,1,21.4,98,0.2,8.2,308,1012.6,100,10.0,12.6,392.0,3.4,64.0,2.3
2026-03-04 05:00:00,2026,3,4,5,Quảng Trị,Xã Phong Nha,17.6475454,106.2729046,69,Moderate,1,21.3,98,0.3,9.3,324,1013.0,100,9.7,12.2,410.0,3.6,63.0,2.4
2026-03-04 06:00:00,2026,3,4,6,Quảng Trị,Xã Phong Nha,17.6475454,106.2729046,67,Moderate,1,21.1,98,0.1,10.7,333,1013.5,100,10.3,12.6,435.0,3.8,64.0,2.4
2026-03-04 07:00:00,2026,3,4,7,Quảng Trị,Xã Phong Nha,17.6475454,106.2729046,66,Moderate,1,21.1,98,0.3,11.9,337,1014.1,100,8.9,11.1,452.0,3.1,65.0,2.1
2026-03-04 08:00:00,2026,3,4,8,Quảng Trị,Xã Phong Nha,17.6475454,106.2729046,64,Moderate,1,20.9,97,0.1,13.4,321,1014.9,100,9.2,11.8,453.0,3.1,66.0,2.0
2026-03-04 09:00:00,2026,3,4,9,Quảng Trị,Xã Phong Nha,17.6475454,106.2729046,62,Moderate,1,21.0,93,0.0,13.5,323,1015.5,100,9.9,12.6,446.0,3.0,67.0,1.9
2026-03-04 10:00:00,2026,3,4,10,Quảng Trị,Xã Phong Nha,17.6475454,106.2729046,61,Moderate,1,21.3,92,0.2,15.1,333,1015.7,100,11.4,14.0,446.0,3.1,70.0,1.9
2026-03-04 11:00:00,2026,3,4,11,Quảng Trị,Xã Phong Nha,17.6475454,106.2729046,59,Moderate,1,21.5,90,0.1,14.8,342,1015.7,100,15.4,18.3,461.0,3.4,75.0,2.2
2026-03-04 12:00:00,2026,3,4,12,Quảng Trị,Xã Phong Nha,17.6475454,106.2729046,58,Moderate,1,21.9,85,0.1,13.4,348,1015.1,100,17.4,20.3,482.0,3.7,81.0,2.6
2026-03-04 13:00:00,2026,3,4,13,Quảng Trị,Xã Phong Nha,17.6475454,106.2729046,57,Moderate,1,22.4,77,0.2,14.0,359,1014.1,100,17.2,19.8,496.0,4.0,86.0,2.9
2026-03-04 14:00:00,2026,3,4,14,Quảng Trị,Xã Phong Nha,17.6475454,106.2729046,57,Moderate,1,22.3,76,0.0,14.6,358,1013.1,100,15.6,17.9,495.0,4.1,89.0,2.8
2026-03-04 15:00:00,2026,3,4,15,Quảng Trị,Xã Phong Nha,17.6475454,106.2729046,56,Moderate,1,22.0,77,0.2,13.2,357,1012.0,100,14.7,16.8,486.0,4.1,90.0,2.5
2026-03-04 16:00:00,2026,3,4,16,Quảng Trị,Xã Phong Nha,17.6475454,106.2729046,55,Moderate,1,21.7,78,0.0,12.3,353,1011.4,100,13.9,15.8,477.0,4.1,91.0,2.2
2026-03-04 17:00:00,2026,3,4,17,Quảng Trị,Xã Phong Nha,17.6475454,106.2729046,55,Moderate,1,21.3,79,0.0,12.1,349,1011.5,100,13.1,14.8,470.0,4.2,91.0,2.0
2026-03-04 18:00:00,2026,3,4,18,Quảng Trị,Xã Phong Nha,17.6475454,106.2729046,54,Moderate,1,20.8,80,0.0,10.3,345,1011.8,100,12.6,14.2,463.0,4.3,89.0,1.9
2026-03-04 19:00:00,2026,3,4,19,Quảng Trị,Xã Phong Nha,17.6475454,106.2729046,54,Moderate,1,20.7,84,0.0,8.7,336,1011.9,87,11.1,12.8,458.0,2.2,82.0,1.0
2026-03-04 20:00:00,2026,3,4,20,Quảng Trị,Xã Phong Nha,17.6475454,106.2729046,53,Moderate,1,20.6,83,0.0,7.5,325,1012.9,96,11.1,13.1,458.0,2.1,82.0,0.9
2026-03-04 21:00:00,2026,3,4,21,Quảng Trị,Xã Phong Nha,17.6475454,106.2729046,52,Moderate,1,20.6,83,0.0,5.9,305,1013.4,100,11.3,13.4,461.0,1.9,82.0,0.8
2026-03-04 22:00:00,2026,3,4,22,Quảng Trị,Xã Phong Nha,17.6475454,106.2729046,51,Moderate,1,20.4,84,0.0,6.7,314,1013.6,100,11.3,13.3,459.0,1.8,81.0,0.8
2026-03-04 23:00:00,2026,3,4,23,Quảng Trị,Xã Phong Nha,17.6475454,106.2729046,51,Moderate,1,20.4,85,0.0,7.5,316,1013.4,100,11.4,13.3,449.0,1.9,80.0,0.9
2026-03-05 00:00:00,2026,3,5,0,Quảng Trị,Xã Phong Nha,17.6475454,106.2729046,50,Good,0,20.4,86,0.0,7.4,309,1013.4,100,12.0,13.9,435.0,2.0,79.0,1.2
2026-03-05 01:00:00,2026,3,5,1,Quảng Trị,Xã Phong Nha,17.6475454,106.2729046,50,Good,0,20.5,87,0.0,8.4,320,1013.2,100,12.9,14.7,424.0,2.2,78.0,1.4
2026-03-05 02:00:00,2026,3,5,2,Quảng Trị,Xã Phong Nha,17.6475454,106.2729046,50,Good,0,20.4,87,0.0,7.5,327,1012.6,100,13.7,15.5,418.0,2.3,77.0,1.6
2026-03-05 03:00:00,2026,3,5,3,Quảng Trị,Xã Phong Nha,17.6475454,106.2729046,51,Moderate,1,20.3,88,0.0,6.5,321,1012.2,100,14.4,16.2,416.0,2.4,76.0,1.8
2026-03-05 04:00:00,2026,3,5,4,Quảng Trị,Xã Phong Nha,17.6475454,106.2729046,51,Moderate,1,20.2,89,0.0,6.2,311,1011.8,100,14.1,15.8,418.0,2.5,76.0,1.9
2026-03-05 05:00:00,2026,3,5,5,Quảng Trị,Xã Phong Nha,17.6475454,106.2729046,51,Moderate,1,20.2,89,0.0,7.3,316,1012.1,100,14.3,15.9,429.0,2.7,76.0,2.0
2026-03-05 06:00:00,2026,3,5,6,Quảng Trị,Xã Phong Nha,17.6475454,106.2729046,52,Moderate,1,20.2,89,0.0,8.7,322,1012.4,100,14.5,16.1,445.0,2.9,77.0,2.1
2026-03-05 07:00:00,2026,3,5,7,Quảng Trị,Xã Phong Nha,17.6475454,106.2729046,52,Moderate,1,20.5,85,0.0,7.2,297,1012.9,100,18.0,20.6,450.0,2.6,79.0,1.4
2026-03-05 08:00:00,2026,3,5,8,Quảng Trị,Xã Phong Nha,17.6475454,106.2729046,53,Moderate,1,21.2,82,0.0,8.8,317,1013.6,100,16.2,18.7,431.0,2.6,80.0,1.3
2026-03-05 09:00:00,2026,3,5,9,Quảng Trị,Xã Phong Nha,17.6475454,106.2729046,54,Moderate,1,21.9,79,0.0,12.5,339,1014.2,100,14.6,17.1,402.0,2.6,82.0,1.3
2026-03-05 10:00:00,2026,3,5,10,Quảng Trị,Xã Phong Nha,17.6475454,106.2729046,54,Moderate,1,22.6,77,0.0,11.0,339,1014.8,100,13.5,16.2,384.0,2.5,85.0,1.3
2026-03-05 11:00:00,2026,3,5,11,Quảng Trị,Xã Phong Nha,17.6475454,106.2729046,54,Moderate,1,23.4,76,0.1,11.8,341,1014.6,100,13.0,15.8,386.0,2.3,89.0,1.5
2026-03-05 12:00:00,2026,3,5,12,Quảng Trị,Xã Phong Nha,17.6475454,106.2729046,54,Moderate,1,24.5,74,0.1,10.0,337,1013.4,100,13.2,16.1,400.0,2.2,94.0,1.8
2026-03-05 13:00:00,2026,3,5,13,Quảng Trị,Xã Phong Nha,17.6475454,106.2729046,54,Moderate,1,23.1,77,0.1,12.7,335,1013.0,100,14.0,16.9,422.0,2.0,99.0,2.0
2026-03-05 14:00:00,2026,3,5,14,Quảng Trị,Xã Phong Nha,17.6475454,106.2729046,53,Moderate,1,22.6,77,0.1,11.4,339,1012.0,100,14.8,17.8,459.0,1.9,103.0,2.2
2026-03-05 15:00:00,2026,3,5,15,Quảng Trị,Xã Phong Nha,17.6475454,106.2729046,53,Moderate,1,22.3,81,0.1,9.2,325,1011.8,100,15.2,18.2,503.0,1.8,106.0,2.4
2026-03-05 16:00:00,2026,3,5,16,Quảng Trị,Xã Phong Nha,17.6475454,106.2729046,53,Moderate,1,21.9,86,0.3,7.1,326,1011.7,100,15.0,17.9,529.0,1.9,108.0,2.5
2026-03-05 17:00:00,2026,3,5,17,Quảng Trị,Xã Phong Nha,17.6475454,106.2729046,53,Moderate,1,22.0,83,0.0,5.9,333,1011.4,99,14.4,17.2,521.0,2.2,106.0,2.6
2026-03-05 18:00:00,2026,3,5,18,Quảng Trị,Xã Phong Nha,17.6475454,106.2729046,53,Moderate,1,21.3,89,0.0,5.6,310,1012.0,100,14.3,17.1,495.0,2.7,103.0,2.7
2026-03-05 19:00:00,2026,3,5,19,Quảng Trị,Xã Phong Nha,17.6475454,106.2729046,54,Moderate,1,20.3,97,0.0,9.9,303,1012.5,100,15.7,18.0,468.0,3.1,96.0,2.7
2026-03-05 20:00:00,2026,3,5,20,Quảng Trị,Xã Phong Nha,17.6475454,106.2729046,54,Moderate,1,20.2,97,0.0,7.2,298,1013.4,100,14.1,16.4,445.0,3.0,95.0,2.5
2026-03-05 21:00:00,2026,3,5,21,Quảng Trị,Xã Phong Nha,17.6475454,106.2729046,54,Moderate,1,20.1,97,0.0,8.2,289,1014.1,100,14.8,16.9,421.0,3.0,94.0,2.2
2026-03-05 22:00:00,2026,3,5,22,Quảng Trị,Xã Phong Nha,17.6475454,106.2729046,55,Moderate,1,20.1,98,0.2,8.1,298,1014.2,100,14.7,16.8,403.0,2.8,94.0,1.9
2026-03-05 23:00:00,2026,3,5,23,Quảng Trị,Xã Phong Nha,17.6475454,106.2729046,55,Moderate,1,20.1,98,0.1,9.5,295,1014.3,100,12.7,14.7,397.0,2.5,94.0,1.7
2026-03-06 00:00:00,2026,3,6,0,Quảng Trị,Xã Phong Nha,17.6475454,106.2729046,55,Moderate,1,20.2,98,0.0,10.2,288,1014.1,99,11.2,13.2,396.0,2.2,95.0,1.7
2026-03-06 01:00:00,2026,3,6,1,Quảng Trị,Xã Phong Nha,17.6475454,106.2729046,55,Moderate,1,20.4,99,0.0,9.5,303,1014.0,100,10.5,12.6,390.0,1.9,96.0,1.6
2026-03-06 02:00:00,2026,3,6,2,Quảng Trị,Xã Phong Nha,17.6475454,106.2729046,55,Moderate,1,20.5,99,0.6,10.4,318,1013.3,98,11.5,13.8,369.0,1.8,96.0,1.6
2026-03-06 03:00:00,2026,3,6,3,Quảng Trị,Xã Phong Nha,17.6475454,106.2729046,54,Moderate,1,20.5,99,0.3,10.9,329,1013.0,100,13.3,15.8,344.0,1.7,96.0,1.6
2026-03-06 04:00:00,2026,3,6,4,Quảng Trị,Xã Phong Nha,17.6475454,106.2729046,54,Moderate,1,20.4,99,0.7,12.8,326,1012.8,100,13.9,16.4,331.0,1.8,95.0,1.7
2026-03-06 05:00:00,2026,3,6,5,Quảng Trị,Xã Phong Nha,17.6475454,106.2729046,54,Moderate,1,20.0,99,5.9,12.6,308,1013.0,100,14.3,16.8,344.0,2.0,94.0,1.8
2026-03-06 06:00:00,2026,3,6,6,Quảng Trị,Xã Phong Nha,17.6475454,106.2729046,54,Moderate,1,20.0,98,4.6,10.2,311,1013.4,100,15.5,17.9,369.0,2.3,93.0,1.9
2026-03-06 07:00:00,2026,3,6,7,Quảng Trị,Xã Phong Nha,17.6475454,106.2729046,54,Moderate,1,20.6,99,3.5,9.3,326,1014.3,100,14.3,16.8,388.0,2.3,95.0,2.5
2026-03-06 08:00:00,2026,3,6,8,Quảng Trị,Xã Phong Nha,17.6475454,106.2729046,54,Moderate,1,20.7,98,1.4,8.9,299,1015.2,100,14.8,17.1,391.0,2.2,97.0,2.5
2026-03-06 09:00:00,2026,3,6,9,Quảng Trị,Xã Phong Nha,17.6475454,106.2729046,54,Moderate,1,21.1,98,2.4,9.7,297,1016.0,100,13.9,16.2,387.0,2.0,99.0,2.5
2026-03-06 10:00:00,2026,3,6,10,Quảng Trị,Xã Phong Nha,17.6475454,106.2729046,54,Moderate,1,21.7,99,1.5,11.7,319,1016.3,100,13.5,15.8,386.0,1.8,102.0,2.5
2026-03-06 11:00:00,2026,3,6,11,Quảng Trị,Xã Phong Nha,17.6475454,106.2729046,54,Moderate,1,22.0,98,1.4,13.3,324,1016.1,100,13.4,15.5,394.0,1.6,105.0,2.5
2026-03-06 12:00:00,2026,3,6,12,Quảng Trị,Xã Phong Nha,17.6475454,106.2729046,54,Moderate,1,21.4,98,1.9,16.3,324,1015.5,100,14.3,16.6,404.0,1.4,107.0,2.5
2026-03-06 13:00:00,2026,3,6,13,Quảng Trị,Xã Phong Nha,17.6475454,106.2729046,54,Moderate,1,21.4,93,1.7,16.1,333,1014.6,100,15.6,18.0,407.0,1.3,110.0,2.5
2026-03-06 14:00:00,2026,3,6,14,Quảng Trị,Xã Phong Nha,17.6475454,106.2729046,54,Moderate,1,21.3,97,1.9,12.7,348,1013.7,100,15.1,17.4,388.0,1.1,113.0,2.3
2026-03-06 15:00:00,2026,3,6,15,Quảng Trị,Xã Phong Nha,17.6475454,106.2729046,54,Moderate,1,21.5,98,1.1,8.0,10,1013.0,100,14.1,16.0,362.0,1.0,117.0,2.1
2026-03-06 16:00:00,2026,3,6,16,Quảng Trị,Xã Phong Nha,17.6475454,106.2729046,54,Moderate,1,21.4,97,1.1,4.7,23,1012.9,100,14.6,16.3,356.0,1.1,119.0,2.1
2026-03-06 17:00:00,2026,3,6,17,Quảng Trị,Xã Phong Nha,17.6475454,106.2729046,54,Moderate,1,21.2,98,0.2,3.0,33,1012.5,100,16.3,18.1,394.0,1.6,118.0,2.4
2026-03-06 18:00:00,2026,3,6,18,Quảng Trị,Xã Phong Nha,17.6475454,106.2729046,56,Moderate,1,21.0,98,0.0,2.1,290,1012.7,86,18.0,20.0,454.0,2.3,116.0,2.9
2026-03-06 19:00:00,2026,3,6,19,Quảng Trị,Xã Phong Nha,17.6475454,106.2729046,59,Moderate,1,20.7,99,0.0,4.3,336,1013.0,57,19.7,22.7,494.0,3.6,100.0,2.0
2026-03-06 20:00:00,2026,3,6,20,Quảng Trị,Xã Phong Nha,17.6475454,106.2729046,58,Moderate,1,21.0,98,0.1,2.7,323,1014.0,89,24.1,27.8,497.0,3.5,103.0,2.2
2026-03-06 21:00:00,2026,3,6,21,Quảng Trị,Xã Phong Nha,17.6475454,106.2729046,57,Moderate,1,21.0,98,0.1,2.8,315,1014.4,99,27.8,32.0,480.0,3.3,106.0,2.5
2026-03-06 22:00:00,2026,3,6,22,Quảng Trị,Xã Phong Nha,17.6475454,106.2729046,57,Moderate,1,20.8,98,0.0,3.6,315,1014.9,91,30.2,34.5,459.0,3.1,109.0,2.6
2026-03-06 23:00:00,2026,3,6,23,Quảng Trị,Xã Phong Nha,17.6475454,106.2729046,58,Moderate,1,20.8,99,0.1,5.9,329,1014.6,69,32.4,37.1,434.0,3.0,110.0,2.4
2026-03-07 00:00:00,2026,3,7,0,Quảng Trị,Xã Phong Nha,17.6475454,106.2729046,60,Moderate,1,20.6,99,0.1,4.9,354,1014.7,100,31.4,36.0,404.0,3.0,110.0,2.1
2026-03-07 01:00:00,2026,3,7,1,Quảng Trị,Xã Phong Nha,17.6475454,106.2729046,62,Moderate,1,20.7,100,0.2,3.4,3,1014.7,100,29.4,33.4,384.0,2.9,110.0,1.8
2026-03-07 02:00:00,2026,3,7,2,Quảng Trị,Xã Phong Nha,17.6475454,106.2729046,64,Moderate,1,20.6,100,0.8,3.9,326,1014.4,100,26.7,30.5,378.0,2.6,112.0,1.7
2026-03-07 03:00:00,2026,3,7,3,Quảng Trị,Xã Phong Nha,17.6475454,106.2729046,65,Moderate,1,20.7,98,0.8,3.1,360,1014.0,100,25.0,28.5,381.0,2.3,114.0,1.7
2026-03-07 04:00:00,2026,3,7,4,Quảng Trị,Xã Phong Nha,17.6475454,106.2729046,66,Moderate,1,20.6,98,0.6,3.6,60,1014.0,100,25.4,28.8,390.0,2.0,116.0,1.7
2026-03-07 05:00:00,2026,3,7,5,Quảng Trị,Xã Phong Nha,17.6475454,106.2729046,67,Moderate,1,20.7,99,0.2,3.9,53,1014.4,100,23.5,26.2,409.0,1.9,118.0,1.7
2026-03-07 06:00:00,2026,3,7,6,Quảng Trị,Xã Phong Nha,17.6475454,106.2729046,68,Moderate,1,20.7,99,0.2,3.1,45,1014.9,100,23.2,25.7,434.0,1.8,121.0,1.7
2026-03-07 07:00:00,2026,3,7,7,Quảng Trị,Xã Phong Nha,17.6475454,106.2729046,69,Moderate,1,21.2,98,0.3,5.8,51,1015.7,100,18.6,21.9,445.0,1.8,119.0,1.8
2026-03-07 08:00:00,2026,3,7,8,Quảng Trị,Xã Phong Nha,17.6475454,106.2729046,69,Moderate,1,21.7,98,0.3,7.1,45,1016.3,100,18.6,22.0,428.0,1.7,120.0,1.9
2026-03-07 09:00:00,2026,3,7,9,Quảng Trị,Xã Phong Nha,17.6475454,106.2729046,69,Moderate,1,22.4,97,0.2,7.1,43,1016.7,100,18.5,21.7,397.0,1.5,121.0,2.1
2026-03-07 10:00:00,2026,3,7,10,Quảng Trị,Xã Phong Nha,17.6475454,106.2729046,70,Moderate,1,22.8,96,1.2,9.0,68,1016.7,96,19.4,22.9,374.0,1.3,123.0,2.2
2026-03-07 11:00:00,2026,3,7,11,Quảng Trị,Xã Phong Nha,17.6475454,106.2729046,70,Moderate,1,23.4,87,0.4,11.2,78,1016.5,91,20.1,23.7,368.0,1.1,125.0,2.0
2026-03-07 12:00:00,2026,3,7,12,Quảng Trị,Xã Phong Nha,17.6475454,106.2729046,71,Moderate,1,23.8,86,0.3,10.8,100,1015.5,98,21.9,25.6,369.0,0.9,127.0,1.8
2026-03-07 13:00:00,2026,3,7,13,Quảng Trị,Xã Phong Nha,17.6475454,106.2729046,74,Moderate,1,25.5,76,0.0,15.0,93,1014.2,82,23.6,27.8,369.0,0.7,128.0,1.5
2026-03-07 14:00:00,2026,3,7,14,Quảng Trị,Xã Phong Nha,17.6475454,106.2729046,76,Moderate,1,25.4,75,0.2,16.8,95,1013.1,42,25.0,29.6,361.0,0.6,128.0,1.3
2026-03-07 15:00:00,2026,3,7,15,Quảng Trị,Xã Phong Nha,17.6475454,106.2729046,77,Moderate,1,25.4,73,0.1,17.4,98,1012.5,41,25.3,30.2,352.0,0.6,126.0,1.2
2026-03-07 16:00:00,2026,3,7,16,Quảng Trị,Xã Phong Nha,17.6475454,106.2729046,79,Moderate,1,25.0,73,0.0,18.0,101,1012.4,88,26.5,31.8,352.0,0.8,124.0,1.1
2026-03-07 17:00:00,2026,3,7,17,Quảng Trị,Xã Phong Nha,17.6475454,106.2729046,80,Moderate,1,24.2,76,0.0,14.4,100,1012.4,22,24.2,29.3,366.0,1.2,121.0,1.1
2026-03-07 18:00:00,2026,3,7,18,Quảng Trị,Xã Phong Nha,17.6475454,106.2729046,80,Moderate,1,23.0,82,0.0,9.6,93,1012.7,20,24.3,29.5,389.0,1.7,117.0,1.1
2026-03-07 19:00:00,2026,3,7,19,Quảng Trị,Xã Phong Nha,17.6475454,106.2729046,78,Moderate,1,21.9,90,0.0,5.7,81,1013.5,18,25.6,31.4,414.0,2.1,112.0,1.0
2026-03-07 20:00:00,2026,3,7,20,Quảng Trị,Xã Phong Nha,17.6475454,106.2729046,77,Moderate,1,21.8,92,0.0,5.2,84,1014.3,23,24.9,30.9,446.0,2.5,107.0,1.1
2026-03-07 21:00:00,2026,3,7,21,Quảng Trị,Xã Phong Nha,17.6475454,106.2729046,77,Moderate,1,21.4,93,0.0,4.6,79,1015.2,18,24.5,30.3,480.0,3.0,100.0,1.2
2026-03-07 22:00:00,2026,3,7,22,Quảng Trị,Xã Phong Nha,17.6475454,106.2729046,77,Moderate,1,21.1,94,0.0,2.9,79,1015.5,12,24.3,30.2,493.0,3.4,95.0,1.3
2026-03-07 23:00:00,2026,3,7,23,Quảng Trị,Xã Phong Nha,17.6475454,106.2729046,76,Moderate,1,20.9,95,0.0,2.1,70,1015.6,29,24.1,29.9,471.0,3.4,93.0,1.2
2026-03-08 00:00:00,2026,3,8,0,Quảng Trị,Xã Phong Nha,17.6475454,106.2729046,75,Moderate,1,20.8,95,0.0,1.5,76,1015.8,27,23.7,29.7,429.0,3.3,92.0,1.0
2026-03-08 01:00:00,2026,3,8,1,Quảng Trị,Xã Phong Nha,17.6475454,106.2729046,75,Moderate,1,20.5,96,0.0,4.9,100,1015.3,27,23.1,28.9,384.0,3.1,91.0,0.8
2026-03-08 02:00:00,2026,3,8,2,Quảng Trị,Xã Phong Nha,17.6475454,106.2729046,74,Moderate,1,20.5,97,0.0,4.7,118,1015.0,17,22.0,27.6,335.0,2.9,90.0,0.7
2026-03-08 03:00:00,2026,3,8,3,Quảng Trị,Xã Phong Nha,17.6475454,106.2729046,74,Moderate,1,20.0,97,0.0,4.1,128,1014.7,33,20.8,26.3,284.0,2.7,88.0,0.6
2026-03-08 04:00:00,2026,3,8,4,Quảng Trị,Xã Phong Nha,17.6475454,106.2729046,73,Moderate,1,20.1,96,0.0,3.6,153,1014.2,29,19.8,25.3,257.0,2.5,88.0,0.6
2026-03-08 05:00:00,2026,3,8,5,Quảng Trị,Xã Phong Nha,17.6475454,106.2729046,73,Moderate,1,20.0,96,0.0,1.3,196,1014.0,14,18.9,24.4,277.0,2.5,88.0,0.6
2026-03-08 06:00:00,2026,3,8,6,Quảng Trị,Xã Phong Nha,17.6475454,106.2729046,72,Moderate,1,19.9,95,0.0,0.5,270,1014.6,27,18.3,23.8,320.0,2.6,89.0,0.7
2026-03-08 07:00:00,2026,3,8,7,Quảng Trị,Xã Phong Nha,17.6475454,106.2729046,72,Moderate,1,21.4,91,0.0,3.6,99,1015.5,38,17.5,23.6,345.0,2.3,90.0,1.0
2026-03-08 08:00:00,2026,3,8,8,Quảng Trị,Xã Phong Nha,17.6475454,106.2729046,72,Moderate,1,23.5,84,0.1,5.9,90,1016.2,38,15.9,22.2,327.0,1.9,96.0,0.9
2026-03-08 09:00:00,2026,3,8,9,Quảng Trị,Xã Phong Nha,17.6475454,106.2729046,72,Moderate,1,24.6,74,0.1,14.9,102,1016.5,24,15.3,21.4,290.0,1.3,103.0,0.9
2026-03-08 10:00:00,2026,3,8,10,Quảng Trị,Xã Phong Nha,17.6475454,106.2729046,71,Moderate,1,25.9,68,0.0,14.7,97,1016.4,15,14.9,20.7,261.0,0.9,109.0,0.8
2026-03-08 11:00:00,2026,3,8,11,Quảng Trị,Xã Phong Nha,17.6475454,106.2729046,71,Moderate,1,26.7,63,0.0,15.3,93,1015.7,22,15.1,20.8,252.0,0.7,111.0,0.7
2026-03-08 12:00:00,2026,3,8,12,Quảng Trị,Xã Phong Nha,17.6475454,106.2729046,71,Moderate,1,27.4,61,0.0,14.9,91,1014.7,25,15.1,20.6,250.0,0.6,112.0,0.7
2026-03-08 13:00:00,2026,3,8,13,Quảng Trị,Xã Phong Nha,17.6475454,106.2729046,70,Moderate,1,27.2,60,0.0,15.5,89,1013.9,38,15.0,20.1,250.0,0.5,111.0,0.6
2026-03-08 14:00:00,2026,3,8,14,Quảng Trị,Xã Phong Nha,17.6475454,106.2729046,69,Moderate,1,26.7,61,0.0,17.1,94,1013.0,40,14.3,19.3,246.0,0.5,110.0,0.5
2026-03-08 15:00:00,2026,3,8,15,Quảng Trị,Xã Phong Nha,17.6475454,106.2729046,68,Moderate,1,25.9,65,0.0,17.4,100,1012.3,73,13.7,18.4,244.0,0.5,108.0,0.5
2026-03-08 16:00:00,2026,3,8,16,Quảng Trị,Xã Phong Nha,17.6475454,106.2729046,67,Moderate,1,25.2,68,0.0,16.3,97,1012.3,69,13.2,17.6,250.0,0.7,105.0,0.5
2026-03-08 17:00:00,2026,3,8,17,Quảng Trị,Xã Phong Nha,17.6475454,106.2729046,66,Moderate,1,24.1,76,0.0,14.4,94,1012.5,53,12.6,16.8,272.0,1.1,102.0,0.6
2026-03-08 18:00:00,2026,3,8,18,Quảng Trị,Xã Phong Nha,17.6475454,106.2729046,65,Moderate,1,23.0,82,0.0,9.7,86,1012.9,33,12.0,15.9,302.0,1.6,99.0,0.7
2026-03-08 19:00:00,2026,3,8,19,Quảng Trị,Xã Phong Nha,17.6475454,106.2729046,64,Moderate,1,22.0,91,0.0,6.9,73,1013.7,29,15.1,20.0,326.0,2.0,95.0,0.8
2026-03-08 20:00:00,2026,3,8,20,Quảng Trị,Xã Phong Nha,17.6475454,106.2729046,63,Moderate,1,21.6,94,0.0,5.2,76,1014.4,38,14.9,19.6,341.0,2.3,92.0,0.8
2026-03-08 21:00:00,2026,3,8,21,Quảng Trị,Xã Phong Nha,17.6475454,106.2729046,62,Moderate,1,21.4,95,0.1,4.3,88,1015.1,30,14.3,18.8,349.0,2.8,88.0,0.8
2026-03-08 22:00:00,2026,3,8,22,Quảng Trị,Xã Phong Nha,17.6475454,106.2729046,61,Moderate,1,21.2,95,0.0,4.2,97,1015.6,41,14.4,18.7,345.0,3.1,86.0,0.8
2026-03-08 23:00:00,2026,3,8,23,Quảng Trị,Xã Phong Nha,17.6475454,106.2729046,60,Moderate,1,20.9,97,0.1,4.3,85,1015.7,88,13.9,18.2,321.0,3.0,87.0,0.7
2026-03-09 00:00:00,2026,3,9,0,Quảng Trị,Xã Phong Nha,17.6475454,106.2729046,59,Moderate,1,21.2,98,0.4,5.3,72,1015.9,100,13.1,17.5,285.0,2.8,89.0,0.6
2026-03-09 01:00:00,2026,3,9,1,Quảng Trị,Xã Phong Nha,17.6475454,106.2729046,58,Moderate,1,21.2,99,0.4,9.0,84,1015.3,93,11.7,15.9,256.0,2.5,91.0,0.5
2026-03-09 02:00:00,2026,3,9,2,Quảng Trị,Xã Phong Nha,17.6475454,106.2729046,57,Moderate,1,21.4,98,0.1,7.3,83,1015.2,100,10.1,13.8,241.0,2.1,94.0,0.5
2026-03-09 03:00:00,2026,3,9,3,Quảng Trị,Xã Phong Nha,17.6475454,106.2729046,56,Moderate,1,21.2,98,0.1,5.7,101,1014.8,13,8.3,11.6,234.0,1.7,96.0,0.5
2026-03-09 04:00:00,2026,3,9,4,Quảng Trị,Xã Phong Nha,17.6475454,106.2729046,55,Moderate,1,20.4,99,0.1,3.8,82,1014.8,100,7.0,9.8,234.0,1.4,99.0,0.5
2026-03-09 05:00:00,2026,3,9,5,Quảng Trị,Xã Phong Nha,17.6475454,106.2729046,54,Moderate,1,21.0,99,0.1,7.3,99,1015.2,83,7.7,10.5,247.0,1.4,101.0,0.6
2026-03-09 06:00:00,2026,3,9,6,Quảng Trị,Xã Phong Nha,17.6475454,106.2729046,53,Moderate,1,20.7,98,0.3,6.7,95,1015.8,100,9.0,12.1,267.0,1.5,102.0,0.8
2026-03-09 07:00:00,2026,3,9,7,Quảng Trị,Xã Phong Nha,17.6475454,106.2729046,52,Moderate,1,21.5,98,0.6,6.5,84,1016.5,47,6.8,9.2,280.0,1.8,97.0,0.8
2026-03-09 08:00:00,2026,3,9,8,Quảng Trị,Xã Phong Nha,17.6475454,106.2729046,51,Moderate,1,22.6,93,0.1,8.5,83,1017.3,100,7.9,10.7,276.0,1.6,99.0,0.9
2026-03-09 09:00:00,2026,3,9,9,Quảng Trị,Xã Phong Nha,17.6475454,106.2729046,51,Moderate,1,23.0,90,0.2,10.3,77,1017.8,100,9.2,12.3,265.0,1.3,103.0,0.9
2026-03-09 10:00:00,2026,3,9,10,Quảng Trị,Xã Phong Nha,17.6475454,106.2729046,50,Good,0,23.9,85,0.6,13.8,76,1018.1,66,10.7,14.3,255.0,1.0,106.0,1.0
2026-03-09 11:00:00,2026,3,9,11,Quảng Trị,Xã Phong Nha,17.6475454,106.2729046,49,Good,0,25.1,80,0.4,15.9,74,1017.5,45,12.2,16.0,251.0,0.8,109.0,1.0
2026-03-09 12:00:00,2026,3,9,12,Quảng Trị,Xã Phong Nha,17.6475454,106.2729046,49,Good,0,26.2,72,0.3,17.0,77,1016.7,40,13.3,17.2,248.0,0.7,111.0,1.0
2026-03-09 13:00:00,2026,3,9,13,Quảng Trị,Xã Phong Nha,17.6475454,106.2729046,49,Good,0,25.7,76,0.4,14.9,73,1016.3,45,13.8,17.7,247.0,0.6,113.0,1.1
2026-03-09 14:00:00,2026,3,9,14,Quảng Trị,Xã Phong Nha,17.6475454,106.2729046,49,Good,0,25.6,75,0.0,15.7,65,1015.8,36,14.5,18.4,246.0,0.6,114.0,1.3
2026-03-09 15:00:00,2026,3,9,15,Quảng Trị,Xã Phong Nha,17.6475454,106.2729046,49,Good,0,25.3,76,0.0,15.9,62,1015.5,27,15.0,18.8,247.0,0.7,114.0,1.7
2026-03-09 16:00:00,2026,3,9,16,Quảng Trị,Xã Phong Nha,17.6475454,106.2729046,51,Moderate,1,25.0,76,0.1,15.7,60,1015.6,26,15.5,19.3,248.0,0.8,114.0,1.9
2026-03-09 17:00:00,2026,3,9,17,Quảng Trị,Xã Phong Nha,17.6475454,106.2729046,55,Moderate,1,24.1,79,0.0,11.4,62,1015.8,30,16.1,20.0,248.0,1.1,112.0,2.0
2026-03-09 18:00:00,2026,3,9,18,Quảng Trị,Xã Phong Nha,17.6475454,106.2729046,57,Moderate,1,22.7,88,0.1,9.6,50,1016.1,34,16.2,20.1,249.0,1.5,109.0,2.0
2026-03-09 19:00:00,2026,3,9,19,Quảng Trị,Xã Phong Nha,17.6475454,106.2729046,57,Moderate,1,22.1,92,0.8,8.1,35,1017.0,19,19.0,23.9,256.0,1.8,108.0,2.0
2026-03-09 20:00:00,2026,3,9,20,Quảng Trị,Xã Phong Nha,17.6475454,106.2729046,57,Moderate,1,21.5,95,0.0,11.7,34,1017.7,42,19.3,24.2,269.0,2.0,108.0,2.1
2026-03-09 21:00:00,2026,3,9,21,Quảng Trị,Xã Phong Nha,17.6475454,106.2729046,56,Moderate,1,21.1,95,0.2,14.0,38,1018.5,63,20.0,24.6,288.0,2.2,109.0,2.2
2026-03-09 22:00:00,2026,3,9,22,Quảng Trị,Xã Phong Nha,17.6475454,106.2729046,55,Moderate,1,20.6,97,0.7,15.6,35,1019.4,100,20.5,24.9,316.0,2.4,107.0,2.3
2026-03-09 23:00:00,2026,3,9,23,Quảng Trị,Xã Phong Nha,17.6475454,106.2729046,54,Moderate,1,20.5,96,0.1,16.0,23,1019.6,98,18.0,21.9,361.0,2.5,101.0,2.5
2026-03-10 00:00:00,2026,3,10,0,Quảng Trị,Xã Phong Nha,17.6475454,106.2729046,52,Moderate,1,20.7,93,0.1,15.8,21,1019.6,96,16.3,20.0,414.0,2.6,93.0,2.7
2026-03-10 01:00:00,2026,3,10,1,Quảng Trị,Xã Phong Nha,17.6475454,106.2729046,53,Moderate,1,20.3,98,0.2,13.9,13,1018.8,100,15.6,19.2,455.0,2.6,86.0,2.7
2026-03-10 02:00:00,2026,3,10,2,Quảng Trị,Xã Phong Nha,17.6475454,106.2729046,53,Moderate,1,20.3,97,0.3,15.7,13,1018.7,100,11.8,15.1,469.0,2.4,83.0,2.4
2026-03-10 03:00:00,2026,3,10,3,Quảng Trị,Xã Phong Nha,17.6475454,106.2729046,53,Moderate,1,20.0,98,0.5,14.9,11,1018.5,100,10.6,13.7,472.0,2.2,82.0,2.0
2026-03-10 04:00:00,2026,3,10,4,Quảng Trị,Xã Phong Nha,17.6475454,106.2729046,53,Moderate,1,19.9,96,0.2,15.9,3,1018.3,100,9.4,12.2,482.0,2.2,80.0,1.9
2026-03-10 05:00:00,2026,3,10,5,Quảng Trị,Xã Phong Nha,17.6475454,106.2729046,54,Moderate,1,19.6,98,0.2,16.2,2,1018.7,100,8.8,11.5,516.0,2.8,77.0,2.6
2026-03-10 06:00:00,2026,3,10,6,Quảng Trị,Xã Phong Nha,17.6475454,106.2729046,54,Moderate,1,19.3,98,0.4,17.3,358,1019.1,100,9.0,11.7,558.0,3.6,74.0,3.8
2026-03-10 07:00:00,2026,3,10,7,Quảng Trị,Xã Phong Nha,17.6475454,106.2729046,54,Moderate,1,19.1,98,0.3,15.7,319,1020.1,100,4.2,6.8,585.0,3.4,73.0,3.8
2026-03-10 08:00:00,2026,3,10,8,Quảng Trị,Xã Phong Nha,17.6475454,106.2729046,53,Moderate,1,18.5,98,1.8,15.3,307,1021.2,100,4.3,6.7,582.0,3.5,74.0,4.0
2026-03-10 09:00:00,2026,3,10,9,Quảng Trị,Xã Phong Nha,17.6475454,106.2729046,53,Moderate,1,18.4,97,1.7,14.7,309,1021.9,100,4.5,6.9,564.0,3.6,76.0,4.2
2026-03-10 10:00:00,2026,3,10,10,Quảng Trị,Xã Phong Nha,17.6475454,106.2729046,53,Moderate,1,18.5,98,0.8,15.9,315,1022.1,100,4.7,7.1,548.0,3.7,79.0,4.4
2026-03-10 11:00:00,2026,3,10,11,Quảng Trị,Xã Phong Nha,17.6475454,106.2729046,52,Moderate,1,18.7,98,0.7,14.1,320,1021.7,100,5.0,7.3,540.0,3.8,85.0,4.6
2026-03-10 12:00:00,2026,3,10,12,Quảng Trị,Xã Phong Nha,17.6475454,106.2729046,52,Moderate,1,19.1,97,0.9,14.4,322,1020.5,100,5.7,8.2,533.0,3.9,92.0,4.7
2026-03-10 13:00:00,2026,3,10,13,Quảng Trị,Xã Phong Nha,17.6475454,106.2729046,51,Moderate,1,19.2,95,0.7,14.7,343,1019.5,100,6.5,9.3,527.0,3.9,98.0,4.8
2026-03-10 14:00:00,2026,3,10,14,Quảng Trị,Xã Phong Nha,17.6475454,106.2729046,50,Good,0,19.8,92,0.3,13.7,3,1018.3,100,7.1,9.8,521.0,3.9,101.0,4.7
2026-03-10 15:00:00,2026,3,10,15,Quảng Trị,Xã Phong Nha,17.6475454,106.2729046,49,Good,0,20.3,84,0.0,12.2,2,1017.7,100,7.3,10.0,515.0,3.8,102.0,4.6
2026-03-10 16:00:00,2026,3,10,16,Quảng Trị,Xã Phong Nha,17.6475454,106.2729046,48,Good,0,20.0,82,0.0,11.4,355,1017.6,100,7.8,10.3,514.0,3.7,103.0,4.4
2026-03-10 17:00:00,2026,3,10,17,Quảng Trị,Xã Phong Nha,17.6475454,106.2729046,46,Good,0,19.7,82,0.0,9.5,349,1017.5,100,8.0,10.2,521.0,3.7,102.0,4.2
2026-03-10 18:00:00,2026,3,10,18,Quảng Trị,Xã Phong Nha,17.6475454,106.2729046,45,Good,0,19.2,85,0.0,7.9,336,1017.6,100,8.7,11.0,533.0,3.7,101.0,4.0
2026-03-10 19:00:00,2026,3,10,19,Quảng Trị,Xã Phong Nha,17.6475454,106.2729046,45,Good,0,18.7,92,0.0,10.4,323,1018.4,100,9.6,11.4,539.0,1.9,95.0,2.1
2026-03-10 20:00:00,2026,3,10,20,Quảng Trị,Xã Phong Nha,17.6475454,106.2729046,46,Good,0,18.6,92,0.0,9.1,311,1018.7,100,10.0,12.0,535.0,1.8,93.0,2.1
2026-03-10 21:00:00,2026,3,10,21,Quảng Trị,Xã Phong Nha,17.6475454,106.2729046,46,Good,0,18.6,91,0.0,8.2,303,1019.2,100,10.5,12.7,525.0,1.7,91.0,2.0
2026-03-10 22:00:00,2026,3,10,22,Quảng Trị,Xã Phong Nha,17.6475454,106.2729046,46,Good,0,18.5,90,0.0,6.9,287,1019.3,100,11.1,13.5,515.0,1.7,89.0,1.9
2026-03-10 23:00:00,2026,3,10,23,Quảng Trị,Xã Phong Nha,17.6475454,106.2729046,45,Good,0,18.5,89,0.0,7.1,279,1018.8,100,11.6,13.9,507.0,1.7,88.0,1.7
2026-03-11 00:00:00,2026,3,11,0,Quảng Trị,Xã Phong Nha,17.6475454,106.2729046,44,Good,0,18.5,89,0.0,8.1,287,1018.5,100,12.1,14.4,499.0,1.8,87.0,1.5
2026-03-11 01:00:00,2026,3,11,1,Quảng Trị,Xã Phong Nha,17.6475454,106.2729046,43,Good,0,18.6,88,0.0,7.6,295,1018.1,100,12.3,14.5,494.0,1.9,87.0,1.4
2026-03-11 02:00:00,2026,3,11,2,Quảng Trị,Xã Phong Nha,17.6475454,106.2729046,42,Good,0,18.5,89,0.0,7.8,299,1017.3,100,12.0,14.1,490.0,2.0,87.0,1.4
2026-03-11 03:00:00,2026,3,11,3,Quảng Trị,Xã Phong Nha,17.6475454,106.2729046,42,Good,0,18.3,89,0.0,8.5,298,1017.0,100,12.7,14.8,489.0,2.0,87.0,1.4
2026-03-11 04:00:00,2026,3,11,4,Quảng Trị,Xã Phong Nha,17.6475454,106.2729046,41,Good,0,18.2,88,0.0,8.3,294,1016.8,100,13.2,15.4,493.0,2.1,87.0,1.5
2026-03-11 05:00:00,2026,3,11,5,Quảng Trị,Xã Phong Nha,17.6475454,106.2729046,41,Good,0,18.2,86,0.0,8.3,294,1017.0,100,13.2,15.2,510.0,2.3,86.0,1.7
2026-03-11 06:00:00,2026,3,11,6,Quảng Trị,Xã Phong Nha,17.6475454,106.2729046,40,Good,0,18.1,86,0.0,9.0,301,1017.1,100,13.2,15.2,532.0,2.6,85.0,2.1
2026-03-11 07:00:00,2026,3,11,7,Quảng Trị,Xã Phong Nha,17.6475454,106.2729046,40,Good,0,18.8,86,0.0,7.9,290,1017.4,100,13.2,15.2,544.0,2.6,85.0,2.0
2026-03-11 08:00:00,2026,3,11,8,Quảng Trị,Xã Phong Nha,17.6475454,106.2729046,40,Good,0,19.2,83,0.0,7.6,285,1018.2,100,13.7,15.7,536.0,2.5,88.0,1.9
2026-03-11 09:00:00,2026,3,11,9,Quảng Trị,Xã Phong Nha,17.6475454,106.2729046,41,Good,0,20.0,79,0.0,8.4,289,1018.6,100,14.5,16.5,518.0,2.2,93.0,1.8
2026-03-11 10:00:00,2026,3,11,10,Quảng Trị,Xã Phong Nha,17.6475454,106.2729046,42,Good,0,21.0,77,0.0,12.6,329,1018.4,100,15.4,17.6,501.0,2.0,98.0,1.7
2026-03-11 11:00:00,2026,3,11,11,Quảng Trị,Xã Phong Nha,17.6475454,106.2729046,44,Good,0,21.8,76,0.0,13.2,334,1017.7,100,17.0,19.6,489.0,1.7,102.0,1.7
2026-03-11 12:00:00,2026,3,11,12,Quảng Trị,Xã Phong Nha,17.6475454,106.2729046,46,Good,0,22.7,74,0.0,10.8,336,1016.6,100,15.9,18.4,479.0,1.4,107.0,1.8
2026-03-11 13:00:00,2026,3,11,13,Quảng Trị,Xã Phong Nha,17.6475454,106.2729046,48,Good,0,23.4,71,0.1,8.7,347,1015.6,100,15.7,18.0,469.0,1.2,110.0,1.9
2026-03-11 14:00:00,2026,3,11,14,Quảng Trị,Xã Phong Nha,17.6475454,106.2729046,50,Good,0,23.1,73,0.0,11.5,350,1014.6,100,15.7,18.2,461.0,1.1,111.0,2.0
2026-03-11 15:00:00,2026,3,11,15,Quảng Trị,Xã Phong Nha,17.6475454,106.2729046,51,Moderate,1,23.0,73,0.0,11.6,4,1013.8,100,14.5,16.9,455.0,1.1,111.0,2.0
2026-03-11 16:00:00,2026,3,11,16,Quảng Trị,Xã Phong Nha,17.6475454,106.2729046,51,Moderate,1,22.4,76,0.0,9.8,31,1013.5,100,14.5,16.9,447.0,1.2,111.0,2.1
2026-03-11 17:00:00,2026,3,11,17,Quảng Trị,Xã Phong Nha,17.6475454,106.2729046,52,Moderate,1,21.5,86,0.4,9.0,46,1013.6,100,14.6,17.2,437.0,1.6,110.0,2.3
2026-03-11 18:00:00,2026,3,11,18,Quảng Trị,Xã Phong Nha,17.6475454,106.2729046,52,Moderate,1,21.0,87,0.4,8.4,45,1013.7,100,15.5,18.2,426.0,2.1,108.0,2.5
2026-03-11 19:00:00,2026,3,11,19,Quảng Trị,Xã Phong Nha,17.6475454,106.2729046,53,Moderate,1,20.7,93,0.5,6.8,37,1014.6,100,17.5,20.3,413.0,2.1,109.0,2.2
2026-03-11 20:00:00,2026,3,11,20,Quảng Trị,Xã Phong Nha,17.6475454,106.2729046,54,Moderate,1,20.4,97,0.2,3.7,11,1015.2,100,17.3,20.4,397.0,2.1,110.0,2.1
2026-03-11 21:00:00,2026,3,11,21,Quảng Trị,Xã Phong Nha,17.6475454,106.2729046,54,Moderate,1,20.2,97,0.4,4.0,328,1015.8,100,17.5,20.6,380.0,2.0,112.0,2.0
2026-03-11 22:00:00,2026,3,11,22,Quảng Trị,Xã Phong Nha,17.6475454,106.2729046,55,Moderate,1,20.0,97,0.4,5.4,312,1016.3,100,16.9,20.0,361.0,2.0,113.0,1.9
2026-03-11 23:00:00,2026,3,11,23,Quảng Trị,Xã Phong Nha,17.6475454,106.2729046,55,Moderate,1,19.7,98,0.2,5.8,306,1016.2,100,16.0,19.1,339.0,1.9,113.0,1.7
2026-03-12 00:00:00,2026,3,12,0,Quảng Trị,Xã Phong Nha,17.6475454,106.2729046,56,Moderate,1,19.6,98,0.2,5.9,301,1015.8,100,15.0,17.9,317.0,1.9,113.0,1.5
2026-03-12 01:00:00,2026,3,12,1,Quảng Trị,Xã Phong Nha,17.6475454,106.2729046,56,Moderate,1,19.8,98,0.2,4.0,342,1015.6,49,14.0,16.6,301.0,1.8,113.0,1.4
2026-03-12 02:00:00,2026,3,12,2,Quảng Trị,Xã Phong Nha,17.6475454,106.2729046,56,Moderate,1,19.6,98,0.2,3.6,360,1014.8,73,14.1,16.8,292.0,1.7,113.0,1.3
2026-03-12 03:00:00,2026,3,12,3,Quảng Trị,Xã Phong Nha,17.6475454,106.2729046,57,Moderate,1,19.6,97,0.1,3.1,360,1014.7,100,13.2,15.9,289.0,1.7,113.0,1.3
2026-03-12 04:00:00,2026,3,12,4,Quảng Trị,Xã Phong Nha,17.6475454,106.2729046,58,Moderate,1,19.7,98,0.2,2.8,342,1014.5,100,12.9,15.5,302.0,1.7,112.0,1.3
2026-03-12 05:00:00,2026,3,12,5,Quảng Trị,Xã Phong Nha,17.6475454,106.2729046,58,Moderate,1,19.7,98,0.5,3.3,331,1015.1,100,11.9,14.5,344.0,1.8,110.0,1.4
2026-03-12 06:00:00,2026,3,12,6,Quảng Trị,Xã Phong Nha,17.6475454,106.2729046,58,Moderate,1,19.5,99,0.8,3.4,3,1015.8,100,11.1,13.7,402.0,1.9,108.0,1.6
2026-03-12 07:00:00,2026,3,12,7,Quảng Trị,Xã Phong Nha,17.6475454,106.2729046,57,Moderate,1,20.0,98,0.5,5.6,339,1016.6,100,11.1,13.7,445.0,2.1,105.0,2.7
2026-03-12 08:00:00,2026,3,12,8,Quảng Trị,Xã Phong Nha,17.6475454,106.2729046,56,Moderate,1,20.3,98,0.5,6.5,337,1017.3,100,10.9,13.5,458.0,2.0,104.0,2.8
2026-03-12 09:00:00,2026,3,12,9,Quảng Trị,Xã Phong Nha,17.6475454,106.2729046,56,Moderate,1,20.6,96,0.4,7.1,354,1017.7,100,11.1,13.9,456.0,1.9,104.0,3.0
2026-03-12 10:00:00,2026,3,12,10,Quảng Trị,Xã Phong Nha,17.6475454,106.2729046,55,Moderate,1,20.9,95,0.4,5.0,358,1017.6,100,11.6,14.6,448.0,1.8,105.0,3.1
2026-03-12 11:00:00,2026,3,12,11,Quảng Trị,Xã Phong Nha,17.6475454,106.2729046,55,Moderate,1,21.8,92,0.2,7.1,19,1017.2,100,13.9,17.6,433.0,1.6,109.0,3.1
2026-03-12 12:00:00,2026,3,12,12,Quảng Trị,Xã Phong Nha,17.6475454,106.2729046,55,Moderate,1,22.5,84,0.2,9.3,18,1016.1,100,14.5,18.2,413.0,1.4,114.0,3.0
2026-03-12 13:00:00,2026,3,12,13,Quảng Trị,Xã Phong Nha,17.6475454,106.2729046,55,Moderate,1,22.7,78,0.3,12.0,18,1015.2,100,16.6,20.4,404.0,1.2,119.0,2.9
2026-03-12 14:00:00,2026,3,12,14,Quảng Trị,Xã Phong Nha,17.6475454,106.2729046,55,Moderate,1,21.5,91,1.0,11.8,24,1014.7,100,19.8,23.8,414.0,1.2,122.0,2.9
2026-03-12 15:00:00,2026,3,12,15,Quảng Trị,Xã Phong Nha,17.6475454,106.2729046,55,Moderate,1,20.8,95,1.8,12.4,31,1014.0,100,21.0,24.8,435.0,1.3,124.0,3.0
2026-03-12 16:00:00,2026,3,12,16,Quảng Trị,Xã Phong Nha,17.6475454,106.2729046,58,Moderate,1,20.7,96,0.8,8.5,36,1013.9,100,22.9,26.8,454.0,1.4,126.0,3.0
2026-03-12 17:00:00,2026,3,12,17,Quảng Trị,Xã Phong Nha,17.6475454,106.2729046,63,Moderate,1,20.5,96,0.1,9.4,36,1013.8,100,24.3,28.0,470.0,1.6,128.0,3.0
2026-03-12 18:00:00,2026,3,12,18,Quảng Trị,Xã Phong Nha,17.6475454,106.2729046,68,Moderate,1,20.1,95,0.2,8.7,43,1014.2,100,26.5,30.4,485.0,1.9,131.0,2.9
2026-03-12 19:00:00,2026,3,12,19,Quảng Trị,Xã Phong Nha,17.6475454,106.2729046,74,Moderate,1,19.8,96,0.1,1.7,342,1014.9,95,22.1,25.4,494.0,1.9,125.0,2.7
2026-03-12 20:00:00,2026,3,12,20,Quảng Trị,Xã Phong Nha,17.6475454,106.2729046,77,Moderate,1,19.9,97,0.4,3.8,335,1015.7,100,22.9,26.3,496.0,1.8,128.0,2.5
2026-03-12 21:00:00,2026,3,12,21,Quảng Trị,Xã Phong Nha,17.6475454,106.2729046,80,Moderate,1,19.8,97,0.2,3.8,311,1016.5,100,24.8,28.4,492.0,1.7,131.0,2.3
2026-03-12 22:00:00,2026,3,12,22,Quảng Trị,Xã Phong Nha,17.6475454,106.2729046,82,Moderate,1,19.6,98,0.1,5.5,279,1016.8,100,26.1,29.7,483.0,1.6,133.0,2.1
2026-03-12 23:00:00,2026,3,12,23,Quảng Trị,Xã Phong Nha,17.6475454,106.2729046,85,Moderate,1,19.5,98,0.1,5.9,281,1016.8,100,25.9,29.5,463.0,1.6,133.0,2.1
2026-03-13 00:00:00,2026,3,13,0,Quảng Trị,Xã Phong Nha,17.6475454,106.2729046,87,Moderate,1,19.4,97,0.0,6.8,282,1016.6,100,24.8,28.2,438.0,1.6,131.0,2.2
2026-03-13 01:00:00,2026,3,13,1,Quảng Trị,Xã Phong Nha,17.6475454,106.2729046,88,Moderate,1,19.3,97,0.0,8.3,290,1016.3,100,25.0,28.5,425.0,1.7,129.0,2.3
2026-03-13 02:00:00,2026,3,13,2,Quảng Trị,Xã Phong Nha,17.6475454,106.2729046,88,Moderate,1,19.0,97,0.0,10.3,303,1016.0,100,25.8,29.2,434.0,1.8,126.0,2.4
2026-03-13 03:00:00,2026,3,13,3,Quảng Trị,Xã Phong Nha,17.6475454,106.2729046,87,Moderate,1,18.8,98,0.2,9.2,303,1015.7,100,26.8,30.2,455.0,1.9,123.0,2.6
2026-03-13 04:00:00,2026,3,13,4,Quảng Trị,Xã Phong Nha,17.6475454,106.2729046,86,Moderate,1,18.6,97,0.1,8.5,291,1015.7,100,24.7,27.5,480.0,2.1,120.0,2.7
2026-03-13 05:00:00,2026,3,13,5,Quảng Trị,Xã Phong Nha,17.6475454,106.2729046,85,Moderate,1,18.5,97,0.0,9.9,286,1016.1,100,24.2,26.9,512.0,2.4,118.0,2.8
2026-03-13 06:00:00,2026,3,13,6,Quảng Trị,Xã Phong Nha,17.6475454,106.2729046,82,Moderate,1,18.4,96,0.1,10.0,288,1016.8,100,26.3,29.3,549.0,2.8,116.0,2.9
2026-03-13 07:00:00,2026,3,13,7,Quảng Trị,Xã Phong Nha,17.6475454,106.2729046,78,Moderate,1,19.0,98,0.4,8.6,293,1017.6,100,27.0,30.3,574.0,2.7,116.0,2.8
2026-03-13 08:00:00,2026,3,13,8,Quảng Trị,Xã Phong Nha,17.6475454,106.2729046,75,Moderate,1,19.2,97,0.6,7.5,305,1018.5,100,27.0,30.2,588.0,2.6,116.0,3.0
2026-03-13 09:00:00,2026,3,13,9,Quảng Trị,Xã Phong Nha,17.6475454,106.2729046,72,Moderate,1,19.7,97,0.2,9.0,327,1019.0,100,27.0,30.0,591.0,2.6,116.0,3.2
2026-03-13 10:00:00,2026,3,13,10,Quảng Trị,Xã Phong Nha,17.6475454,106.2729046,73,Moderate,1,20.4,93,0.0,7.7,351,1018.9,100,27.2,30.2,569.0,2.4,117.0,3.4
2026-03-13 11:00:00,2026,3,13,11,Quảng Trị,Xã Phong Nha,17.6475454,106.2729046,75,Moderate,1,22.3,83,0.0,7.2,360,1018.5,100,26.7,29.6,500.0,2.1,119.0,3.6
2026-03-13 12:00:00,2026,3,13,12,Quảng Trị,Xã Phong Nha,17.6475454,106.2729046,76,Moderate,1,22.0,81,0.2,8.7,13,1017.4,100,25.3,28.2,406.0,1.7,122.0,3.7
2026-03-13 13:00:00,2026,3,13,13,Quảng Trị,Xã Phong Nha,17.6475454,106.2729046,77,Moderate,1,21.9,78,0.7,7.5,24,1016.9,100,23.7,26.3,334.0,1.4,124.0,3.7
2026-03-13 14:00:00,2026,3,13,14,Quảng Trị,Xã Phong Nha,17.6475454,106.2729046,77,Moderate,1,21.7,83,0.2,5.3,352,1015.9,100,21.8,23.9,303.0,1.3,126.0,3.6
2026-03-13 15:00:00,2026,3,13,15,Quảng Trị,Xã Phong Nha,17.6475454,106.2729046,78,Moderate,1,22.0,81,0.0,3.8,273,1015.1,47,20.3,22.4,295.0,1.3,127.0,3.3
2026-03-13 16:00:00,2026,3,13,16,Quảng Trị,Xã Phong Nha,17.6475454,106.2729046,78,Moderate,1,23.2,75,0.1,1.5,36,1014.8,48,20.1,23.6,302.0,1.4,126.0,3.1
2026-03-13 17:00:00,2026,3,13,17,Quảng Trị,Xã Phong Nha,17.6475454,106.2729046,77,Moderate,1,22.6,76,0.0,7.2,86,1014.7,45,19.9,23.8,333.0,1.8,122.0,2.9
2026-03-13 18:00:00,2026,3,13,18,Quảng Trị,Xã Phong Nha,17.6475454,106.2729046,77,Moderate,1,21.0,80,0.0,6.2,73,1015.1,100,18.1,21.9,380.0,2.4,117.0,2.6
2026-03-13 19:00:00,2026,3,13,19,Quảng Trị,Xã Phong Nha,17.6475454,106.2729046,76,Moderate,1,21.4,83,0.0,1.9,112,1016.0,100,15.0,18.6,408.0,2.5,114.0,1.6
2026-03-13 20:00:00,2026,3,13,20,Quảng Trị,Xã Phong Nha,17.6475454,106.2729046,76,Moderate,1,21.3,82,0.0,2.6,254,1016.6,100,13.4,17.2,401.0,2.5,113.0,1.5
2026-03-13 21:00:00,2026,3,13,21,Quảng Trị,Xã Phong Nha,17.6475454,106.2729046,75,Moderate,1,21.0,83,0.0,4.7,288,1017.0,57,13.6,17.6,376.0,2.6,111.0,1.3
2026-03-13 22:00:00,2026,3,13,22,Quảng Trị,Xã Phong Nha,17.6475454,106.2729046,74,Moderate,1,20.0,89,0.2,5.9,301,1017.3,100,13.3,17.2,349.0,2.6,110.0,1.2
2026-03-13 23:00:00,2026,3,13,23,Quảng Trị,Xã Phong Nha,17.6475454,106.2729046,73,Moderate,1,19.9,93,0.6,3.6,327,1017.3,100,12.5,16.0,322.0,2.5,109.0,1.2
2026-03-14 00:00:00,2026,3,14,0,Quảng Trị,Xã Phong Nha,17.6475454,106.2729046,71,Moderate,1,19.5,96,1.2,4.1,293,1017.3,100,10.6,13.5,293.0,2.3,109.0,1.3
2026-03-14 01:00:00,2026,3,14,1,Quảng Trị,Xã Phong Nha,17.6475454,106.2729046,70,Moderate,1,19.8,98,0.8,2.6,304,1016.6,100,10.2,13.0,269.0,2.2,108.0,1.5
2026-03-14 02:00:00,2026,3,14,2,Quảng Trị,Xã Phong Nha,17.6475454,106.2729046,69,Moderate,1,19.8,98,0.5,4.9,306,1016.4,100,12.7,15.3,250.0,2.3,107.0,1.9
2026-03-14 03:00:00,2026,3,14,3,Quảng Trị,Xã Phong Nha,17.6475454,106.2729046,68,Moderate,1,19.6,98,0.3,7.9,319,1016.0,100,15.5,18.2,236.0,2.5,105.0,2.3
2026-03-14 04:00:00,2026,3,14,4,Quảng Trị,Xã Phong Nha,17.6475454,106.2729046,67,Moderate,1,19.4,98,0.2,9.2,325,1016.1,100,17.6,20.1,234.0,2.7,104.0,2.7
2026-03-14 05:00:00,2026,3,14,5,Quảng Trị,Xã Phong Nha,17.6475454,106.2729046,66,Moderate,1,19.3,98,0.1,7.6,333,1016.6,100,19.8,22.6,255.0,3.0,103.0,3.0
2026-03-14 06:00:00,2026,3,14,6,Quảng Trị,Xã Phong Nha,17.6475454,106.2729046,66,Moderate,1,19.2,99,0.4,5.2,333,1017.6,100,22.4,26.3,289.0,3.4,103.0,3.2
2026-03-14 07:00:00,2026,3,14,7,Quảng Trị,Xã Phong Nha,17.6475454,106.2729046,65,Moderate,1,19.8,98,0.5,1.3,286,1018.1,100,16.7,19.3,313.0,3.5,106.0,3.2
2026-03-14 08:00:00,2026,3,14,8,Quảng Trị,Xã Phong Nha,17.6475454,106.2729046,64,Moderate,1,20.1,97,0.2,4.3,332,1018.8,100,19.0,22.8,317.0,3.2,109.0,2.9
2026-03-14 09:00:00,2026,3,14,9,Quảng Trị,Xã Phong Nha,17.6475454,106.2729046,64,Moderate,1,20.8,96,0.1,5.8,5,1019.3,100,18.4,22.3,311.0,2.8,113.0,2.4
2026-03-14 10:00:00,2026,3,14,10,Quảng Trị,Xã Phong Nha,17.6475454,106.2729046,63,Moderate,1,21.3,95,0.4,8.4,28,1019.5,100,16.1,20.1,300.0,2.3,116.0,1.9
2026-03-14 11:00:00,2026,3,14,11,Quảng Trị,Xã Phong Nha,17.6475454,106.2729046,62,Moderate,1,21.4,95,1.4,11.7,77,1019.3,100,12.7,16.7,281.0,1.8,117.0,1.5
2026-03-14 12:00:00,2026,3,14,12,Quảng Trị,Xã Phong Nha,17.6475454,106.2729046,61,Moderate,1,21.3,95,2.5,8.4,79,1018.2,100,9.7,13.8,256.0,1.2,118.0,1.0
2026-03-14 13:00:00,2026,3,14,13,Quảng Trị,Xã Phong Nha,17.6475454,106.2729046,59,Moderate,1,21.3,95,0.6,11.1,81,1017.8,98,10.0,14.4,238.0,0.8,118.0,0.7
2026-03-14 14:00:00,2026,3,14,14,Quảng Trị,Xã Phong Nha,17.6475454,106.2729046,58,Moderate,1,22.6,85,0.1,13.5,93,1017.0,100,11.2,16.2,230.0,0.6,118.0,0.6
2026-03-14 15:00:00,2026,3,14,15,Quảng Trị,Xã Phong Nha,17.6475454,106.2729046,61,Moderate,1,22.9,80,0.2,14.5,96,1016.0,53,11.9,17.1,229.0,0.6,119.0,0.6
2026-03-14 16:00:00,2026,3,14,16,Quảng Trị,Xã Phong Nha,17.6475454,106.2729046,64,Moderate,1,23.5,73,0.0,15.3,99,1015.5,30,12.5,17.8,232.0,0.7,118.0,0.6
2026-03-14 17:00:00,2026,3,14,17,Quảng Trị,Xã Phong Nha,17.6475454,106.2729046,66,Moderate,1,23.3,73,0.0,14.3,96,1015.3,41,12.9,18.2,243.0,1.0,116.0,0.6
2026-03-14 18:00:00,2026,3,14,18,Quảng Trị,Xã Phong Nha,17.6475454,106.2729046,66,Moderate,1,22.1,78,0.0,9.9,91,1015.9,18,13.0,18.1,258.0,1.4,114.0,0.7
2026-03-14 19:00:00,2026,3,14,19,Quảng Trị,Xã Phong Nha,17.6475454,106.2729046,66,Moderate,1,21.1,86,0.0,6.0,85,1016.3,25,14.7,20.4,267.0,1.9,113.0,0.9
2026-03-14 20:00:00,2026,3,14,20,Quảng Trị,Xã Phong Nha,17.6475454,106.2729046,65,Moderate,1,20.9,87,0.0,9.2,102,1017.0,13,14.5,20.3,265.0,1.9,111.0,0.9
2026-03-14 21:00:00,2026,3,14,21,Quảng Trị,Xã Phong Nha,17.6475454,106.2729046,64,Moderate,1,20.7,89,0.0,6.3,103,1017.4,12,14.4,20.1,256.0,1.9,109.0,0.9
2026-03-14 22:00:00,2026,3,14,22,Quảng Trị,Xã Phong Nha,17.6475454,106.2729046,62,Moderate,1,20.3,89,0.0,4.2,100,1017.6,11,14.3,20.2,249.0,1.9,107.0,0.9
2026-03-14 23:00:00,2026,3,14,23,Quảng Trị,Xã Phong Nha,17.6475454,106.2729046,59,Moderate,1,20.4,88,0.0,1.4,67,1017.7,17,14.1,20.1,246.0,1.9,105.0,0.9
2026-03-15 00:00:00,2026,3,15,0,Quảng Trị,Xã Phong Nha,17.6475454,106.2729046,57,Moderate,1,20.0,90,0.0,1.7,122,1017.3,12,13.5,19.4,244.0,1.8,104.0,0.8
2026-03-15 01:00:00,2026,3,15,1,Quảng Trị,Xã Phong Nha,17.6475454,106.2729046,55,Moderate,1,20.0,90,0.0,3.8,85,1016.9,26,13.1,18.9,239.0,1.8,102.0,0.8
2026-03-15 02:00:00,2026,3,15,2,Quảng Trị,Xã Phong Nha,17.6475454,106.2729046,56,Moderate,1,19.6,91,0.0,4.4,58,1016.6,34,12.7,18.4,226.0,1.8,101.0,0.8
2026-03-15 03:00:00,2026,3,15,3,Quảng Trị,Xã Phong Nha,17.6475454,106.2729046,56,Moderate,1,19.5,92,0.0,4.5,47,1016.3,25,12.3,18.2,211.0,1.8,99.0,0.7
2026-03-15 04:00:00,2026,3,15,4,Quảng Trị,Xã Phong Nha,17.6475454,106.2729046,55,Moderate,1,19.2,93,0.1,4.8,77,1016.0,27,11.9,17.8,209.0,1.9,98.0,0.7
2026-03-15 05:00:00,2026,3,15,5,Quảng Trị,Xã Phong Nha,17.6475454,106.2729046,55,Moderate,1,19.1,93,0.1,4.5,97,1016.5,38,12.0,18.2,237.0,2.1,97.0,0.8
2026-03-15 06:00:00,2026,3,15,6,Quảng Trị,Xã Phong Nha,17.6475454,106.2729046,54,Moderate,1,19.0,93,0.1,1.9,68,1017.1,46,12.2,18.5,278.0,2.4,95.0,0.9
2026-03-15 07:00:00,2026,3,15,7,Quảng Trị,Xã Phong Nha,17.6475454,106.2729046,53,Moderate,1,20.6,95,0.1,4.0,120,1017.6,30,14.1,20.9,298.0,2.2,96.0,0.8
2026-03-15 08:00:00,2026,3,15,8,Quảng Trị,Xã Phong Nha,17.6475454,106.2729046,53,Moderate,1,21.4,93,0.1,11.7,99,1018.2,35,14.2,21.3,274.0,1.9,100.0,0.8
2026-03-15 09:00:00,2026,3,15,9,Quảng Trị,Xã Phong Nha,17.6475454,106.2729046,53,Moderate,1,22.6,87,0.1,12.1,96,1018.9,43,13.4,20.2,227.0,1.4,105.0,0.8
2026-03-15 10:00:00,2026,3,15,10,Quảng Trị,Xã Phong Nha,17.6475454,106.2729046,52,Moderate,1,23.7,79,0.2,14.9,91,1019.0,40,13.2,20.0,192.0,1.0,109.0,0.8
2026-03-15 11:00:00,2026,3,15,11,Quảng Trị,Xã Phong Nha,17.6475454,106.2729046,52,Moderate,1,24.3,75,0.4,17.1,91,1018.5,59,12.6,19.3,181.0,0.8,110.0,0.7
2026-03-15 12:00:00,2026,3,15,12,Quảng Trị,Xã Phong Nha,17.6475454,106.2729046,52,Moderate,1,24.9,72,0.5,17.6,91,1017.3,58,12.5,19.3,181.0,0.6,110.0,0.7
2026-03-15 13:00:00,2026,3,15,13,Quảng Trị,Xã Phong Nha,17.6475454,106.2729046,52,Moderate,1,25.7,67,0.1,17.8,88,1016.4,27,12.3,19.0,182.0,0.5,110.0,0.6
2026-03-15 14:00:00,2026,3,15,14,Quảng Trị,Xã Phong Nha,17.6475454,106.2729046,52,Moderate,1,25.8,65,0.0,18.7,91,1015.4,28,12.2,18.7,180.0,0.5,110.0,0.6
2026-03-15 15:00:00,2026,3,15,15,Quảng Trị,Xã Phong Nha,17.6475454,106.2729046,52,Moderate,1,25.5,64,0.0,18.8,94,1014.6,87,12.4,18.8,179.0,0.5,110.0,0.6
2026-03-15 16:00:00,2026,3,15,16,Quảng Trị,Xã Phong Nha,17.6475454,106.2729046,52,Moderate,1,24.6,67,0.0,17.7,96,1014.4,79,14.3,21.5,186.0,0.7,109.0,0.6
2026-03-15 17:00:00,2026,3,15,17,Quảng Trị,Xã Phong Nha,17.6475454,106.2729046,53,Moderate,1,23.5,75,0.0,14.8,93,1014.4,68,13.0,19.3,205.0,1.0,107.0,0.6
2026-03-15 18:00:00,2026,3,15,18,Quảng Trị,Xã Phong Nha,17.6475454,106.2729046,53,Moderate,1,22.4,81,0.0,9.4,82,1014.7,30,12.7,18.7,231.0,1.4,105.0,0.7
2026-03-15 19:00:00,2026,3,15,19,Quảng Trị,Xã Phong Nha,17.6475454,106.2729046,53,Moderate,1,21.8,82,0.0,7.5,105,1015.2,47,12.7,18.5,255.0,1.8,104.0,0.8
2026-03-15 20:00:00,2026,3,15,20,Quảng Trị,Xã Phong Nha,17.6475454,106.2729046,52,Moderate,1,21.5,83,0.0,6.0,106,1015.9,16,12.7,18.4,274.0,1.9,101.0,0.9
2026-03-15 21:00:00,2026,3,15,21,Quảng Trị,Xã Phong Nha,17.6475454,106.2729046,52,Moderate,1,20.8,88,0.0,5.1,117,1016.2,10,12.7,18.3,291.0,2.1,98.0,0.9
2026-03-15 22:00:00,2026,3,15,22,Quảng Trị,Xã Phong Nha,17.6475454,106.2729046,52,Moderate,1,20.4,88,0.0,4.0,120,1016.6,3,12.4,18.0,301.0,2.3,95.0,1.0
2026-03-15 23:00:00,2026,3,15,23,Quảng Trị,Xã Phong Nha,17.6475454,106.2729046,52,Moderate,1,20.1,89,0.0,3.7,125,1016.5,1,12.4,18.0,301.0,2.4,93.0,1.0
2026-03-16 00:00:00,2026,3,16,0,Quảng Trị,Xã Phong Nha,17.6475454,106.2729046,52,Moderate,1,19.7,92,0.0,4.5,127,1015.9,5,12.0,17.5,293.0,2.5,92.0,1.0
2026-03-16 01:00:00,2026,3,16,1,Quảng Trị,Xã Phong Nha,17.6475454,106.2729046,52,Moderate,1,19.9,93,0.0,5.6,115,1014.9,10,11.8,17.3,282.0,2.5,91.0,0.9
2026-03-16 02:00:00,2026,3,16,2,Quảng Trị,Xã Phong Nha,17.6475454,106.2729046,51,Moderate,1,19.8,93,0.0,3.7,113,1014.3,7,11.9,17.3,261.0,2.5,90.0,0.8
2026-03-16 03:00:00,2026,3,16,3,Quảng Trị,Xã Phong Nha,17.6475454,106.2729046,51,Moderate,1,19.6,93,0.0,1.7,131,1013.7,16,11.8,17.2,236.0,2.5,90.0,0.7
2026-03-16 04:00:00,2026,3,16,4,Quảng Trị,Xã Phong Nha,17.6475454,106.2729046,51,Moderate,1,19.6,93,0.0,1.0,158,1013.5,18,12.5,18.3,226.0,2.5,90.0,0.7
2026-03-16 05:00:00,2026,3,16,5,Quảng Trị,Xã Phong Nha,17.6475454,106.2729046,51,Moderate,1,19.4,93,0.0,0.6,236,1013.6,39,12.1,17.6,251.0,2.6,90.0,0.7
2026-03-16 06:00:00,2026,3,16,6,Quảng Trị,Xã Phong Nha,17.6475454,106.2729046,51,Moderate,1,19.2,93,0.1,0.4,270,1014.2,48,12.3,17.9,293.0,2.7,92.0,0.8
2026-03-16 07:00:00,2026,3,16,7,Quảng Trị,Xã Phong Nha,17.6475454,106.2729046,51,Moderate,1,20.9,90,0.0,2.5,315,1015.0,41,11.4,17.0,310.0,2.4,91.0,1.0
2026-03-16 08:00:00,2026,3,16,8,Quảng Trị,Xã Phong Nha,17.6475454,106.2729046,51,Moderate,1,22.8,83,0.1,5.0,90,1016.0,27,10.7,16.4,279.0,1.9,97.0,0.9
2026-03-16 09:00:00,2026,3,16,9,Quảng Trị,Xã Phong Nha,17.6475454,106.2729046,51,Moderate,1,24.2,74,0.1,15.7,109,1016.5,38,10.8,16.6,223.0,1.3,106.0,0.8
2026-03-16 10:00:00,2026,3,16,10,Quảng Trị,Xã Phong Nha,17.6475454,106.2729046,51,Moderate,1,25.3,68,0.0,15.0,104,1016.6,31,10.4,15.9,182.0,0.8,112.0,0.7
2026-03-16 11:00:00,2026,3,16,11,Quảng Trị,Xã Phong Nha,17.6475454,106.2729046,50,Good,0,26.4,63,0.0,14.9,102,1015.8,14,10.4,15.9,171.0,0.6,114.0,0.7
2026-03-16 12:00:00,2026,3,16,12,Quảng Trị,Xã Phong Nha,17.6475454,106.2729046,50,Good,0,27.2,58,0.0,15.8,101,1014.2,35,10.5,16.1,173.0,0.5,113.0,0.6
2026-03-16 13:00:00,2026,3,16,13,Quảng Trị,Xã Phong Nha,17.6475454,106.2729046,50,Good,0,26.4,61,0.0,14.7,96,1013.8,39,10.5,16.1,176.0,0.5,112.0,0.6
2026-03-16 14:00:00,2026,3,16,14,Quảng Trị,Xã Phong Nha,17.6475454,106.2729046,50,Good,0,26.4,59,0.0,15.1,87,1013.0,38,10.5,16.1,171.0,0.5,111.0,0.6
2026-03-16 15:00:00,2026,3,16,15,Quảng Trị,Xã Phong Nha,17.6475454,106.2729046,50,Good,0,25.9,61,0.0,15.1,91,1012.1,44,10.2,15.6,166.0,0.4,109.0,0.5
2026-03-16 16:00:00,2026,3,16,16,Quảng Trị,Xã Phong Nha,17.6475454,106.2729046,52,Moderate,1,25.0,66,0.0,14.5,96,1011.9,28,10.1,15.4,172.0,0.6,106.0,0.5
2026-03-16 17:00:00,2026,3,16,17,Quảng Trị,Xã Phong Nha,17.6475454,106.2729046,54,Moderate,1,23.9,71,0.0,12.6,95,1011.8,16,9.9,15.0,197.0,1.0,102.0,0.6
2026-03-16 18:00:00,2026,3,16,18,Quảng Trị,Xã Phong Nha,17.6475454,106.2729046,54,Moderate,1,22.5,78,0.0,8.6,91,1011.9,13,9.8,14.8,233.0,1.6,98.0,0.7
2026-03-16 19:00:00,2026,3,16,19,Quảng Trị,Xã Phong Nha,17.6475454,106.2729046,51,Moderate,1,21.5,83,0.0,5.8,110,1012.3,6,10.9,16.2,260.0,2.0,97.0,0.8
2026-03-16 20:00:00,2026,3,16,20,Quảng Trị,Xã Phong Nha,17.6475454,106.2729046,49,Good,0,21.0,86,0.0,4.9,118,1012.8,9,10.9,15.9,273.0,2.3,93.0,0.9
2026-03-16 21:00:00,2026,3,16,21,Quảng Trị,Xã Phong Nha,17.6475454,106.2729046,48,Good,0,20.8,87,0.0,2.5,150,1013.5,4,10.9,15.8,279.0,2.8,88.0,1.1
2026-03-16 22:00:00,2026,3,16,22,Quảng Trị,Xã Phong Nha,17.6475454,106.2729046,47,Good,0,20.7,85,0.0,1.1,180,1013.7,7,11.1,15.9,276.0,3.1,84.0,1.2
2026-03-16 23:00:00,2026,3,16,23,Quảng Trị,Xã Phong Nha,17.6475454,106.2729046,46,Good,0,20.3,86,0.0,1.1,198,1013.7,4,11.6,16.4,262.0,3.3,82.0,1.1
2026-03-17 00:00:00,2026,3,17,0,Quảng Trị,Xã Phong Nha,17.6475454,106.2729046,46,Good,0,19.9,87,0.0,0.9,217,1013.2,4,12.0,16.9,240.0,3.3,82.0,0.9
2026-03-17 01:00:00,2026,3,17,1,Quảng Trị,Xã Phong Nha,17.6475454,106.2729046,46,Good,0,20.0,91,0.0,2.2,175,1012.4,13,12.5,17.5,221.0,3.3,81.0,0.8
2026-03-17 02:00:00,2026,3,17,2,Quảng Trị,Xã Phong Nha,17.6475454,106.2729046,46,Good,0,19.8,91,0.0,1.5,201,1012.0,5,12.8,17.9,204.0,3.2,80.0,0.7
2026-03-17 03:00:00,2026,3,17,3,Quảng Trị,Xã Phong Nha,17.6475454,106.2729046,46,Good,0,19.5,92,0.0,0.6,252,1011.5,16,12.6,17.3,191.0,3.1,79.0,0.7
2026-03-17 04:00:00,2026,3,17,4,Quảng Trị,Xã Phong Nha,17.6475454,106.2729046,46,Good,0,19.0,94,0.0,1.3,236,1011.5,10,12.7,17.4,194.0,3.0,78.0,0.7
2026-03-17 05:00:00,2026,3,17,5,Quảng Trị,Xã Phong Nha,17.6475454,106.2729046,46,Good,0,18.6,95,0.0,1.7,238,1011.7,11,12.9,17.5,235.0,3.1,75.0,0.8
2026-03-17 06:00:00,2026,3,17,6,Quảng Trị,Xã Phong Nha,17.6475454,106.2729046,47,Good,0,18.4,95,0.0,1.0,248,1012.3,79,13.3,17.9,293.0,3.4,73.0,0.9
2026-03-17 07:00:00,2026,3,17,7,Quảng Trị,Xã Phong Nha,17.6475454,106.2729046,47,Good,0,20.5,93,0.0,1.5,300,1013.2,20,13.0,17.6,320.0,2.8,79.0,0.8
2026-03-17 08:00:00,2026,3,17,8,Quảng Trị,Xã Phong Nha,17.6475454,106.2729046,47,Good,0,22.9,87,0.0,2.6,74,1013.8,15,12.2,16.8,284.0,2.3,86.0,0.9
2026-03-17 09:00:00,2026,3,17,9,Quảng Trị,Xã Phong Nha,17.6475454,106.2729046,47,Good,0,24.9,76,0.1,12.5,110,1014.4,38,11.1,16.0,217.0,1.6,97.0,1.0
2026-03-17 10:00:00,2026,3,17,10,Quảng Trị,Xã Phong Nha,17.6475454,106.2729046,47,Good,0,26.0,69,0.0,13.4,110,1014.2,30,10.6,15.3,168.0,1.0,105.0,1.1
2026-03-17 11:00:00,2026,3,17,11,Quảng Trị,Xã Phong Nha,17.6475454,106.2729046,47,Good,0,27.2,63,0.0,12.6,110,1013.6,41,10.3,14.9,161.0,0.7,109.0,1.1
2026-03-17 12:00:00,2026,3,17,12,Quảng Trị,Xã Phong Nha,17.6475454,106.2729046,47,Good,0,27.9,60,0.0,12.5,102,1012.4,66,10.4,15.0,173.0,0.6,112.0,1.0
2026-03-17 13:00:00,2026,3,17,13,Quảng Trị,Xã Phong Nha,17.6475454,106.2729046,47,Good,0,27.7,61,0.0,13.5,94,1011.9,66,10.6,15.2,182.0,0.6,113.0,0.9
2026-03-17 14:00:00,2026,3,17,14,Quảng Trị,Xã Phong Nha,17.6475454,106.2729046,47,Good,0,27.0,64,0.0,14.4,89,1011.1,5,10.8,15.5,176.0,0.5,114.0,0.8
2026-03-17 15:00:00,2026,3,17,15,Quảng Trị,Xã Phong Nha,17.6475454,106.2729046,47,Good,0,27.1,64,0.0,12.9,96,1010.5,46,10.9,15.7,167.0,0.6,115.0,0.8
2026-03-17 16:00:00,2026,3,17,16,Quảng Trị,Xã Phong Nha,17.6475454,106.2729046,49,Good,0,26.1,66,0.0,13.9,96,1009.8,9,10.9,15.6,172.0,0.8,113.0,0.8
2026-03-17 17:00:00,2026,3,17,17,Quảng Trị,Xã Phong Nha,17.6475454,106.2729046,53,Moderate,1,25.0,70,0.0,13.2,96,1009.9,7,10.8,15.3,203.0,1.4,108.0,0.9
2026-03-17 18:00:00,2026,3,17,18,Quảng Trị,Xã Phong Nha,17.6475454,106.2729046,56,Moderate,1,23.2,77,0.0,8.6,98,1010.2,5,10.7,14.9,246.0,2.2,101.0,1.1
2026-03-17 19:00:00,2026,3,17,19,Quảng Trị,Xã Phong Nha,17.6475454,106.2729046,55,Moderate,1,22.3,83,0.0,5.4,98,1010.8,6,13.7,18.9,282.0,3.3,92.0,1.3
2026-03-17 20:00:00,2026,3,17,20,Quảng Trị,Xã Phong Nha,17.6475454,106.2729046,51,Moderate,1,21.8,87,0.0,4.1,139,1011.7,3,13.9,18.8,305.0,3.6,88.0,1.3
2026-03-17 21:00:00,2026,3,17,21,Quảng Trị,Xã Phong Nha,17.6475454,106.2729046,49,Good,0,21.1,89,0.0,2.9,169,1012.2,0,13.9,18.5,320.0,4.0,81.0,1.2
2026-03-17 22:00:00,2026,3,17,22,Quảng Trị,Xã Phong Nha,17.6475454,106.2729046,50,Good,0,20.4,91,0.0,2.1,195,1012.6,0,14.6,19.3,317.0,4.3,77.0,1.2
2026-03-17 23:00:00,2026,3,17,23,Quảng Trị,Xã Phong Nha,17.6475454,106.2729046,50,Good,0,19.7,93,0.0,2.7,212,1012.6,0,15.3,20.1,285.0,4.4,76.0,1.1
2026-03-18 00:00:00,2026,3,18,0,Quảng Trị,Xã Phong Nha,17.6475454,106.2729046,50,Good,0,19.3,94,0.0,3.7,223,1012.1,0,15.8,20.8,237.0,4.4,77.0,1.1
2026-03-18 01:00:00,2026,3,18,1,Quảng Trị,Xã Phong Nha,17.6475454,106.2729046,51,Moderate,1,19.3,95,0.0,2.3,247,1011.2,0,16.6,21.8,197.0,4.3,78.0,1.0
2026-03-18 02:00:00,2026,3,18,2,Quảng Trị,Xã Phong Nha,17.6475454,106.2729046,51,Moderate,1,19.2,96,0.0,4.2,252,1010.8,4,17.0,22.4,172.0,3.9,79.0,1.0
2026-03-18 03:00:00,2026,3,18,3,Quảng Trị,Xã Phong Nha,17.6475454,106.2729046,51,Moderate,1,19.0,96,0.0,4.8,245,1010.6,7,16.4,21.7,157.0,3.4,79.0,1.0
2026-03-18 04:00:00,2026,3,18,4,Quảng Trị,Xã Phong Nha,17.6475454,106.2729046,52,Moderate,1,18.8,97,0.0,5.4,244,1010.4,19,15.8,20.7,160.0,3.1,78.0,1.0
2026-03-18 05:00:00,2026,3,18,5,Quảng Trị,Xã Phong Nha,17.6475454,106.2729046,52,Moderate,1,19.0,96,0.0,3.4,252,1010.9,83,15.5,19.8,197.0,3.4,72.0,1.0
2026-03-18 06:00:00,2026,3,18,6,Quảng Trị,Xã Phong Nha,17.6475454,106.2729046,52,Moderate,1,19.5,96,0.0,2.6,258,1011.4,100,16.1,20.1,253.0,4.0,65.0,1.0
2026-03-18 07:00:00,2026,3,18,7,Quảng Trị,Xã Phong Nha,17.6475454,106.2729046,53,Moderate,1,19.8,94,0.0,3.8,267,1012.4,13,17.2,21.5,286.0,3.9,71.0,0.8
2026-03-18 08:00:00,2026,3,18,8,Quảng Trị,Xã Phong Nha,17.6475454,106.2729046,53,Moderate,1,22.8,85,0.0,1.5,330,1013.6,2,16.8,21.4,272.0,3.2,82.0,1.1
2026-03-18 09:00:00,2026,3,18,9,Quảng Trị,Xã Phong Nha,17.6475454,106.2729046,53,Moderate,1,25.0,77,0.0,5.6,92,1014.1,59,15.7,20.8,236.0,2.3,98.0,1.5
2026-03-18 10:00:00,2026,3,18,10,Quảng Trị,Xã Phong Nha,17.6475454,106.2729046,54,Moderate,1,26.8,70,0.0,7.6,87,1014.1,30,15.7,20.8,209.0,1.5,111.0,1.8
2026-03-18 11:00:00,2026,3,18,11,Quảng Trị,Xã Phong Nha,17.6475454,106.2729046,54,Moderate,1,28.0,66,0.0,10.7,81,1013.3,13,15.5,20.7,208.0,1.1,118.0,1.7
2026-03-18 12:00:00,2026,3,18,12,Quảng Trị,Xã Phong Nha,17.6475454,106.2729046,55,Moderate,1,28.3,65,0.0,13.3,82,1012.2,18,15.0,20.0,216.0,0.9,122.0,1.4
2026-03-18 13:00:00,2026,3,18,13,Quảng Trị,Xã Phong Nha,17.6475454,106.2729046,55,Moderate,1,28.0,66,0.0,12.7,83,1011.6,59,14.5,19.3,220.0,0.8,124.0,1.2
2026-03-18 14:00:00,2026,3,18,14,Quảng Trị,Xã Phong Nha,17.6475454,106.2729046,55,Moderate,1,27.5,68,0.0,12.0,81,1010.8,55,14.0,18.7,207.0,0.7,123.0,1.0
2026-03-18 15:00:00,2026,3,18,15,Quảng Trị,Xã Phong Nha,17.6475454,106.2729046,56,Moderate,1,27.1,70,0.0,13.6,83,1010.1,99,13.0,17.6,189.0,0.7,119.0,0.9
2026-03-18 16:00:00,2026,3,18,16,Quảng Trị,Xã Phong Nha,17.6475454,106.2729046,57,Moderate,1,25.9,76,0.0,13.3,91,1009.9,61,12.3,16.9,189.0,0.9,113.0,0.8
2026-03-18 17:00:00,2026,3,18,17,Quảng Trị,Xã Phong Nha,17.6475454,106.2729046,64,Moderate,1,25.0,80,0.0,11.3,88,1010.2,27,11.9,16.5,218.0,1.4,106.0,0.9
2026-03-18 18:00:00,2026,3,18,18,Quảng Trị,Xã Phong Nha,17.6475454,106.2729046,66,Moderate,1,23.6,86,0.0,8.8,86,1010.6,17,11.1,15.3,263.0,2.2,97.0,1.1
2026-03-18 19:00:00,2026,3,18,19,Quảng Trị,Xã Phong Nha,17.6475454,106.2729046,63,Moderate,1,23.3,90,0.0,5.2,92,1010.6,18,15.0,20.1,312.0,3.2,89.0,1.3
2026-03-18 20:00:00,2026,3,18,20,Quảng Trị,Xã Phong Nha,17.6475454,106.2729046,57,Moderate,1,22.5,94,0.0,4.3,95,1011.4,30,15.0,19.9,375.0,3.6,84.0,1.2
2026-03-18 21:00:00,2026,3,18,21,Quảng Trị,Xã Phong Nha,17.6475454,106.2729046,56,Moderate,1,22.0,94,0.0,1.0,135,1012.4,13,15.7,20.5,441.0,4.2,78.0,1.2
2026-03-18 22:00:00,2026,3,18,22,Quảng Trị,Xã Phong Nha,17.6475454,106.2729046,57,Moderate,1,21.4,97,0.0,1.0,158,1012.7,13,16.6,21.4,463.0,4.6,73.0,1.1
2026-03-18 23:00:00,2026,3,18,23,Quảng Trị,Xã Phong Nha,17.6475454,106.2729046,57,Moderate,1,20.4,99,0.0,2.4,253,1012.6,17,17.5,22.2,401.0,4.7,71.0,1.1
2026-03-19 00:00:00,2026,3,19,0,Quảng Trị,Xã Phong Nha,17.6475454,106.2729046,57,Moderate,1,19.7,100,0.0,2.8,255,1012.3,100,18.2,22.9,295.0,4.6,70.0,1.1
2026-03-19 01:00:00,2026,3,19,1,Quảng Trị,Xã Phong Nha,17.6475454,106.2729046,57,Moderate,1,21.0,98,0.0,2.3,238,1011.6,96,18.4,22.9,213.0,4.5,69.0,1.1
2026-03-19 02:00:00,2026,3,19,2,Quảng Trị,Xã Phong Nha,17.6475454,106.2729046,57,Moderate,1,21.5,98,0.0,4.8,222,1011.0,100,18.0,22.5,181.0,4.3,68.0,1.0
2026-03-19 03:00:00,2026,3,19,3,Quảng Trị,Xã Phong Nha,17.6475454,106.2729046,57,Moderate,1,21.7,99,0.0,4.5,203,1010.2,99,18.2,22.5,173.0,3.9,67.0,0.8
2026-03-19 04:00:00,2026,3,19,4,Quảng Trị,Xã Phong Nha,17.6475454,106.2729046,58,Moderate,1,21.0,100,0.0,3.4,238,1010.1,99,18.4,22.8,184.0,3.7,67.0,0.7
2026-03-19 05:00:00,2026,3,19,5,Quảng Trị,Xã Phong Nha,17.6475454,106.2729046,58,Moderate,1,20.2,100,0.0,3.9,254,1010.7,98,18.9,23.3,228.0,3.7,68.0,0.8
2026-03-19 06:00:00,2026,3,19,6,Quảng Trị,Xã Phong Nha,17.6475454,106.2729046,58,Moderate,1,20.3,98,0.0,4.6,249,1011.5,100,19.7,24.3,291.0,3.7,71.0,0.9
2026-03-19 07:00:00,2026,3,19,7,Quảng Trị,Xã Phong Nha,17.6475454,106.2729046,58,Moderate,1,20.9,93,0.0,3.8,253,1013.0,90,16.9,21.3,325.0,3.5,73.0,0.8
2026-03-19 08:00:00,2026,3,19,8,Quảng Trị,Xã Phong Nha,17.6475454,106.2729046,58,Moderate,1,23.3,86,0.0,1.2,297,1013.7,40,15.1,19.2,300.0,2.9,82.0,1.0
2026-03-19 09:00:00,2026,3,19,9,Quảng Trị,Xã Phong Nha,17.6475454,106.2729046,58,Moderate,1,25.2,77,0.0,4.9,107,1014.1,94,14.3,18.6,246.0,2.0,95.0,1.3
2026-03-19 10:00:00,2026,3,19,10,Quảng Trị,Xã Phong Nha,17.6475454,106.2729046,58,Moderate,1,27.0,68,0.0,6.7,87,1013.7,45,14.0,18.3,207.0,1.3,106.0,1.5
2026-03-19 11:00:00,2026,3,19,11,Quảng Trị,Xã Phong Nha,17.6475454,106.2729046,58,Moderate,1,28.2,65,0.0,9.4,78,1013.0,25,13.5,17.8,203.0,1.0,112.0,1.4
2026-03-19 12:00:00,2026,3,19,12,Quảng Trị,Xã Phong Nha,17.6475454,106.2729046,58,Moderate,1,28.4,66,0.0,11.8,77,1011.8,30,13.1,17.2,213.0,0.9,116.0,1.3
2026-03-19 13:00:00,2026,3,19,13,Quảng Trị,Xã Phong Nha,17.6475454,106.2729046,58,Moderate,1,28.3,65,0.0,13.1,81,1010.8,27,12.6,16.6,220.0,0.8,118.0,1.1
2026-03-19 14:00:00,2026,3,19,14,Quảng Trị,Xã Phong Nha,17.6475454,106.2729046,57,Moderate,1,28.3,66,0.0,11.6,86,1009.9,63,12.0,15.9,209.0,0.7,119.0,1.0
2026-03-19 15:00:00,2026,3,19,15,Quảng Trị,Xã Phong Nha,17.6475454,106.2729046,57,Moderate,1,27.8,69,0.0,13.8,81,1009.0,22,11.6,15.4,194.0,0.7,117.0,0.9
2026-03-19 16:00:00,2026,3,19,16,Quảng Trị,Xã Phong Nha,17.6475454,106.2729046,57,Moderate,1,26.2,75,0.0,14.4,81,1008.6,27,10.9,14.6,198.0,1.0,114.0,0.9
2026-03-19 17:00:00,2026,3,19,17,Quảng Trị,Xã Phong Nha,17.6475454,106.2729046,57,Moderate,1,24.9,80,0.0,10.7,96,1008.7,14,10.3,13.8,237.0,1.7,107.0,1.0
2026-03-19 18:00:00,2026,3,19,18,Quảng Trị,Xã Phong Nha,17.6475454,106.2729046,60,Moderate,1,23.8,86,0.0,6.7,76,1008.4,21,9.9,13.2,295.0,2.6,98.0,1.2
2026-03-19 19:00:00,2026,3,19,19,Quảng Trị,Xã Phong Nha,17.6475454,106.2729046,58,Moderate,1,23.3,90,0.0,7.1,99,1008.8,71,11.6,15.0,341.0,3.8,88.0,1.5
2026-03-19 20:00:00,2026,3,19,20,Quảng Trị,Xã Phong Nha,17.6475454,106.2729046,56,Moderate,1,22.4,93,0.0,3.5,105,1009.7,63,12.2,15.7,369.0,3.9,87.0,1.4
2026-03-19 21:00:00,2026,3,19,21,Quảng Trị,Xã Phong Nha,17.6475454,106.2729046,56,Moderate,1,21.8,95,0.0,3.1,103,1010.1,65,13.3,16.6,387.0,4.1,84.0,1.3
2026-03-19 22:00:00,2026,3,19,22,Quảng Trị,Xã Phong Nha,17.6475454,106.2729046,56,Moderate,1,21.1,97,0.0,2.8,165,1010.3,52,14.5,17.8,385.0,4.2,83.0,1.2
2026-03-19 23:00:00,2026,3,19,23,Quảng Trị,Xã Phong Nha,17.6475454,106.2729046,56,Moderate,1,20.7,98,0.0,1.3,180,1010.3,4,15.5,18.9,351.0,4.2,83.0,1.2
2026-03-20 00:00:00,2026,3,20,0,Quảng Trị,Xã Phong Nha,17.6475454,106.2729046,56,Moderate,1,20.2,99,0.0,1.5,216,1010.0,2,16.3,19.7,298.0,4.1,83.0,1.2
2026-03-20 01:00:00,2026,3,20,1,Quảng Trị,Xã Phong Nha,17.6475454,106.2729046,55,Moderate,1,20.1,100,0.0,1.5,210,1009.3,17,16.8,20.1,258.0,4.0,83.0,1.2
2026-03-20 02:00:00,2026,3,20,2,Quảng Trị,Xã Phong Nha,17.6475454,106.2729046,55,Moderate,1,20.1,99,0.0,0.4,243,1009.0,1,17.1,20.3,240.0,4.0,81.0,1.0
2026-03-20 03:00:00,2026,3,20,3,Quảng Trị,Xã Phong Nha,17.6475454,106.2729046,55,Moderate,1,19.7,99,0.0,1.0,225,1008.7,69,18.3,21.2,236.0,4.2,78.0,0.8
2026-03-20 04:00:00,2026,3,20,4,Quảng Trị,Xã Phong Nha,17.6475454,106.2729046,55,Moderate,1,19.4,98,0.0,1.3,270,1008.9,13,19.3,22.1,251.0,4.3,75.0,0.6
2026-03-20 05:00:00,2026,3,20,5,Quảng Trị,Xã Phong Nha,17.6475454,106.2729046,55,Moderate,1,19.3,97,0.0,2.0,265,1009.2,10,20.1,22.8,302.0,4.7,68.0,0.5
2026-03-20 06:00:00,2026,3,20,6,Quảng Trị,Xã Phong Nha,17.6475454,106.2729046,55,Moderate,1,19.2,98,0.0,2.9,263,1010.0,12,21.4,23.5,372.0,5.0,61.0,0.6
2026-03-20 07:00:00,2026,3,20,7,Quảng Trị,Xã Phong Nha,17.6475454,106.2729046,56,Moderate,1,20.7,94,0.0,3.2,286,1011.1,5,28.8,32.6,417.0,4.5,70.0,0.9
2026-03-20 08:00:00,2026,3,20,8,Quảng Trị,Xã Phong Nha,17.6475454,106.2729046,57,Moderate,1,23.5,88,0.0,1.9,17,1011.8,33,27.9,32.0,408.0,3.7,85.0,1.5
2026-03-20 09:00:00,2026,3,20,9,Quảng Trị,Xã Phong Nha,17.6475454,106.2729046,58,Moderate,1,25.6,80,0.0,3.2,56,1012.4,13,26.4,31.4,374.0,2.7,107.0,2.2
2026-03-20 10:00:00,2026,3,20,10,Quảng Trị,Xã Phong Nha,17.6475454,106.2729046,59,Moderate,1,27.4,75,0.0,7.7,62,1012.0,1,27.1,32.2,352.0,1.8,124.0,2.7
2026-03-20 11:00:00,2026,3,20,11,Quảng Trị,Xã Phong Nha,17.6475454,106.2729046,60,Moderate,1,28.6,72,0.0,10.6,66,1011.7,6,28.2,33.3,364.0,1.4,134.0,2.6
2026-03-20 12:00:00,2026,3,20,12,Quảng Trị,Xã Phong Nha,17.6475454,106.2729046,61,Moderate,1,28.9,72,0.0,12.3,75,1010.7,16,27.2,32.2,390.0,1.2,139.0,2.2
2026-03-20 13:00:00,2026,3,20,13,Quảng Trị,Xã Phong Nha,17.6475454,106.2729046,63,Moderate,1,28.5,76,0.0,9.1,68,1010.3,30,25.8,30.9,402.0,1.1,141.0,1.8
2026-03-20 14:00:00,2026,3,20,14,Quảng Trị,Xã Phong Nha,17.6475454,106.2729046,64,Moderate,1,28.8,75,0.0,12.4,77,1009.2,48,23.9,28.9,381.0,1.0,139.0,1.6
2026-03-20 15:00:00,2026,3,20,15,Quảng Trị,Xã Phong Nha,17.6475454,106.2729046,66,Moderate,1,28.2,76,0.0,11.7,76,1008.6,55,23.0,27.9,346.0,1.1,133.0,1.5
2026-03-20 16:00:00,2026,3,20,16,Quảng Trị,Xã Phong Nha,17.6475454,106.2729046,80,Moderate,1,26.8,79,0.0,9.4,79,1008.5,78,20.4,24.9,336.0,1.4,126.0,1.5
2026-03-20 17:00:00,2026,3,20,17,Quảng Trị,Xã Phong Nha,17.6475454,106.2729046,88,Moderate,1,26.0,83,0.0,9.9,81,1008.6,94,18.2,22.4,370.0,2.1,117.0,1.6
2026-03-20 18:00:00,2026,3,20,18,Quảng Trị,Xã Phong Nha,17.6475454,106.2729046,91,Moderate,1,24.5,89,0.0,6.1,60,1008.9,96,17.2,21.1,428.0,3.1,107.0,1.9
2026-03-20 19:00:00,2026,3,20,19,Quảng Trị,Xã Phong Nha,17.6475454,106.2729046,87,Moderate,1,24.1,93,0.0,6.5,77,1009.3,97,17.0,20.7,486.0,4.4,93.0,2.0
2026-03-20 20:00:00,2026,3,20,20,Quảng Trị,Xã Phong Nha,17.6475454,106.2729046,78,Moderate,1,23.4,95,0.0,3.2,52,1010.8,91,16.4,19.8,554.0,4.9,87.0,1.9
2026-03-20 21:00:00,2026,3,20,21,Quảng Trị,Xã Phong Nha,17.6475454,106.2729046,69,Moderate,1,23.0,96,0.0,1.8,66,1011.7,22,16.8,20.3,622.0,5.5,78.0,1.8
2026-03-20 22:00:00,2026,3,20,22,Quảng Trị,Xã Phong Nha,17.6475454,106.2729046,69,Moderate,1,22.7,96,0.0,0.7,346,1012.2,30,17.8,21.3,639.0,5.9,72.0,1.6
2026-03-20 23:00:00,2026,3,20,23,Quảng Trị,Xã Phong Nha,17.6475454,106.2729046,69,Moderate,1,22.7,97,0.0,1.9,34,1012.2,100,19.0,22.6,561.0,5.8,71.0,1.3
2026-03-21 00:00:00,2026,3,21,0,Quảng Trị,Xã Phong Nha,17.6475454,106.2729046,70,Moderate,1,22.9,97,0.0,1.8,45,1011.9,97,19.2,23.1,431.0,5.4,71.0,1.0
2026-03-21 01:00:00,2026,3,21,1,Quảng Trị,Xã Phong Nha,17.6475454,106.2729046,70,Moderate,1,22.6,98,0.0,1.2,39,1011.2,99,19.3,23.1,325.0,5.1,72.0,0.8
2026-03-21 02:00:00,2026,3,21,2,Quảng Trị,Xã Phong Nha,17.6475454,106.2729046,70,Moderate,1,22.7,98,0.0,2.2,24,1010.8,100,19.7,23.3,268.0,4.9,71.0,0.7
2026-03-21 03:00:00,2026,3,21,3,Quảng Trị,Xã Phong Nha,17.6475454,106.2729046,70,Moderate,1,22.7,97,0.0,2.9,22,1010.6,100,20.1,23.9,236.0,4.8,70.0,0.7
2026-03-21 04:00:00,2026,3,21,4,Quảng Trị,Xã Phong Nha,17.6475454,106.2729046,71,Moderate,1,22.6,97,0.0,3.2,27,1011.0,100,19.4,23.3,230.0,4.6,69.0,0.8
2026-03-21 05:00:00,2026,3,21,5,Quảng Trị,Xã Phong Nha,17.6475454,106.2729046,71,Moderate,1,22.6,98,0.0,2.4,36,1011.5,100,19.0,22.8,269.0,4.5,69.0,0.9
2026-03-21 06:00:00,2026,3,21,6,Quảng Trị,Xã Phong Nha,17.6475454,106.2729046,70,Moderate,1,22.6,99,0.0,2.3,61,1012.1,100,18.8,22.4,334.0,4.3,69.0,1.0
2026-03-21 07:00:00,2026,3,21,7,Quảng Trị,Xã Phong Nha,17.6475454,106.2729046,70,Moderate,1,23.2,95,0.0,4.5,88,1013.4,96,26.5,32.0,370.0,3.4,77.0,1.0
2026-03-21 08:00:00,2026,3,21,8,Quảng Trị,Xã Phong Nha,17.6475454,106.2729046,70,Moderate,1,24.8,84,0.1,6.9,107,1014.0,54,22.2,27.5,345.0,2.9,84.0,1.1
2026-03-21 09:00:00,2026,3,21,9,Quảng Trị,Xã Phong Nha,17.6475454,106.2729046,70,Moderate,1,26.2,76,0.1,9.3,103,1014.3,98,21.9,27.4,292.0,2.2,93.0,1.2
2026-03-21 10:00:00,2026,3,21,10,Quảng Trị,Xã Phong Nha,17.6475454,106.2729046,69,Moderate,1,26.6,77,0.2,10.8,93,1014.4,100,20.5,25.8,250.0,1.6,100.0,1.2
2026-03-21 11:00:00,2026,3,21,11,Quảng Trị,Xã Phong Nha,17.6475454,106.2729046,69,Moderate,1,26.9,77,0.1,12.5,83,1014.2,91,20.2,25.4,237.0,1.2,104.0,1.1
2026-03-21 12:00:00,2026,3,21,12,Quảng Trị,Xã Phong Nha,17.6475454,106.2729046,68,Moderate,1,27.3,76,0.2,14.8,85,1013.2,58,19.6,24.7,235.0,0.9,105.0,0.9
2026-03-21 13:00:00,2026,3,21,13,Quảng Trị,Xã Phong Nha,17.6475454,106.2729046,67,Moderate,1,27.3,76,0.3,17.7,86,1012.6,66,19.0,23.9,233.0,0.7,105.0,0.8
2026-03-21 14:00:00,2026,3,21,14,Quảng Trị,Xã Phong Nha,17.6475454,106.2729046,67,Moderate,1,27.3,74,0.1,17.3,88,1011.8,100,17.9,22.7,223.0,0.6,102.0,0.8
2026-03-21 15:00:00,2026,3,21,15,Quảng Trị,Xã Phong Nha,17.6475454,106.2729046,66,Moderate,1,27.0,73,0.0,15.4,95,1011.1,100,15.8,20.3,212.0,0.7,98.0,0.8
2026-03-21 16:00:00,2026,3,21,16,Quảng Trị,Xã Phong Nha,17.6475454,106.2729046,65,Moderate,1,26.1,76,0.0,13.8,99,1010.7,77,13.0,17.1,213.0,1.0,93.0,0.8
2026-03-21 17:00:00,2026,3,21,17,Quảng Trị,Xã Phong Nha,17.6475454,106.2729046,65,Moderate,1,25.7,78,0.0,12.3,96,1010.4,20,11.8,16.2,232.0,1.6,87.0,0.9
2026-03-21 18:00:00,2026,3,21,18,Quảng Trị,Xã Phong Nha,17.6475454,106.2729046,64,Moderate,1,24.2,85,0.0,8.1,86,1010.5,16,11.3,15.5,262.0,2.4,81.0,1.1
2026-03-21 19:00:00,2026,3,21,19,Quảng Trị,Xã Phong Nha,17.6475454,106.2729046,64,Moderate,1,23.9,91,0.0,6.0,95,1010.8,65,12.5,16.8,302.0,3.6,72.0,1.3
2026-03-21 20:00:00,2026,3,21,20,Quảng Trị,Xã Phong Nha,17.6475454,106.2729046,63,Moderate,1,23.2,94,0.0,3.0,107,1011.6,24,13.6,17.9,361.0,3.9,69.0,1.3
2026-03-21 21:00:00,2026,3,21,21,Quảng Trị,Xã Phong Nha,17.6475454,106.2729046,63,Moderate,1,22.6,96,0.0,3.0,73,1011.9,38,15.3,19.7,429.0,4.3,65.0,1.2
2026-03-21 22:00:00,2026,3,21,22,Quảng Trị,Xã Phong Nha,17.6475454,106.2729046,63,Moderate,1,22.2,98,0.0,2.3,119,1011.9,45,16.3,20.8,472.0,4.6,62.0,1.1
2026-03-21 23:00:00,2026,3,21,23,Quảng Trị,Xã Phong Nha,17.6475454,106.2729046,63,Moderate,1,22.2,99,0.0,0.4,243,1011.7,77,17.1,21.5,473.0,4.5,61.0,1.0
2026-03-22 00:00:00,2026,3,22,0,Quảng Trị,Xã Phong Nha,17.6475454,106.2729046,63,Moderate,1,22.2,99,0.0,0.7,346,1011.5,100,18.0,22.3,449.0,4.3,60.0,0.8
2026-03-22 01:00:00,2026,3,22,1,Quảng Trị,Xã Phong Nha,17.6475454,106.2729046,62,Moderate,1,23.0,99,0.0,2.7,42,1010.6,100,18.1,22.3,423.0,4.0,60.0,0.7
2026-03-22 02:00:00,2026,3,22,2,Quảng Trị,Xã Phong Nha,17.6475454,106.2729046,62,Moderate,1,23.2,99,0.0,2.7,23,1010.2,100,17.9,21.9,399.0,3.8,60.0,0.6
2026-03-22 03:00:00,2026,3,22,3,Quảng Trị,Xã Phong Nha,17.6475454,106.2729046,62,Moderate,1,23.1,99,0.0,1.1,18,1010.0,100,17.5,21.5,371.0,3.6,60.0,0.5
2026-03-22 04:00:00,2026,3,22,4,Quảng Trị,Xã Phong Nha,17.6475454,106.2729046,62,Moderate,1,23.2,99,0.0,1.1,81,1009.9,100,17.2,20.8,349.0,3.4,61.0,0.4
2026-03-22 05:00:00,2026,3,22,5,Quảng Trị,Xã Phong Nha,17.6475454,106.2729046,62,Moderate,1,23.1,100,0.1,3.3,77,1010.2,100,17.3,21.0,339.0,3.4,61.0,0.4
2026-03-22 06:00:00,2026,3,22,6,Quảng Trị,Xã Phong Nha,17.6475454,106.2729046,62,Moderate,1,23.1,99,0.1,4.1,75,1010.9,100,17.2,20.7,334.0,3.4,62.0,0.4
2026-03-22 07:00:00,2026,3,22,7,Quảng Trị,Xã Phong Nha,17.6475454,106.2729046,61,Moderate,1,23.8,96,0.1,5.0,90,1011.9,95,17.5,20.9,320.0,3.6,61.0,0.5
2026-03-22 08:00:00,2026,3,22,8,Quảng Trị,Xã Phong Nha,17.6475454,106.2729046,61,Moderate,1,24.7,86,0.0,5.8,112,1012.5,92,15.3,18.6,284.0,3.0,71.0,0.6
2026-03-22 09:00:00,2026,3,22,9,Quảng Trị,Xã Phong Nha,17.6475454,106.2729046,60,Moderate,1,26.1,78,0.0,8.4,110,1012.9,100,15.2,18.4,238.0,2.2,86.0,0.9
2026-03-22 10:00:00,2026,3,22,10,Quảng Trị,Xã Phong Nha,17.6475454,106.2729046,59,Moderate,1,27.6,71,0.0,9.2,93,1012.8,99,15.6,18.9,208.0,1.5,98.0,1.0
2026-03-22 11:00:00,2026,3,22,11,Quảng Trị,Xã Phong Nha,17.6475454,106.2729046,59,Moderate,1,27.8,73,0.0,12.2,88,1012.3,100,16.1,19.2,210.0,1.1,107.0,1.0
2026-03-22 12:00:00,2026,3,22,12,Quảng Trị,Xã Phong Nha,17.6475454,106.2729046,59,Moderate,1,27.7,74,0.1,13.9,86,1011.8,97,18.1,21.4,227.0,0.9,114.0,1.0
2026-03-22 13:00:00,2026,3,22,13,Quảng Trị,Xã Phong Nha,17.6475454,106.2729046,59,Moderate,1,27.7,74,0.1,15.5,81,1011.0,100,18.4,21.7,239.0,0.8,118.0,1.0
2026-03-22 14:00:00,2026,3,22,14,Quảng Trị,Xã Phong Nha,17.6475454,106.2729046,59,Moderate,1,26.8,76,0.0,14.7,75,1010.6,100,17.7,21.1,233.0,0.7,118.0,1.0
2026-03-22 15:00:00,2026,3,22,15,Quảng Trị,Xã Phong Nha,17.6475454,106.2729046,58,Moderate,1,26.1,78,0.0,12.7,82,1010.2,100,16.8,20.3,223.0,0.8,114.0,0.9
2026-03-22 16:00:00,2026,3,22,16,Quảng Trị,Xã Phong Nha,17.6475454,106.2729046,59,Moderate,1,26.1,77,0.0,14.1,96,1009.5,83,14.7,18.2,221.0,1.0,109.0,0.9
2026-03-22 17:00:00,2026,3,22,17,Quảng Trị,Xã Phong Nha,17.6475454,106.2729046,59,Moderate,1,25.6,79,0.0,13.6,97,1009.9,66,12.5,15.8,237.0,1.5,102.0,1.0
2026-03-22 18:00:00,2026,3,22,18,Quảng Trị,Xã Phong Nha,17.6475454,106.2729046,59,Moderate,1,24.7,83,0.0,9.0,100,1010.1,35,10.7,13.7,263.0,2.2,93.0,1.1
2026-03-22 19:00:00,2026,3,22,19,Quảng Trị,Xã Phong Nha,17.6475454,106.2729046,59,Moderate,1,24.1,89,0.0,7.0,111,1010.6,91,11.2,14.8,288.0,3.1,88.0,1.3
2026-03-22 20:00:00,2026,3,22,20,Quảng Trị,Xã Phong Nha,17.6475454,106.2729046,59,Moderate,1,23.6,92,0.0,4.0,100,1011.1,18,11.4,15.3,313.0,3.1,86.0,1.3
2026-03-22 21:00:00,2026,3,22,21,Quảng Trị,Xã Phong Nha,17.6475454,106.2729046,58,Moderate,1,22.9,95,0.0,4.0,90,1011.9,12,11.0,15.0,338.0,3.0,82.0,1.2
2026-03-22 22:00:00,2026,3,22,22,Quảng Trị,Xã Phong Nha,17.6475454,106.2729046,58,Moderate,1,22.7,96,0.0,3.3,99,1011.9,41,10.1,13.4,351.0,3.1,78.0,1.2
2026-03-22 23:00:00,2026,3,22,23,Quảng Trị,Xã Phong Nha,17.6475454,106.2729046,58,Moderate,1,22.6,96,0.0,0.7,14,1011.8,51,10.5,13.7,347.0,3.3,72.0,1.1
2026-03-23 00:00:00,2026,3,23,0,Quảng Trị,Xã Phong Nha,17.6475454,106.2729046,57,Moderate,1,22.4,97,0.0,2.5,86,1011.4,47,10.9,14.1,331.0,3.6,65.0,1.1
2026-03-23 01:00:00,2026,3,23,1,Quảng Trị,Xã Phong Nha,17.6475454,106.2729046,56,Moderate,1,23.0,99,0.0,2.5,90,1010.9,81,11.2,14.2,306.0,3.8,60.0,1.0
2026-03-23 02:00:00,2026,3,23,2,Quảng Trị,Xã Phong Nha,17.6475454,106.2729046,56,Moderate,1,22.8,99,0.0,1.8,79,1010.3,59,11.4,14.3,261.0,3.9,57.0,0.9
2026-03-23 03:00:00,2026,3,23,3,Quảng Trị,Xã Phong Nha,17.6475454,106.2729046,55,Moderate,1,22.3,100,0.0,3.0,128,1009.8,100,11.6,14.5,207.0,3.9,56.0,0.9
2026-03-23 04:00:00,2026,3,23,4,Quảng Trị,Xã Phong Nha,17.6475454,106.2729046,55,Moderate,1,22.1,100,0.0,0.4,360,1009.9,100,11.9,14.7,175.0,3.8,56.0,0.9
2026-03-23 05:00:00,2026,3,23,5,Quảng Trị,Xã Phong Nha,17.6475454,106.2729046,54,Moderate,1,22.2,100,0.0,4.5,133,1009.8,99,12.7,15.7,185.0,3.7,58.0,0.9
2026-03-23 06:00:00,2026,3,23,6,Quảng Trị,Xã Phong Nha,17.6475454,106.2729046,54,Moderate,1,22.5,98,0.0,1.8,354,1010.8,100,14.1,17.2,218.0,3.5,62.0,1.0
2026-03-23 07:00:00,2026,3,23,7,Quảng Trị,Xã Phong Nha,17.6475454,106.2729046,53,Moderate,1,23.3,92,0.0,3.3,144,1011.8,77,6.1,7.5,243.0,3.5,67.0,1.1
2026-03-23 08:00:00,2026,3,23,8,Quảng Trị,Xã Phong Nha,17.6475454,106.2729046,52,Moderate,1,24.6,83,0.0,6.0,129,1012.2,98,10.0,12.0,248.0,2.9,78.0,1.2
2026-03-23 09:00:00,2026,3,23,9,Quảng Trị,Xã Phong Nha,17.6475454,106.2729046,52,Moderate,1,26.1,77,0.0,6.2,105,1012.2,48,12.5,15.0,245.0,2.0,93.0,1.3
2026-03-23 10:00:00,2026,3,23,10,Quảng Trị,Xã Phong Nha,17.6475454,106.2729046,52,Moderate,1,28.0,70,0.0,6.7,82,1012.0,67,15.1,17.8,246.0,1.3,105.0,1.4
2026-03-23 11:00:00,2026,3,23,11,Quảng Trị,Xã Phong Nha,17.6475454,106.2729046,52,Moderate,1,29.0,68,0.0,8.9,72,1011.2,4,17.0,19.8,260.0,0.9,112.0,1.3
2026-03-23 12:00:00,2026,3,23,12,Quảng Trị,Xã Phong Nha,17.6475454,106.2729046,52,Moderate,1,29.9,66,0.0,10.0,81,1010.0,38,17.2,20.1,277.0,0.8,116.0,1.1
2026-03-23 13:00:00,2026,3,23,13,Quảng Trị,Xã Phong Nha,17.6475454,106.2729046,52,Moderate,1,29.1,70,0.0,11.1,77,1009.3,77,17.1,20.1,282.0,0.7,118.0,1.0
2026-03-23 14:00:00,2026,3,23,14,Quảng Trị,Xã Phong Nha,17.6475454,106.2729046,52,Moderate,1,28.9,72,0.0,13.0,73,1008.7,61,17.0,20.3,259.0,0.7,117.0,0.9
2026-03-23 15:00:00,2026,3,23,15,Quảng Trị,Xã Phong Nha,17.6475454,106.2729046,51,Moderate,1,28.0,75,0.0,12.8,74,1008.0,52,16.6,20.0,224.0,0.7,114.0,0.9
2026-03-23 16:00:00,2026,3,23,16,Quảng Trị,Xã Phong Nha,17.6475454,106.2729046,51,Moderate,1,27.0,77,0.0,11.4,69,1007.9,43,15.7,19.2,211.0,1.0,110.0,0.9
2026-03-23 17:00:00,2026,3,23,17,Quảng Trị,Xã Phong Nha,17.6475454,106.2729046,55,Moderate,1,26.0,80,0.0,10.6,86,1007.8,33,13.4,17.0,240.0,1.6,104.0,1.0
2026-03-23 18:00:00,2026,3,23,18,Quảng Trị,Xã Phong Nha,17.6475454,106.2729046,57,Moderate,1,24.8,86,0.0,6.5,85,1008.1,39,12.0,15.6,292.0,2.5,96.0,1.2
2026-03-23 19:00:00,2026,3,23,19,Quảng Trị,Xã Phong Nha,17.6475454,106.2729046,55,Moderate,1,24.1,90,0.0,6.7,82,1008.8,70,13.1,16.9,344.0,4.1,89.0,1.7
2026-03-23 20:00:00,2026,3,23,20,Quảng Trị,Xã Phong Nha,17.6475454,106.2729046,52,Moderate,1,23.5,93,0.0,3.6,81,1009.3,58,13.2,16.9,401.0,4.2,85.0,1.7
2026-03-23 21:00:00,2026,3,23,21,Quảng Trị,Xã Phong Nha,17.6475454,106.2729046,52,Moderate,1,23.0,96,0.0,3.4,74,1009.7,4,13.6,17.2,459.0,4.3,80.0,1.7
2026-03-23 22:00:00,2026,3,23,22,Quảng Trị,Xã Phong Nha,17.6475454,106.2729046,52,Moderate,1,22.7,96,0.0,0.8,135,1009.7,6,14.1,17.7,483.0,4.3,77.0,1.6
2026-03-23 23:00:00,2026,3,23,23,Quảng Trị,Xã Phong Nha,17.6475454,106.2729046,53,Moderate,1,22.2,98,0.0,1.2,129,1009.4,1,14.9,18.5,446.0,4.3,78.0,1.5
2026-03-24 00:00:00,2026,3,24,0,Quảng Trị,Xã Phong Nha,17.6475454,106.2729046,53,Moderate,1,21.8,99,0.0,0.8,207,1009.1,0,15.8,19.6,374.0,4.2,81.0,1.4
2026-03-24 01:00:00,2026,3,24,1,Quảng Trị,Xã Phong Nha,17.6475454,106.2729046,53,Moderate,1,22.9,100,0.0,0.4,27,1008.5,100,16.6,20.4,312.0,4.1,82.0,1.3
2026-03-24 02:00:00,2026,3,24,2,Quảng Trị,Xã Phong Nha,17.6475454,106.2729046,54,Moderate,1,23.0,99,0.0,1.7,72,1008.1,100,17.2,21.0,268.0,4.0,80.0,1.2
2026-03-24 03:00:00,2026,3,24,3,Quảng Trị,Xã Phong Nha,17.6475454,106.2729046,54,Moderate,1,22.9,99,0.0,3.1,360,1007.9,100,17.6,21.4,233.0,3.9,77.0,1.1
2026-03-24 04:00:00,2026,3,24,4,Quảng Trị,Xã Phong Nha,17.6475454,106.2729046,55,Moderate,1,22.9,98,0.0,3.3,338,1008.3,100,17.8,21.4,228.0,3.9,74.0,1.1
2026-03-24 05:00:00,2026,3,24,5,Quảng Trị,Xã Phong Nha,17.6475454,106.2729046,56,Moderate,1,22.8,98,0.0,0.4,90,1008.3,100,17.9,21.4,282.0,4.0,70.0,1.1
2026-03-24 06:00:00,2026,3,24,6,Quảng Trị,Xã Phong Nha,17.6475454,106.2729046,56,Moderate,1,22.8,97,0.0,2.7,148,1009.0,100,18.5,21.9,367.0,4.1,66.0,1.3
2026-03-24 07:00:00,2026,3,24,7,Quảng Trị,Xã Phong Nha,17.6475454,106.2729046,56,Moderate,1,23.2,96,0.0,1.7,229,1009.7,97,19.3,22.8,414.0,4.6,73.0,1.0
2026-03-24 08:00:00,2026,3,24,8,Quảng Trị,Xã Phong Nha,17.6475454,106.2729046,58,Moderate,1,24.9,87,0.0,5.9,113,1010.1,97,18.7,22.2,383.0,3.8,84.0,1.2
2026-03-24 09:00:00,2026,3,24,9,Quảng Trị,Xã Phong Nha,17.6475454,106.2729046,58,Moderate,1,26.7,78,0.0,4.2,72,1010.7,54,18.7,22.1,315.0,2.6,99.0,1.5
2026-03-24 10:00:00,2026,3,24,10,Quảng Trị,Xã Phong Nha,17.6475454,106.2729046,59,Moderate,1,28.4,71,0.0,6.3,77,1010.5,44,20.9,24.3,265.0,1.7,112.0,1.6
2026-03-24 11:00:00,2026,3,24,11,Quảng Trị,Xã Phong Nha,17.6475454,106.2729046,59,Moderate,1,29.5,69,0.0,7.6,59,1009.9,29,21.5,24.9,258.0,1.3,120.0,1.5
2026-03-24 12:00:00,2026,3,24,12,Quảng Trị,Xã Phong Nha,17.6475454,106.2729046,60,Moderate,1,30.0,67,0.0,8.2,61,1008.8,80,20.1,23.5,269.0,1.1,126.0,1.3
2026-03-24 13:00:00,2026,3,24,13,Quảng Trị,Xã Phong Nha,17.6475454,106.2729046,60,Moderate,1,29.0,73,0.0,13.6,62,1008.4,98,18.8,22.2,273.0,1.0,129.0,1.2
2026-03-24 14:00:00,2026,3,24,14,Quảng Trị,Xã Phong Nha,17.6475454,106.2729046,60,Moderate,1,27.7,78,0.0,12.9,77,1008.2,62,17.9,21.4,252.0,1.0,129.0,1.1
2026-03-24 15:00:00,2026,3,24,15,Quảng Trị,Xã Phong Nha,17.6475454,106.2729046,60,Moderate,1,27.3,76,0.0,10.9,83,1007.8,74,15.7,19.2,223.0,1.0,127.0,1.1
2026-03-24 16:00:00,2026,3,24,16,Quảng Trị,Xã Phong Nha,17.6475454,106.2729046,64,Moderate,1,26.6,77,0.0,10.8,69,1007.2,29,14.6,18.2,217.0,1.3,123.0,1.1
2026-03-24 17:00:00,2026,3,24,17,Quảng Trị,Xã Phong Nha,17.6475454,106.2729046,72,Moderate,1,25.8,80,0.0,7.5,98,1007.1,20,14.0,17.6,250.0,2.0,115.0,1.2
2026-03-24 18:00:00,2026,3,24,18,Quảng Trị,Xã Phong Nha,17.6475454,106.2729046,75,Moderate,1,24.9,85,0.0,6.0,74,1007.2,33,13.7,17.2,306.0,2.8,105.0,1.5
2026-03-24 19:00:00,2026,3,24,19,Quảng Trị,Xã Phong Nha,17.6475454,106.2729046,74,Moderate,1,24.2,93,0.0,5.3,100,1008.0,81,12.9,16.1,363.0,3.4,94.0,1.5
2026-03-24 20:00:00,2026,3,24,20,Quảng Trị,Xã Phong Nha,17.6475454,106.2729046,68,Moderate,1,23.7,95,0.0,3.6,49,1008.8,84,12.9,16.2,424.0,3.5,88.0,1.4
2026-03-24 21:00:00,2026,3,24,21,Quảng Trị,Xã Phong Nha,17.6475454,106.2729046,60,Moderate,1,23.2,97,0.0,2.6,102,1009.1,2,13.5,16.9,487.0,3.7,80.0,1.3
2026-03-24 22:00:00,2026,3,24,22,Quảng Trị,Xã Phong Nha,17.6475454,106.2729046,60,Moderate,1,22.8,98,0.0,2.6,102,1009.1,22,14.1,17.5,523.0,3.8,74.0,1.2
2026-03-24 23:00:00,2026,3,24,23,Quảng Trị,Xã Phong Nha,17.6475454,106.2729046,60,Moderate,1,22.5,99,0.0,1.7,58,1009.2,98,14.5,17.9,514.0,3.9,71.0,1.2
2026-03-25 00:00:00,2026,3,25,0,Quảng Trị,Xã Phong Nha,17.6475454,106.2729046,60,Moderate,1,22.3,100,0.0,2.2,90,1008.8,98,14.6,17.9,477.0,4.0,71.0,1.2
2026-03-25 01:00:00,2026,3,25,1,Quảng Trị,Xã Phong Nha,17.6475454,106.2729046,60,Moderate,1,23.0,100,0.0,2.6,34,1008.4,97,15.2,18.4,439.0,4.0,70.0,1.2
2026-03-25 02:00:00,2026,3,25,2,Quảng Trị,Xã Phong Nha,17.6475454,106.2729046,60,Moderate,1,23.2,97,0.0,3.9,77,1008.4,98,15.4,18.4,405.0,4.0,68.0,1.2
2026-03-25 03:00:00,2026,3,25,3,Quảng Trị,Xã Phong Nha,17.6475454,106.2729046,60,Moderate,1,23.2,96,0.0,3.0,57,1008.2,98,15.5,18.5,369.0,4.0,67.0,1.1
2026-03-25 04:00:00,2026,3,25,4,Quảng Trị,Xã Phong Nha,17.6475454,106.2729046,60,Moderate,1,23.3,94,0.0,2.8,15,1008.6,100,15.6,18.3,339.0,3.9,68.0,1.1
2026-03-25 05:00:00,2026,3,25,5,Quảng Trị,Xã Phong Nha,17.6475454,106.2729046,59,Moderate,1,23.2,94,0.0,1.0,68,1008.8,98,15.7,18.5,320.0,3.7,72.0,1.2
2026-03-25 06:00:00,2026,3,25,6,Quảng Trị,Xã Phong Nha,17.6475454,106.2729046,59,Moderate,1,23.2,93,0.0,3.2,146,1009.2,98,16.1,19.0,308.0,3.4,78.0,1.3
2026-03-25 07:00:00,2026,3,25,7,Quảng Trị,Xã Phong Nha,17.6475454,106.2729046,59,Moderate,1,23.1,96,0.0,3.4,238,1010.7,100,17.5,21.4,296.0,3.0,81.0,1.1
2026-03-25 08:00:00,2026,3,25,8,Quảng Trị,Xã Phong Nha,17.6475454,106.2729046,59,Moderate,1,24.3,88,0.0,4.5,130,1011.2,81,16.0,20.3,283.0,2.5,89.0,1.1
2026-03-25 09:00:00,2026,3,25,9,Quảng Trị,Xã Phong Nha,17.6475454,106.2729046,59,Moderate,1,26.3,77,0.0,4.4,97,1011.6,100,16.8,22.1,271.0,1.8,99.0,1.2
2026-03-25 10:00:00,2026,3,25,10,Quảng Trị,Xã Phong Nha,17.6475454,106.2729046,58,Moderate,1,27.9,71,0.0,4.7,72,1011.4,30,17.7,23.3,261.0,1.3,108.0,1.2
2026-03-25 11:00:00,2026,3,25,11,Quảng Trị,Xã Phong Nha,17.6475454,106.2729046,58,Moderate,1,29.2,67,0.0,7.6,78,1010.8,28,18.1,23.5,257.0,1.1,112.0,1.2
2026-03-25 12:00:00,2026,3,25,12,Quảng Trị,Xã Phong Nha,17.6475454,106.2729046,58,Moderate,1,29.7,67,0.0,11.9,67,1010.1,11,17.7,23.2,256.0,0.9,114.0,1.1
2026-03-25 13:00:00,2026,3,25,13,Quảng Trị,Xã Phong Nha,17.6475454,106.2729046,58,Moderate,1,28.8,68,0.0,14.2,82,1009.9,87,17.5,23.1,251.0,0.9,115.0,1.1
2026-03-25 14:00:00,2026,3,25,14,Quảng Trị,Xã Phong Nha,17.6475454,106.2729046,58,Moderate,1,27.5,75,0.1,13.3,80,1009.7,100,17.2,22.8,235.0,0.8,115.0,1.1
2026-03-25 15:00:00,2026,3,25,15,Quảng Trị,Xã Phong Nha,17.6475454,106.2729046,57,Moderate,1,26.9,76,0.0,12.8,88,1008.7,72,16.6,22.3,216.0,0.8,114.0,1.0
2026-03-25 16:00:00,2026,3,25,16,Quảng Trị,Xã Phong Nha,17.6475454,106.2729046,58,Moderate,1,27.0,76,0.0,11.5,94,1008.4,100,15.6,21.3,211.0,1.0,110.0,1.0
2026-03-25 17:00:00,2026,3,25,17,Quảng Trị,Xã Phong Nha,17.6475454,106.2729046,58,Moderate,1,26.0,79,0.0,11.4,102,1008.4,100,14.8,20.5,235.0,1.6,102.0,1.1
2026-03-25 18:00:00,2026,3,25,18,Quảng Trị,Xã Phong Nha,17.6475454,106.2729046,58,Moderate,1,25.3,82,0.0,9.7,102,1008.4,47,14.3,20.0,274.0,2.5,93.0,1.2
2026-03-25 19:00:00,2026,3,25,19,Quảng Trị,Xã Phong Nha,17.6475454,106.2729046,58,Moderate,1,25.0,91,0.0,5.6,61,1008.5,48,15.4,20.7,305.0,3.5,83.0,1.3
2026-03-25 20:00:00,2026,3,25,20,Quảng Trị,Xã Phong Nha,17.6475454,106.2729046,58,Moderate,1,24.4,94,0.0,5.8,60,1009.1,22,15.7,20.9,323.0,3.7,78.0,1.3
2026-03-25 21:00:00,2026,3,25,21,Quảng Trị,Xã Phong Nha,17.6475454,106.2729046,58,Moderate,1,23.8,96,0.0,3.5,69,1009.9,45,15.8,20.8,333.0,4.0,71.0,1.3
2026-03-25 22:00:00,2026,3,25,22,Quảng Trị,Xã Phong Nha,17.6475454,106.2729046,58,Moderate,1,23.8,96,0.0,2.6,106,1010.2,87,16.2,21.0,331.0,4.2,66.0,1.2
2026-03-25 23:00:00,2026,3,25,23,Quảng Trị,Xã Phong Nha,17.6475454,106.2729046,59,Moderate,1,23.5,97,0.0,4.6,126,1009.8,73,16.2,20.8,309.0,4.1,66.0,1.1
2026-03-26 00:00:00,2026,3,26,0,Quảng Trị,Xã Phong Nha,17.6475454,106.2729046,59,Moderate,1,23.1,98,0.0,3.8,139,1009.2,9,15.8,21.0,274.0,4.0,68.0,0.9
2026-03-26 01:00:00,2026,3,26,1,Quảng Trị,Xã Phong Nha,17.6475454,106.2729046,59,Moderate,1,23.4,100,0.0,1.7,18,1009.1,100,16.1,21.1,245.0,3.8,69.0,0.8
2026-03-26 02:00:00,2026,3,26,2,Quảng Trị,Xã Phong Nha,17.6475454,106.2729046,59,Moderate,1,23.9,98,0.0,2.8,55,1008.9,100,16.3,21.1,220.0,3.7,69.0,0.7
2026-03-26 03:00:00,2026,3,26,3,Quảng Trị,Xã Phong Nha,17.6475454,106.2729046,59,Moderate,1,23.6,96,0.0,2.7,110,1008.1,100,16.7,21.5,201.0,3.6,68.0,0.7
2026-03-26 04:00:00,2026,3,26,4,Quảng Trị,Xã Phong Nha,17.6475454,106.2729046,59,Moderate,1,23.4,97,0.0,0.9,37,1008.3,100,17.6,22.3,207.0,3.6,68.0,0.7
2026-03-26 05:00:00,2026,3,26,5,Quảng Trị,Xã Phong Nha,17.6475454,106.2729046,59,Moderate,1,23.2,96,0.0,2.2,90,1008.4,100,18.2,22.6,267.0,3.7,66.0,0.8
2026-03-26 06:00:00,2026,3,26,6,Quảng Trị,Xã Phong Nha,17.6475454,106.2729046,60,Moderate,1,22.8,97,0.0,2.7,118,1009.1,100,18.5,22.7,353.0,3.8,63.0,0.9
2026-03-26 07:00:00,2026,3,26,7,Quảng Trị,Xã Phong Nha,17.6475454,106.2729046,60,Moderate,1,22.4,99,0.0,1.8,90,1009.7,100,20.1,25.2,402.0,4.0,66.0,0.8
2026-03-26 08:00:00,2026,3,26,8,Quảng Trị,Xã Phong Nha,17.6475454,106.2729046,60,Moderate,1,23.1,97,0.0,2.4,77,1010.4,100,20.2,26.3,374.0,3.3,80.0,0.9
2026-03-26 09:00:00,2026,3,26,9,Quảng Trị,Xã Phong Nha,17.6475454,106.2729046,60,Moderate,1,25.0,88,0.0,4.1,75,1010.7,100,20.1,26.3,308.0,2.4,100.0,1.0
2026-03-26 10:00:00,2026,3,26,10,Quảng Trị,Xã Phong Nha,17.6475454,106.2729046,61,Moderate,1,26.8,81,0.0,5.2,68,1010.3,39,20.7,26.6,259.0,1.6,117.0,1.1
2026-03-26 11:00:00,2026,3,26,11,Quảng Trị,Xã Phong Nha,17.6475454,106.2729046,61,Moderate,1,28.8,72,0.0,7.3,67,1009.5,6,21.5,27.5,251.0,1.2,127.0,1.1
2026-03-26 12:00:00,2026,3,26,12,Quảng Trị,Xã Phong Nha,17.6475454,106.2729046,61,Moderate,1,29.5,70,0.0,10.0,72,1008.5,20,21.8,27.5,259.0,1.1,133.0,1.1
2026-03-26 13:00:00,2026,3,26,13,Quảng Trị,Xã Phong Nha,17.6475454,106.2729046,62,Moderate,1,30.0,71,0.0,10.3,71,1007.4,16,21.3,26.9,265.0,1.0,137.0,1.1
2026-03-26 14:00:00,2026,3,26,14,Quảng Trị,Xã Phong Nha,17.6475454,106.2729046,62,Moderate,1,29.0,76,0.0,12.1,72,1006.8,19,21.1,26.7,254.0,0.9,139.0,1.0
2026-03-26 15:00:00,2026,3,26,15,Quảng Trị,Xã Phong Nha,17.6475454,106.2729046,62,Moderate,1,28.3,78,0.0,11.4,84,1006.0,23,21.1,26.8,240.0,0.8,139.0,1.0
2026-03-26 16:00:00,2026,3,26,16,Quảng Trị,Xã Phong Nha,17.6475454,106.2729046,73,Moderate,1,27.8,79,0.0,10.6,88,1005.6,13,21.2,27.0,245.0,1.1,135.0,1.0
2026-03-26 17:00:00,2026,3,26,17,Quảng Trị,Xã Phong Nha,17.6475454,106.2729046,85,Moderate,1,26.8,81,0.0,7.6,86,1005.8,13,21.2,26.7,286.0,2.1,125.0,1.3
2026-03-26 18:00:00,2026,3,26,18,Quảng Trị,Xã Phong Nha,17.6475454,106.2729046,90,Moderate,1,25.6,86,0.0,6.4,65,1006.1,9,20.4,25.7,347.0,3.6,111.0,1.7
2026-03-26 19:00:00,2026,3,26,19,Quảng Trị,Xã Phong Nha,17.6475454,106.2729046,89,Moderate,1,24.9,92,0.0,6.0,81,1006.5,9,18.7,23.5,398.0,5.3,97.0,2.0
2026-03-26 20:00:00,2026,3,26,20,Quảng Trị,Xã Phong Nha,17.6475454,106.2729046,83,Moderate,1,24.1,96,0.0,2.9,86,1007.2,9,18.0,22.7,433.0,5.2,93.0,2.0
2026-03-26 21:00:00,2026,3,26,21,Quảng Trị,Xã Phong Nha,17.6475454,106.2729046,74,Moderate,1,23.9,96,0.0,1.5,60,1007.8,16,18.0,22.5,458.0,5.0,88.0,2.0
2026-03-26 22:00:00,2026,3,26,22,Quảng Trị,Xã Phong Nha,17.6475454,106.2729046,65,Moderate,1,23.8,96,0.0,1.0,68,1008.0,98,18.0,22.2,465.0,4.9,84.0,1.9
2026-03-26 23:00:00,2026,3,26,23,Quảng Trị,Xã Phong Nha,17.6475454,106.2729046,65,Moderate,1,23.7,97,0.0,1.7,103,1008.0,98,18.2,22.0,444.0,4.8,81.0,1.8
2026-03-27 00:00:00,2026,3,27,0,Quảng Trị,Xã Phong Nha,17.6475454,106.2729046,65,Moderate,1,23.5,99,0.0,1.1,72,1007.6,100,18.9,22.8,405.0,4.8,79.0,1.6
2026-03-27 01:00:00,2026,3,27,1,Quảng Trị,Xã Phong Nha,17.6475454,106.2729046,66,Moderate,1,23.9,100,0.0,0.4,90,1007.3,99,20.0,23.8,371.0,4.7,78.0,1.5
2026-03-27 02:00:00,2026,3,27,2,Quảng Trị,Xã Phong Nha,17.6475454,106.2729046,66,Moderate,1,23.9,99,0.0,0.9,79,1006.6,100,21.1,24.9,343.0,4.6,78.0,1.5
2026-03-27 03:00:00,2026,3,27,3,Quảng Trị,Xã Phong Nha,17.6475454,106.2729046,66,Moderate,1,23.7,100,0.0,1.5,60,1006.1,100,22.1,25.7,321.0,4.4,78.0,1.5
2026-03-27 04:00:00,2026,3,27,4,Quảng Trị,Xã Phong Nha,17.6475454,106.2729046,67,Moderate,1,23.5,100,0.0,2.3,58,1006.2,100,22.6,25.8,322.0,4.3,78.0,1.6
2026-03-27 05:00:00,2026,3,27,5,Quảng Trị,Xã Phong Nha,17.6475454,106.2729046,67,Moderate,1,23.3,99,0.0,2.0,45,1006.3,100,23.8,26.3,371.0,4.3,75.0,1.7
2026-03-27 06:00:00,2026,3,27,6,Quảng Trị,Xã Phong Nha,17.6475454,106.2729046,68,Moderate,1,23.0,100,0.0,1.9,68,1006.9,100,24.9,27.0,444.0,4.3,72.0,1.8
2026-03-27 07:00:00,2026,3,27,7,Quảng Trị,Xã Phong Nha,17.6475454,106.2729046,68,Moderate,1,23.6,100,0.0,3.2,56,1007.7,100,37.5,40.9,489.0,4.5,66.0,1.4
2026-03-27 08:00:00,2026,3,27,8,Quảng Trị,Xã Phong Nha,17.6475454,106.2729046,70,Moderate,1,24.6,99,0.0,4.3,24,1008.5,100,38.1,41.9,477.0,3.7,86.0,1.7
2026-03-27 09:00:00,2026,3,27,9,Quảng Trị,Xã Phong Nha,17.6475454,106.2729046,71,Moderate,1,26.5,89,0.0,5.2,25,1009.0,45,39.3,43.4,438.0,2.6,115.0,2.1
2026-03-27 10:00:00,2026,3,27,10,Quảng Trị,Xã Phong Nha,17.6475454,106.2729046,73,Moderate,1,29.0,80,0.0,8.0,48,1008.3,2,38.1,42.4,404.0,1.7,137.0,2.3
2026-03-27 11:00:00,2026,3,27,11,Quảng Trị,Xã Phong Nha,17.6475454,106.2729046,75,Moderate,1,30.0,76,0.0,10.2,45,1007.9,41,33.3,37.7,390.0,1.3,148.0,2.1
2026-03-27 12:00:00,2026,3,27,12,Quảng Trị,Xã Phong Nha,17.6475454,106.2729046,76,Moderate,1,29.8,76,0.0,10.0,70,1007.1,41,30.5,34.9,381.0,1.2,153.0,1.8
2026-03-27 13:00:00,2026,3,27,13,Quảng Trị,Xã Phong Nha,17.6475454,106.2729046,77,Moderate,1,31.0,73,0.0,11.3,68,1006.0,33,28.1,32.5,371.0,1.2,156.0,1.5
2026-03-27 14:00:00,2026,3,27,14,Quảng Trị,Xã Phong Nha,17.6475454,106.2729046,77,Moderate,1,29.6,78,0.0,13.9,71,1005.3,40,26.7,31.0,349.0,1.1,158.0,1.3
2026-03-27 15:00:00,2026,3,27,15,Quảng Trị,Xã Phong Nha,17.6475454,106.2729046,83,Moderate,1,28.6,80,0.0,12.9,75,1004.8,20,25.7,29.9,326.0,1.0,158.0,1.2
2026-03-27 16:00:00,2026,3,27,16,Quảng Trị,Xã Phong Nha,17.6475454,106.2729046,103,Unhealthy for Sensitive Groups,2,28.4,81,0.0,10.2,83,1004.1,24,25.5,29.7,327.0,1.4,155.0,1.3
2026-03-27 17:00:00,2026,3,27,17,Quảng Trị,Xã Phong Nha,17.6475454,106.2729046,118,Unhealthy for Sensitive Groups,2,27.5,85,0.0,7.3,80,1004.1,9,25.7,29.7,369.0,2.5,148.0,1.7
2026-03-27 18:00:00,2026,3,27,18,Quảng Trị,Xã Phong Nha,17.6475454,106.2729046,125,Unhealthy for Sensitive Groups,2,26.3,89,0.0,4.9,62,1004.4,7,25.3,29.0,436.0,4.0,139.0,2.3
2026-03-27 19:00:00,2026,3,27,19,Quảng Trị,Xã Phong Nha,17.6475454,106.2729046,125,Unhealthy for Sensitive Groups,2,25.5,93,0.0,2.9,68,1004.8,5,23.5,27.4,501.0,5.3,129.0,2.2
2026-03-27 20:00:00,2026,3,27,20,Quảng Trị,Xã Phong Nha,17.6475454,106.2729046,121,Unhealthy for Sensitive Groups,2,25.0,94,0.0,2.7,42,1005.6,7,23.1,26.7,566.0,5.5,124.0,1.9
2026-03-27 21:00:00,2026,3,27,21,Quảng Trị,Xã Phong Nha,17.6475454,106.2729046,115,Unhealthy for Sensitive Groups,2,24.6,94,0.0,2.8,349,1006.4,6,24.5,27.9,630.0,5.7,116.0,1.5
2026-03-27 22:00:00,2026,3,27,22,Quảng Trị,Xã Phong Nha,17.6475454,106.2729046,106,Unhealthy for Sensitive Groups,2,24.3,94,0.0,0.8,27,1006.7,2,27.4,30.7,659.0,5.9,109.0,1.2
2026-03-27 23:00:00,2026,3,27,23,Quảng Trị,Xã Phong Nha,17.6475454,106.2729046,96,Moderate,1,24.0,95,0.0,0.4,297,1006.6,4,29.6,32.8,629.0,6.0,104.0,1.0
2026-03-28 00:00:00,2026,3,28,0,Quảng Trị,Xã Phong Nha,17.6475454,106.2729046,84,Moderate,1,23.6,96,0.0,0.5,315,1006.3,4,31.0,34.1,564.0,6.0,100.0,0.8
2026-03-28 01:00:00,2026,3,28,1,Quảng Trị,Xã Phong Nha,17.6475454,106.2729046,84,Moderate,1,23.1,100,0.0,1.0,315,1006.2,100,32.1,35.2,505.0,5.9,96.0,0.7
2026-03-28 02:00:00,2026,3,28,2,Quảng Trị,Xã Phong Nha,17.6475454,106.2729046,85,Moderate,1,23.1,100,0.0,1.9,343,1005.6,100,32.8,35.9,456.0,5.7,91.0,0.7
2026-03-28 03:00:00,2026,3,28,3,Quảng Trị,Xã Phong Nha,17.6475454,106.2729046,86,Moderate,1,23.3,100,0.0,4.0,342,1005.6,100,33.1,36.0,412.0,5.5,86.0,0.7
2026-03-28 04:00:00,2026,3,28,4,Quảng Trị,Xã Phong Nha,17.6475454,106.2729046,87,Moderate,1,23.1,100,0.0,3.3,347,1005.7,100,33.2,36.0,397.0,5.4,81.0,0.8
2026-03-28 05:00:00,2026,3,28,5,Quảng Trị,Xã Phong Nha,17.6475454,106.2729046,88,Moderate,1,23.1,99,0.0,2.2,325,1006.4,100,33.2,36.0,441.0,5.7,73.0,0.9
2026-03-28 06:00:00,2026,3,28,6,Quảng Trị,Xã Phong Nha,17.6475454,106.2729046,88,Moderate,1,23.1,98,0.0,3.5,305,1007.3,100,33.6,36.4,514.0,6.0,64.0,1.0
2026-03-28 07:00:00,2026,3,28,7,Quảng Trị,Xã Phong Nha,17.6475454,106.2729046,89,Moderate,1,23.1,99,0.0,2.5,300,1008.2,100,38.2,41.2,550.0,5.8,66.0,0.8
2026-03-28 08:00:00,2026,3,28,8,Quảng Trị,Xã Phong Nha,17.6475454,106.2729046,89,Moderate,1,23.7,98,0.0,3.6,49,1008.9,100,37.7,41.0,509.0,4.8,83.0,1.1
2026-03-28 09:00:00,2026,3,28,9,Quảng Trị,Xã Phong Nha,17.6475454,106.2729046,89,Moderate,1,25.8,89,0.0,7.2,62,1009.2,61,36.7,39.8,430.0,3.5,107.0,1.5
2026-03-28 10:00:00,2026,3,28,10,Quảng Trị,Xã Phong Nha,17.6475454,106.2729046,89,Moderate,1,28.2,81,0.0,8.5,62,1008.7,39,34.8,38.1,364.0,2.4,127.0,1.8
2026-03-28 11:00:00,2026,3,28,11,Quảng Trị,Xã Phong Nha,17.6475454,106.2729046,89,Moderate,1,29.3,78,0.0,11.0,64,1008.2,41,32.4,36.1,327.0,1.8,140.0,1.8
2026-03-28 12:00:00,2026,3,28,12,Quảng Trị,Xã Phong Nha,17.6475454,106.2729046,89,Moderate,1,29.9,77,0.0,12.2,66,1007.0,28,29.9,33.4,303.0,1.5,150.0,1.6
2026-03-28 13:00:00,2026,3,28,13,Quảng Trị,Xã Phong Nha,17.6475454,106.2729046,89,Moderate,1,30.4,75,0.0,11.5,70,1006.3,27,26.8,30.3,290.0,1.3,156.0,1.4
2026-03-28 14:00:00,2026,3,28,14,Quảng Trị,Xã Phong Nha,17.6475454,106.2729046,89,Moderate,1,30.0,78,0.0,11.8,77,1005.6,27,25.2,29.0,288.0,1.2,159.0,1.3
2026-03-28 15:00:00,2026,3,28,15,Quảng Trị,Xã Phong Nha,17.6475454,106.2729046,88,Moderate,1,29.6,78,0.0,11.0,76,1005.0,16,24.7,28.6,297.0,1.2,159.0,1.3
2026-03-28 16:00:00,2026,3,28,16,Quảng Trị,Xã Phong Nha,17.6475454,106.2729046,96,Moderate,1,29.3,77,0.0,9.8,66,1004.7,25,23.9,27.9,315.0,1.5,155.0,1.4
2026-03-28 17:00:00,2026,3,28,17,Quảng Trị,Xã Phong Nha,17.6475454,106.2729046,112,Unhealthy for Sensitive Groups,2,27.9,80,0.0,10.4,64,1004.8,13,24.5,28.4,343.0,2.4,146.0,1.8
2026-03-28 18:00:00,2026,3,28,18,Quảng Trị,Xã Phong Nha,17.6475454,106.2729046,120,Unhealthy for Sensitive Groups,2,26.2,87,0.0,5.4,34,1005.4,27,24.6,28.2,380.0,3.6,133.0,2.2
2026-03-28 19:00:00,2026,3,28,19,Quảng Trị,Xã Phong Nha,17.6475454,106.2729046,121,Unhealthy for Sensitive Groups,2,25.1,94,0.0,2.5,356,1005.5,48,26.6,29.9,427.0,4.7,118.0,2.3
2026-03-28 20:00:00,2026,3,28,20,Quảng Trị,Xã Phong Nha,17.6475454,106.2729046,117,Unhealthy for Sensitive Groups,2,24.7,95,0.0,2.4,351,1006.4,27,27.4,30.6,492.0,5.5,111.0,2.2
2026-03-28 21:00:00,2026,3,28,21,Quảng Trị,Xã Phong Nha,17.6475454,106.2729046,108,Unhealthy for Sensitive Groups,2,24.4,95,0.0,1.5,306,1006.9,2,29.6,32.8,566.0,6.5,101.0,2.0
2026-03-28 22:00:00,2026,3,28,22,Quảng Trị,Xã Phong Nha,17.6475454,106.2729046,97,Moderate,1,24.1,96,0.0,1.5,315,1007.2,2,33.6,36.7,620.0,7.2,93.0,1.7
2026-03-28 23:00:00,2026,3,28,23,Quảng Trị,Xã Phong Nha,17.6475454,106.2729046,90,Moderate,1,23.7,98,0.0,1.5,346,1006.8,2,36.2,39.1,644.0,7.4,87.0,1.4
2026-03-29 00:00:00,2026,3,29,0,Quảng Trị,Xã Phong Nha,17.6475454,106.2729046,90,Moderate,1,23.2,100,0.0,1.9,338,1006.2,100,37.5,40.3,648.0,7.2,83.0,1.0
2026-03-29 01:00:00,2026,3,29,1,Quảng Trị,Xã Phong Nha,17.6475454,106.2729046,91,Moderate,1,24.1,99,0.0,2.9,11,1005.7,100,38.5,41.6,634.0,6.8,81.0,0.7
2026-03-29 02:00:00,2026,3,29,2,Quảng Trị,Xã Phong Nha,17.6475454,106.2729046,91,Moderate,1,24.3,99,0.0,3.6,41,1005.5,100,39.3,42.4,589.0,6.0,84.0,0.5
2026-03-29 03:00:00,2026,3,29,3,Quảng Trị,Xã Phong Nha,17.6475454,106.2729046,92,Moderate,1,24.4,98,0.0,2.9,94,1005.3,100,39.6,42.6,525.0,4.9,90.0,0.3
2026-03-29 04:00:00,2026,3,29,4,Quảng Trị,Xã Phong Nha,17.6475454,106.2729046,93,Moderate,1,24.3,99,0.0,2.4,107,1005.3,100,39.8,42.8,482.0,4.1,93.0,0.2
2026-03-29 05:00:00,2026,3,29,5,Quảng Trị,Xã Phong Nha,17.6475454,106.2729046,93,Moderate,1,24.3,99,0.0,2.9,133,1005.8,100,40.7,43.2,485.0,4.0,87.0,0.3
2026-03-29 06:00:00,2026,3,29,6,Quảng Trị,Xã Phong Nha,17.6475454,106.2729046,94,Moderate,1,24.2,100,0.0,1.3,135,1006.3,100,41.6,43.8,509.0,4.3,77.0,0.5
2026-03-29 07:00:00,2026,3,29,7,Quảng Trị,Xã Phong Nha,17.6475454,106.2729046,94,Moderate,1,24.2,99,0.0,3.3,61,1007.5,100,38.9,40.9,511.0,4.2,74.0,0.7
2026-03-29 08:00:00,2026,3,29,8,Quảng Trị,Xã Phong Nha,17.6475454,106.2729046,95,Moderate,1,25.1,99,0.0,4.6,64,1008.3,100,39.3,41.3,466.0,3.6,89.0,0.9
2026-03-29 09:00:00,2026,3,29,9,Quảng Trị,Xã Phong Nha,17.6475454,106.2729046,95,Moderate,1,28.2,85,0.0,7.6,52,1008.8,16,38.1,40.3,401.0,2.9,109.0,1.3
2026-03-29 10:00:00,2026,3,29,10,Quảng Trị,Xã Phong Nha,17.6475454,106.2729046,95,Moderate,1,31.2,76,0.0,2.5,60,1008.8,3,34.5,36.8,348.0,2.2,127.0,1.5
2026-03-29 11:00:00,2026,3,29,11,Quảng Trị,Xã Phong Nha,17.6475454,106.2729046,95,Moderate,1,33.7,58,0.0,4.0,210,1008.2,9,29.9,32.2,323.0,1.8,138.0,1.5
2026-03-29 12:00:00,2026,3,29,12,Quảng Trị,Xã Phong Nha,17.6475454,106.2729046,95,Moderate,1,35.3,46,0.0,4.9,237,1007.3,16,28.3,31.2,311.0,1.5,146.0,1.5
2026-03-29 13:00:00,2026,3,29,13,Quảng Trị,Xã Phong Nha,17.6475454,106.2729046,94,Moderate,1,35.4,42,0.0,4.2,220,1006.1,19,28.7,31.8,305.0,1.3,152.0,1.4
2026-03-29 14:00:00,2026,3,29,14,Quảng Trị,Xã Phong Nha,17.6475454,106.2729046,95,Moderate,1,35.1,44,0.0,3.9,103,1005.2,25,29.2,32.5,300.0,1.2,158.0,1.3
2026-03-29 15:00:00,2026,3,29,15,Quảng Trị,Xã Phong Nha,17.6475454,106.2729046,95,Moderate,1,32.4,69,0.5,9.4,70,1004.6,26,30.0,32.8,302.0,1.4,162.0,1.2
2026-03-29 16:00:00,2026,3,29,16,Quảng Trị,Xã Phong Nha,17.6475454,106.2729046,96,Moderate,1,30.6,82,0.1,10.8,60,1004.3,17,30.0,32.5,321.0,1.8,162.0,1.2
2026-03-29 17:00:00,2026,3,29,17,Quảng Trị,Xã Phong Nha,17.6475454,106.2729046,112,Unhealthy for Sensitive Groups,2,28.7,88,0.0,11.2,52,1004.7,9,29.8,32.2,364.0,2.8,156.0,1.4
2026-03-29 18:00:00,2026,3,29,18,Quảng Trị,Xã Phong Nha,17.6475454,106.2729046,122,Unhealthy for Sensitive Groups,2,26.5,90,0.0,7.1,36,1005.2,6,29.1,31.9,423.0,4.2,146.0,1.7
2026-03-29 19:00:00,2026,3,29,19,Quảng Trị,Xã Phong Nha,17.6475454,106.2729046,126,Unhealthy for Sensitive Groups,2,26.2,95,0.0,1.8,96,1006.2,14,27.1,29.9,492.0,5.0,126.0,2.0
2026-03-29 20:00:00,2026,3,29,20,Quảng Trị,Xã Phong Nha,17.6475454,106.2729046,123,Unhealthy for Sensitive Groups,2,25.8,96,0.0,2.7,118,1006.5,5,28.2,30.9,592.0,5.1,118.0,2.2
2026-03-29 21:00:00,2026,3,29,21,Quảng Trị,Xã Phong Nha,17.6475454,106.2729046,118,Unhealthy for Sensitive Groups,2,25.3,97,0.0,1.8,84,1006.9,7,28.4,30.9,701.0,5.2,108.0,2.4
2026-03-29 22:00:00,2026,3,29,22,Quảng Trị,Xã Phong Nha,17.6475454,106.2729046,108,Unhealthy for Sensitive Groups,2,24.5,100,0.0,0.6,124,1007.1,100,28.8,31.2,744.0,5.2,99.0,2.5
2026-03-29 23:00:00,2026,3,29,23,Quảng Trị,Xã Phong Nha,17.6475454,106.2729046,96,Moderate,1,24.1,100,0.0,2.1,200,1006.9,98,29.6,31.9,667.0,5.0,94.0,2.3
2026-03-30 00:00:00,2026,3,30,0,Quảng Trị,Xã Phong Nha,17.6475454,106.2729046,96,Moderate,1,23.6,99,0.0,1.6,264,1006.8,88,31.0,32.5,525.0,4.6,91.0,2.0
2026-03-30 01:00:00,2026,3,30,1,Quảng Trị,Xã Phong Nha,17.6475454,106.2729046,95,Moderate,1,23.6,97,0.0,2.3,203,1006.2,93,32.0,33.3,406.0,4.3,88.0,1.8
2026-03-30 02:00:00,2026,3,30,2,Quảng Trị,Xã Phong Nha,17.6475454,106.2729046,95,Moderate,1,23.4,87,0.0,2.6,236,1005.7,41,32.0,33.2,337.0,4.1,85.0,1.7
2026-03-30 03:00:00,2026,3,30,3,Quảng Trị,Xã Phong Nha,17.6475454,106.2729046,94,Moderate,1,23.1,81,0.0,2.7,242,1005.4,0,31.4,32.4,291.0,3.8,83.0,1.6
2026-03-30 04:00:00,2026,3,30,4,Quảng Trị,Xã Phong Nha,17.6475454,106.2729046,93,Moderate,1,22.5,76,0.0,3.2,243,1005.4,0,30.4,31.3,273.0,3.7,81.0,1.6
2026-03-30 05:00:00,2026,3,30,5,Quảng Trị,Xã Phong Nha,17.6475454,106.2729046,92,Moderate,1,22.3,77,0.0,4.1,232,1005.9,2,29.5,30.4,305.0,3.8,78.0,1.7
2026-03-30 06:00:00,2026,3,30,6,Quảng Trị,Xã Phong Nha,17.6475454,106.2729046,91,Moderate,1,22.4,78,0.0,4.6,231,1006.6,0,28.8,29.7,366.0,3.9,75.0,2.0
2026-03-30 07:00:00,2026,3,30,7,Quảng Trị,Xã Phong Nha,17.6475454,106.2729046,90,Moderate,1,24.0,81,0.0,5.2,214,1007.1,0,41.4,42.6,398.0,4.2,73.0,2.0
2026-03-30 08:00:00,2026,3,30,8,Quảng Trị,Xã Phong Nha,17.6475454,106.2729046,91,Moderate,1,27.6,77,0.0,2.6,65,1008.1,2,40.6,41.8,371.0,3.5,92.0,2.2
2026-03-30 09:00:00,2026,3,30,9,Quảng Trị,Xã Phong Nha,17.6475454,106.2729046,91,Moderate,1,30.6,68,0.0,2.4,103,1008.6,0,38.3,39.8,315.0,2.5,119.0,2.6
2026-03-30 10:00:00,2026,3,30,10,Quảng Trị,Xã Phong Nha,17.6475454,106.2729046,91,Moderate,1,33.8,51,0.0,6.1,194,1008.3,0,34.5,36.1,269.0,1.8,141.0,2.7
2026-03-30 11:00:00,2026,3,30,11,Quảng Trị,Xã Phong Nha,17.6475454,106.2729046,91,Moderate,1,35.9,38,0.0,9.5,219,1007.5,3,31.3,33.1,246.0,1.5,154.0,2.5
2026-03-30 12:00:00,2026,3,30,12,Quảng Trị,Xã Phong Nha,17.6475454,106.2729046,91,Moderate,1,36.8,35,0.0,9.3,229,1006.3,5,30.3,32.9,233.0,1.5,162.0,2.1
2026-03-30 13:00:00,2026,3,30,13,Quảng Trị,Xã Phong Nha,17.6475454,106.2729046,91,Moderate,1,37.1,32,0.0,5.1,243,1004.9,11,29.1,32.0,226.0,1.5,168.0,1.8
2026-03-30 14:00:00,2026,3,30,14,Quảng Trị,Xã Phong Nha,17.6475454,106.2729046,91,Moderate,1,36.7,34,0.0,3.6,81,1003.9,16,28.2,31.2,215.0,1.4,175.0,1.6
2026-03-30 15:00:00,2026,3,30,15,Quảng Trị,Xã Phong Nha,17.6475454,106.2729046,97,Moderate,1,33.6,63,0.0,12.0,74,1003.3,29,26.9,30.0,211.0,1.3,181.0,1.5
2026-03-30 16:00:00,2026,3,30,16,Quảng Trị,Xã Phong Nha,17.6475454,106.2729046,120,Unhealthy for Sensitive Groups,2,31.4,73,0.0,12.1,55,1003.1,8,25.3,28.3,241.0,1.6,181.0,1.5
2026-03-30 17:00:00,2026,3,30,17,Quảng Trị,Xã Phong Nha,17.6475454,106.2729046,139,Unhealthy for Sensitive Groups,2,29.0,76,0.0,10.7,40,1003.3,2,24.5,27.4,350.0,2.7,170.0,1.6
2026-03-30 18:00:00,2026,3,30,18,Quảng Trị,Xã Phong Nha,17.6475454,106.2729046,150,Unhealthy for Sensitive Groups,2,26.9,81,0.0,5.1,23,1004.1,3,24.6,27.2,493.0,4.2,153.0,1.9
2026-03-30 19:00:00,2026,3,30,19,Quảng Trị,Xã Phong Nha,17.6475454,106.2729046,152,Unhealthy,3,26.8,86,0.0,1.7,13,1004.9,13,19.7,21.8,566.0,5.7,143.0,2.2
2026-03-30 20:00:00,2026,3,30,20,Quảng Trị,Xã Phong Nha,17.6475454,106.2729046,150,Unhealthy for Sensitive Groups,2,26.4,86,0.0,1.5,300,1005.6,49,20.5,22.2,499.0,5.9,131.0,2.4
2026-03-30 21:00:00,2026,3,30,21,Quảng Trị,Xã Phong Nha,17.6475454,106.2729046,143,Unhealthy for Sensitive Groups,2,25.5,91,0.0,0.9,259,1006.2,24,20.9,22.4,363.0,6.2,114.0,2.6
2026-03-30 22:00:00,2026,3,30,22,Quảng Trị,Xã Phong Nha,17.6475454,106.2729046,132,Unhealthy for Sensitive Groups,2,24.6,90,0.0,2.1,232,1006.4,2,21.3,22.6,258.0,6.5,99.0,2.7
2026-03-30 23:00:00,2026,3,30,23,Quảng Trị,Xã Phong Nha,17.6475454,106.2729046,116,Unhealthy for Sensitive Groups,2,24.6,81,0.0,2.9,274,1006.4,3,21.5,22.6,230.0,6.7,87.0,2.6
2026-03-31 00:00:00,2026,3,31,0,Quảng Trị,Xã Phong Nha,17.6475454,106.2729046,96,Moderate,1,25.2,70,0.0,2.3,238,1006.2,30,20.9,21.4,235.0,6.7,77.0,2.4
2026-03-31 01:00:00,2026,3,31,1,Quảng Trị,Xã Phong Nha,17.6475454,106.2729046,85,Moderate,1,24.5,69,0.0,4.0,219,1005.7,19,20.7,21.0,240.0,6.8,68.0,2.2
2026-03-31 02:00:00,2026,3,31,2,Quảng Trị,Xã Phong Nha,17.6475454,106.2729046,84,Moderate,1,25.0,68,0.0,4.2,230,1005.3,23,19.9,20.0,232.0,6.9,60.0,2.0
2026-03-31 03:00:00,2026,3,31,3,Quảng Trị,Xã Phong Nha,17.6475454,106.2729046,83,Moderate,1,24.9,68,0.0,5.4,233,1005.2,64,18.6,18.7,224.0,6.9,54.0,1.8
2026-03-31 04:00:00,2026,3,31,4,Quảng Trị,Xã Phong Nha,17.6475454,106.2729046,82,Moderate,1,25.2,67,0.0,6.7,216,1005.2,74,17.2,17.3,227.0,6.7,51.0,1.7
2026-03-31 05:00:00,2026,3,31,5,Quảng Trị,Xã Phong Nha,17.6475454,106.2729046,81,Moderate,1,25.2,67,0.0,7.3,218,1005.4,41,15.8,15.9,252.0,6.1,51.0,1.6
2026-03-31 06:00:00,2026,3,31,6,Quảng Trị,Xã Phong Nha,17.6475454,106.2729046,80,Moderate,1,25.4,66,0.0,9.3,226,1006.3,23,14.7,14.8,288.0,5.3,54.0,1.6
2026-03-31 07:00:00,2026,3,31,7,Quảng Trị,Xã Phong Nha,17.6475454,106.2729046,78,Moderate,1,27.3,66,0.0,12.2,227,1007.6,5,27.0,27.0,306.0,4.0,77.0,2.0
2026-03-31 08:00:00,2026,3,31,8,Quảng Trị,Xã Phong Nha,17.6475454,106.2729046,77,Moderate,1,30.3,59,0.0,13.1,223,1008.3,7,26.1,26.3,290.0,3.3,92.0,2.2
2026-03-31 09:00:00,2026,3,31,9,Quảng Trị,Xã Phong Nha,17.6475454,106.2729046,76,Moderate,1,32.4,53,0.0,12.6,224,1008.4,1,24.4,24.7,257.0,2.3,114.0,2.5
2026-03-31 10:00:00,2026,3,31,10,Quảng Trị,Xã Phong Nha,17.6475454,106.2729046,74,Moderate,1,34.2,46,0.0,16.6,234,1008.3,0,21.8,22.0,232.0,1.5,130.0,2.7
2026-03-31 11:00:00,2026,3,31,11,Quảng Trị,Xã Phong Nha,17.6475454,106.2729046,73,Moderate,1,35.4,42,0.0,16.5,233,1007.6,0,19.5,19.8,226.0,1.2,135.0,2.6
2026-03-31 12:00:00,2026,3,31,12,Quảng Trị,Xã Phong Nha,17.6475454,106.2729046,72,Moderate,1,36.0,41,0.0,15.6,235,1006.4,2,18.9,19.5,229.0,1.2,135.0,2.3
2026-03-31 13:00:00,2026,3,31,13,Quảng Trị,Xã Phong Nha,17.6475454,106.2729046,71,Moderate,1,37.1,34,0.0,14.3,241,1005.0,12,19.4,20.4,233.0,1.3,138.0,2.2
2026-03-31 14:00:00,2026,3,31,14,Quảng Trị,Xã Phong Nha,17.6475454,106.2729046,70,Moderate,1,37.2,33,0.0,11.9,243,1004.2,24,20.9,22.2,231.0,1.5,148.0,2.3
2026-03-31 15:00:00,2026,3,31,15,Quảng Trị,Xã Phong Nha,17.6475454,106.2729046,73,Moderate,1,36.9,34,0.0,9.5,241,1003.4,29,23.7,25.6,231.0,1.8,161.0,2.4
2026-03-31 16:00:00,2026,3,31,16,Quảng Trị,Xã Phong Nha,17.6475454,106.2729046,91,Moderate,1,35.8,42,0.0,7.3,224,1002.8,17,28.4,31.5,250.0,2.3,167.0,2.6
2026-03-31 17:00:00,2026,3,31,17,Quảng Trị,Xã Phong Nha,17.6475454,106.2729046,106,Unhealthy for Sensitive Groups,2,34.1,50,0.0,7.6,208,1002.9,63,30.7,33.9,310.0,3.1,164.0,2.7
2026-03-31 18:00:00,2026,3,31,18,Quảng Trị,Xã Phong Nha,17.6475454,106.2729046,117,Unhealthy for Sensitive Groups,2,30.8,55,0.0,7.7,213,1003.5,81,32.2,35.3,388.0,4.1,155.0,2.8
2026-03-31 19:00:00,2026,3,31,19,Quảng Trị,Xã Phong Nha,17.6475454,106.2729046,122,Unhealthy for Sensitive Groups,2,28.6,63,0.0,5.2,226,1004.3,96,35.6,37.6,434.0,6.9,116.0,3.7
2026-03-31 20:00:00,2026,3,31,20,Quảng Trị,Xã Phong Nha,17.6475454,106.2729046,118,Unhealthy for Sensitive Groups,2,26.7,69,0.0,7.0,228,1004.9,91,38.8,41.7,417.0,7.8,107.0,4.1
2026-03-31 21:00:00,2026,3,31,21,Quảng Trị,Xã Phong Nha,17.6475454,106.2729046,112,Unhealthy for Sensitive Groups,2,25.9,70,0.0,7.1,225,1005.7,34,40.2,43.0,367.0,9.0,95.0,4.6
2026-03-31 22:00:00,2026,3,31,22,Quảng Trị,Xã Phong Nha,17.6475454,106.2729046,103,Unhealthy for Sensitive Groups,2,25.6,69,0.0,7.1,229,1005.8,20,40.6,43.2,322.0,10.3,81.0,4.8
2026-03-31 23:00:00,2026,3,31,23,Quảng Trị,Xã Phong Nha,17.6475454,106.2729046,89,Moderate,1,25.1,71,0.0,7.1,234,1006.0,57,39.5,41.4,296.0,11.9,63.0,4.3
2026-04-01 00:00:00,2026,4,1,0,Quảng Trị,Xã Phong Nha,17.6475454,106.2729046,79,Moderate,1,24.8,72,0.0,7.4,231,1006.0,62,37.1,38.3,276.0,13.5,44.0,3.5
2026-04-01 01:00:00,2026,4,1,1,Quảng Trị,Xã Phong Nha,17.6475454,106.2729046,80,Moderate,1,24.6,76,0.0,8.5,226,1005.5,4,35.5,36.6,260.0,14.5,31.0,2.8
2026-04-01 02:00:00,2026,4,1,2,Quảng Trị,Xã Phong Nha,17.6475454,106.2729046,82,Moderate,1,25.1,73,0.0,9.2,222,1005.0,14,33.5,34.3,241.0,14.5,27.0,2.3
2026-04-01 03:00:00,2026,4,1,3,Quảng Trị,Xã Phong Nha,17.6475454,106.2729046,83,Moderate,1,25.1,73,0.0,7.3,234,1004.9,23,31.4,32.2,225.0,13.9,29.0,2.0
2026-04-01 04:00:00,2026,4,1,4,Quảng Trị,Xã Phong Nha,17.6475454,106.2729046,84,Moderate,1,24.8,74,0.0,4.7,242,1005.3,9,29.5,30.3,231.0,12.6,37.0,1.7
2026-04-01 05:00:00,2026,4,1,5,Quảng Trị,Xã Phong Nha,17.6475454,106.2729046,85,Moderate,1,24.6,75,0.0,4.6,296,1006.5,0,28.4,29.3,280.0,10.3,52.0,1.6
2026-04-01 06:00:00,2026,4,1,6,Quảng Trị,Xã Phong Nha,17.6475454,106.2729046,86,Moderate,1,25.3,74,0.0,12.5,288,1008.2,2,26.4,29.2,350.0,7.3,73.0,1.6
2026-04-01 07:00:00,2026,4,1,7,Quảng Trị,Xã Phong Nha,17.6475454,106.2729046,87,Moderate,1,25.9,88,0.0,14.1,298,1009.6,100,34.8,38.0,391.0,6.3,74.0,1.7
2026-04-01 08:00:00,2026,4,1,8,Quảng Trị,Xã Phong Nha,17.6475454,106.2729046,88,Moderate,1,26.8,87,0.0,16.2,294,1010.9,100,32.1,37.3,376.0,5.1,90.0,1.7
2026-04-01 09:00:00,2026,4,1,9,Quảng Trị,Xã Phong Nha,17.6475454,106.2729046,89,Moderate,1,26.8,85,0.2,15.7,298,1011.8,100,29.7,35.9,332.0,3.5,112.0,1.8
2026-04-01 10:00:00,2026,4,1,10,Quảng Trị,Xã Phong Nha,17.6475454,106.2729046,89,Moderate,1,25.8,87,0.9,16.5,326,1012.2,55,29.7,35.6,295.0,2.2,129.0,1.8
2026-04-01 11:00:00,2026,4,1,11,Quảng Trị,Xã Phong Nha,17.6475454,106.2729046,90,Moderate,1,28.4,73,0.0,13.0,322,1011.6,48,31.2,37.4,275.0,1.6,135.0,1.8
2026-04-01 12:00:00,2026,4,1,12,Quảng Trị,Xã Phong Nha,17.6475454,106.2729046,91,Moderate,1,30.1,68,0.0,10.6,328,1010.2,97,31.3,37.4,261.0,1.2,136.0,1.7
2026-04-01 13:00:00,2026,4,1,13,Quảng Trị,Xã Phong Nha,17.6475454,106.2729046,92,Moderate,1,30.0,68,0.0,9.6,351,1009.0,100,31.8,37.7,256.0,1.1,136.0,1.7
2026-04-01 14:00:00,2026,4,1,14,Quảng Trị,Xã Phong Nha,17.6475454,106.2729046,93,Moderate,1,29.4,73,0.0,10.5,25,1008.2,49,31.9,38.0,265.0,1.1,138.0,1.7
2026-04-01 15:00:00,2026,4,1,15,Quảng Trị,Xã Phong Nha,17.6475454,106.2729046,94,Moderate,1,28.8,77,0.1,13.4,35,1007.5,71,32.5,39.0,283.0,1.3,139.0,1.7
2026-04-01 16:00:00,2026,4,1,16,Quảng Trị,Xã Phong Nha,17.6475454,106.2729046,95,Moderate,1,27.5,82,0.1,11.3,42,1007.3,100,31.7,38.0,300.0,1.5,139.0,1.7
2026-04-01 17:00:00,2026,4,1,17,Quảng Trị,Xã Phong Nha,17.6475454,106.2729046,95,Moderate,1,26.7,84,0.0,8.7,56,1007.2,100,31.3,37.1,313.0,1.8,137.0,1.8
2026-04-01 18:00:00,2026,4,1,18,Quảng Trị,Xã Phong Nha,17.6475454,106.2729046,98,Moderate,1,25.7,88,0.1,9.0,77,1007.5,100,31.3,37.1,324.0,2.1,134.0,1.9
2026-04-01 19:00:00,2026,4,1,19,Quảng Trị,Xã Phong Nha,17.6475454,106.2729046,99,Moderate,1,25.7,87,0.2,6.7,70,1008.6,100,36.4,43.1,331.0,2.3,129.0,1.9
2026-04-01 20:00:00,2026,4,1,20,Quảng Trị,Xã Phong Nha,17.6475454,106.2729046,98,Moderate,1,25.2,89,0.1,6.9,60,1009.4,100,35.7,42.3,330.0,2.3,127.0,1.8
2026-04-01 21:00:00,2026,4,1,21,Quảng Trị,Xã Phong Nha,17.6475454,106.2729046,96,Moderate,1,25.0,91,0.1,6.6,55,1010.2,100,33.4,39.8,323.0,2.2,124.0,1.5
2026-04-01 22:00:00,2026,4,1,22,Quảng Trị,Xã Phong Nha,17.6475454,106.2729046,94,Moderate,1,25.0,91,0.1,5.9,67,1010.7,100,31.1,37.4,318.0,2.2,121.0,1.4
2026-04-01 23:00:00,2026,4,1,23,Quảng Trị,Xã Phong Nha,17.6475454,106.2729046,93,Moderate,1,24.9,94,0.1,5.5,79,1010.7,100,29.6,35.7,317.0,2.3,119.0,1.4
2026-04-02 00:00:00,2026,4,2,0,Quảng Trị,Xã Phong Nha,17.6475454,106.2729046,92,Moderate,1,24.7,96,0.1,4.7,90,1010.1,100,28.9,34.9,316.0,2.4,116.0,1.4
2026-04-02 01:00:00,2026,4,2,1,Quảng Trị,Xã Phong Nha,17.6475454,106.2729046,92,Moderate,1,24.9,99,0.0,5.2,61,1009.6,98,29.0,35.0,314.0,2.5,114.0,1.4
2026-04-02 02:00:00,2026,4,2,2,Quảng Trị,Xã Phong Nha,17.6475454,106.2729046,91,Moderate,1,24.9,99,0.1,3.9,56,1009.2,98,29.0,34.9,303.0,2.7,112.0,1.5
2026-04-02 03:00:00,2026,4,2,3,Quảng Trị,Xã Phong Nha,17.6475454,106.2729046,91,Moderate,1,24.7,99,0.1,3.6,53,1008.9,93,29.7,35.6,291.0,2.9,109.0,1.5
2026-04-02 04:00:00,2026,4,2,4,Quảng Trị,Xã Phong Nha,17.6475454,106.2729046,91,Moderate,1,24.4,99,0.0,1.0,59,1009.1,100,30.6,36.3,292.0,3.0,108.0,1.6
2026-04-02 05:00:00,2026,4,2,5,Quảng Trị,Xã Phong Nha,17.6475454,106.2729046,91,Moderate,1,24.1,100,0.0,1.7,103,1009.3,100,31.5,37.1,324.0,3.1,107.0,1.6
2026-04-02 06:00:00,2026,4,2,6,Quảng Trị,Xã Phong Nha,17.6475454,106.2729046,91,Moderate,1,24.3,100,0.0,1.2,117,1009.9,100,32.4,37.4,370.0,3.2,108.0,1.5
2026-04-02 07:00:00,2026,4,2,7,Quảng Trị,Xã Phong Nha,17.6475454,106.2729046,92,Moderate,1,24.9,96,0.1,0.9,281,1010.3,100,35.0,41.8,395.0,2.8,113.0,1.7
2026-04-02 08:00:00,2026,4,2,8,Quảng Trị,Xã Phong Nha,17.6475454,106.2729046,92,Moderate,1,25.9,88,0.0,5.0,145,1010.9,92,32.0,38.4,379.0,2.4,120.0,1.9
2026-04-02 09:00:00,2026,4,2,9,Quảng Trị,Xã Phong Nha,17.6475454,106.2729046,92,Moderate,1,28.1,78,0.0,6.6,123,1010.8,45,29.7,35.7,343.0,1.8,129.0,2.2
2026-04-02 10:00:00,2026,4,2,10,Quảng Trị,Xã Phong Nha,17.6475454,106.2729046,92,Moderate,1,30.0,71,0.0,7.8,98,1010.5,2,28.6,34.3,316.0,1.3,137.0,2.3
2026-04-02 11:00:00,2026,4,2,11,Quảng Trị,Xã Phong Nha,17.6475454,106.2729046,91,Moderate,1,31.1,68,0.0,10.6,93,1009.5,4,28.3,34.0,314.0,1.0,140.0,2.1
2026-04-02 12:00:00,2026,4,2,12,Quảng Trị,Xã Phong Nha,17.6475454,106.2729046,91,Moderate,1,31.5,71,0.0,14.0,78,1008.3,18,28.3,34.0,322.0,0.8,141.0,1.8
2026-04-02 13:00:00,2026,4,2,13,Quảng Trị,Xã Phong Nha,17.6475454,106.2729046,91,Moderate,1,31.2,72,0.0,14.9,69,1007.1,20,28.1,33.6,325.0,0.8,144.0,1.6
2026-04-02 14:00:00,2026,4,2,14,Quảng Trị,Xã Phong Nha,17.6475454,106.2729046,91,Moderate,1,29.5,78,0.1,13.1,53,1006.6,54,29.2,34.8,311.0,0.9,155.0,1.5
2026-04-02 15:00:00,2026,4,2,15,Quảng Trị,Xã Phong Nha,17.6475454,106.2729046,96,Moderate,1,29.2,80,0.1,10.7,70,1005.6,12,30.9,36.4,293.0,1.1,168.0,1.4
2026-04-02 16:00:00,2026,4,2,16,Quảng Trị,Xã Phong Nha,17.6475454,106.2729046,108,Unhealthy for Sensitive Groups,2,28.8,81,0.0,10.5,83,1004.9,2,32.1,37.7,294.0,1.8,174.0,1.5
2026-04-02 17:00:00,2026,4,2,17,Quảng Trị,Xã Phong Nha,17.6475454,106.2729046,119,Unhealthy for Sensitive Groups,2,27.9,84,0.0,8.6,80,1004.9,6,33.2,38.3,328.0,3.2,167.0,1.8
2026-04-02 18:00:00,2026,4,2,18,Quảng Trị,Xã Phong Nha,17.6475454,106.2729046,127,Unhealthy for Sensitive Groups,2,26.5,89,0.0,6.8,92,1005.4,9,33.5,38.3,381.0,5.1,153.0,2.3
2026-04-02 19:00:00,2026,4,2,19,Quảng Trị,Xã Phong Nha,17.6475454,106.2729046,131,Unhealthy for Sensitive Groups,2,25.7,93,0.0,0.8,27,1005.9,6,41.1,46.7,437.0,5.5,157.0,2.4
2026-04-02 20:00:00,2026,4,2,20,Quảng Trị,Xã Phong Nha,17.6475454,106.2729046,134,Unhealthy for Sensitive Groups,2,25.6,93,0.0,1.5,45,1006.8,5,42.7,48.5,508.0,5.7,145.0,2.6
2026-04-02 21:00:00,2026,4,2,21,Quảng Trị,Xã Phong Nha,17.6475454,106.2729046,135,Unhealthy for Sensitive Groups,2,25.3,94,0.0,0.6,108,1007.3,1,42.6,47.8,582.0,6.1,128.0,2.9
2026-04-02 22:00:00,2026,4,2,22,Quảng Trị,Xã Phong Nha,17.6475454,106.2729046,132,Unhealthy for Sensitive Groups,2,24.7,96,0.0,0.9,101,1007.4,2,41.2,45.5,610.0,6.2,113.0,3.0
2026-04-02 23:00:00,2026,4,2,23,Quảng Trị,Xã Phong Nha,17.6475454,106.2729046,123,Unhealthy for Sensitive Groups,2,24.3,98,0.0,0.3,225,1007.1,1,40.3,43.9,551.0,5.9,102.0,2.9
2026-04-03 00:00:00,2026,4,3,0,Quảng Trị,Xã Phong Nha,17.6475454,106.2729046,109,Unhealthy for Sensitive Groups,2,23.9,99,0.0,0.2,270,1006.6,4,40.0,42.6,444.0,5.4,93.0,2.7
2026-04-03 01:00:00,2026,4,3,1,Quảng Trị,Xã Phong Nha,17.6475454,106.2729046,95,Moderate,1,23.5,100,0.0,1.0,248,1006.4,93,39.8,41.9,362.0,5.1,85.0,2.6
2026-04-03 02:00:00,2026,4,3,2,Quảng Trị,Xã Phong Nha,17.6475454,106.2729046,96,Moderate,1,23.5,96,0.0,0.8,243,1006.1,70,39.8,41.7,331.0,5.1,79.0,2.6
2026-04-03 03:00:00,2026,4,3,3,Quảng Trị,Xã Phong Nha,17.6475454,106.2729046,97,Moderate,1,23.4,91,0.0,1.5,240,1005.6,45,40.0,41.8,325.0,5.2,75.0,2.6
2026-04-03 04:00:00,2026,4,3,4,Quảng Trị,Xã Phong Nha,17.6475454,106.2729046,98,Moderate,1,24.0,84,0.0,0.9,233,1005.5,2,40.2,42.0,329.0,5.3,72.0,2.6
2026-04-03 05:00:00,2026,4,3,5,Quảng Trị,Xã Phong Nha,17.6475454,106.2729046,99,Moderate,1,24.3,81,0.0,0.7,284,1005.8,18,40.3,42.1,349.0,5.3,67.0,2.6
2026-04-03 06:00:00,2026,4,3,6,Quảng Trị,Xã Phong Nha,17.6475454,106.2729046,100,Moderate,1,24.4,80,0.0,2.2,284,1006.5,28,41.1,42.7,379.0,5.2,64.0,2.6
2026-04-03 07:00:00,2026,4,3,7,Quảng Trị,Xã Phong Nha,17.6475454,106.2729046,101,Unhealthy for Sensitive Groups,2,27.7,67,0.0,3.1,211,1006.8,0,47.7,48.7,393.0,5.2,66.0,2.9
2026-04-03 08:00:00,2026,4,3,8,Quảng Trị,Xã Phong Nha,17.6475454,106.2729046,102,Unhealthy for Sensitive Groups,2,29.9,71,0.0,3.9,66,1007.1,8,49.7,50.9,374.0,4.3,89.0,3.2
2026-04-03 09:00:00,2026,4,3,9,Quảng Trị,Xã Phong Nha,17.6475454,106.2729046,104,Unhealthy for Sensitive Groups,2,32.1,66,0.0,1.3,106,1007.1,9,49.7,51.3,338.0,3.0,120.0,3.6
2026-04-03 10:00:00,2026,4,3,10,Quảng Trị,Xã Phong Nha,17.6475454,106.2729046,106,Unhealthy for Sensitive Groups,2,34.8,47,0.0,9.8,212,1006.9,1,46.0,47.7,310.0,2.1,146.0,3.9
2026-04-03 11:00:00,2026,4,3,11,Quảng Trị,Xã Phong Nha,17.6475454,106.2729046,108,Unhealthy for Sensitive Groups,2,35.8,46,0.0,12.2,232,1006.0,3,41.9,43.9,299.0,1.7,160.0,3.8
2026-04-03 12:00:00,2026,4,3,12,Quảng Trị,Xã Phong Nha,17.6475454,106.2729046,109,Unhealthy for Sensitive Groups,2,36.5,44,0.0,14.0,237,1004.7,46,38.6,40.9,296.0,1.7,169.0,3.6
2026-04-03 13:00:00,2026,4,3,13,Quảng Trị,Xã Phong Nha,17.6475454,106.2729046,110,Unhealthy for Sensitive Groups,2,36.5,42,0.0,16.3,237,1003.2,34,36.8,39.5,293.0,1.7,175.0,3.3
2026-04-03 14:00:00,2026,4,3,14,Quảng Trị,Xã Phong Nha,17.6475454,106.2729046,111,Unhealthy for Sensitive Groups,2,36.5,42,0.0,14.5,247,1002.4,52,36.3,40.2,283.0,1.7,182.0,3.0
2026-04-03 15:00:00,2026,4,3,15,Quảng Trị,Xã Phong Nha,17.6475454,106.2729046,112,Unhealthy for Sensitive Groups,2,36.5,43,0.0,12.7,249,1001.5,13,34.9,39.0,274.0,1.8,186.0,2.7
2026-04-03 16:00:00,2026,4,3,16,Quảng Trị,Xã Phong Nha,17.6475454,106.2729046,128,Unhealthy for Sensitive Groups,2,35.5,45,0.0,13.1,245,1001.4,0,33.5,37.7,282.0,2.1,184.0,2.5
2026-04-03 17:00:00,2026,4,3,17,Quảng Trị,Xã Phong Nha,17.6475454,106.2729046,148,Unhealthy for Sensitive Groups,2,33.7,53,0.0,7.9,231,1001.5,47,32.0,36.1,328.0,2.7,173.0,2.4
2026-04-03 18:00:00,2026,4,3,18,Quảng Trị,Xã Phong Nha,17.6475454,106.2729046,157,Unhealthy,3,31.8,60,0.0,3.9,204,1001.9,73,30.7,34.3,391.0,3.5,155.0,2.4
2026-04-03 19:00:00,2026,4,3,19,Quảng Trị,Xã Phong Nha,17.6475454,106.2729046,158,Unhealthy,3,29.8,66,0.0,5.1,207,1002.5,84,38.3,41.1,425.0,4.5,130.0,2.8
2026-04-03 20:00:00,2026,4,3,20,Quảng Trị,Xã Phong Nha,17.6475454,106.2729046,153,Unhealthy,3,28.2,68,0.0,5.3,208,1003.0,79,38.6,41.3,400.0,5.1,116.0,3.0
2026-04-03 21:00:00,2026,4,3,21,Quảng Trị,Xã Phong Nha,17.6475454,106.2729046,143,Unhealthy for Sensitive Groups,2,27.2,70,0.0,5.8,210,1003.7,82,39.7,41.7,345.0,5.9,96.0,3.2
2026-04-03 22:00:00,2026,4,3,22,Quảng Trị,Xã Phong Nha,17.6475454,106.2729046,126,Unhealthy for Sensitive Groups,2,27.0,69,0.0,5.7,215,1004.1,81,41.7,43.3,301.0,6.3,83.0,3.3
2026-04-03 23:00:00,2026,4,3,23,Quảng Trị,Xã Phong Nha,17.6475454,106.2729046,111,Unhealthy for Sensitive Groups,2,27.5,66,0.0,6.0,201,1003.9,34,41.9,43.3,284.0,5.8,81.0,3.1
2026-04-04 00:00:00,2026,4,4,0,Quảng Trị,Xã Phong Nha,17.6475454,106.2729046,111,Unhealthy for Sensitive Groups,2,28.1,64,0.0,3.1,193,1003.2,51,40.6,41.9,278.0,4.9,84.0,2.8
2026-04-04 01:00:00,2026,4,4,1,Quảng Trị,Xã Phong Nha,17.6475454,106.2729046,111,Unhealthy for Sensitive Groups,2,28.0,68,0.0,5.1,216,1002.5,29,38.0,39.1,274.0,4.0,90.0,2.6
2026-04-04 02:00:00,2026,4,4,2,Quảng Trị,Xã Phong Nha,17.6475454,106.2729046,111,Unhealthy for Sensitive Groups,2,28.7,65,0.0,8.5,226,1001.9,1,34.6,35.5,265.0,3.2,98.0,2.5
2026-04-04 03:00:00,2026,4,4,3,Quảng Trị,Xã Phong Nha,17.6475454,106.2729046,110,Unhealthy for Sensitive Groups,2,28.9,65,0.0,9.5,224,1001.4,67,31.9,32.9,257.0,2.5,107.0,2.4
2026-04-04 04:00:00,2026,4,4,4,Quảng Trị,Xã Phong Nha,17.6475454,106.2729046,110,Unhealthy for Sensitive Groups,2,29.2,64,0.0,11.7,223,1001.6,94,30.5,31.5,260.0,2.0,114.0,2.4
2026-04-04 05:00:00,2026,4,4,5,Quảng Trị,Xã Phong Nha,17.6475454,106.2729046,109,Unhealthy for Sensitive Groups,2,29.4,62,0.0,12.6,218,1001.9,93,29.8,31.0,286.0,1.9,114.0,2.4
2026-04-04 06:00:00,2026,4,4,6,Quảng Trị,Xã Phong Nha,17.6475454,106.2729046,108,Unhealthy for Sensitive Groups,2,29.2,63,0.0,14.9,232,1002.9,76,29.5,30.7,322.0,2.0,111.0,2.3
2026-04-04 07:00:00,2026,4,4,7,Quảng Trị,Xã Phong Nha,17.6475454,106.2729046,106,Unhealthy for Sensitive Groups,2,29.7,66,0.0,19.4,222,1003.3,96,48.3,49.6,344.0,2.0,115.0,2.4
2026-04-04 08:00:00,2026,4,4,8,Quảng Trị,Xã Phong Nha,17.6475454,106.2729046,106,Unhealthy for Sensitive Groups,2,31.4,61,0.0,18.3,217,1003.9,83,45.8,47.7,336.0,1.8,117.0,2.5
2026-04-04 09:00:00,2026,4,4,9,Quảng Trị,Xã Phong Nha,17.6475454,106.2729046,106,Unhealthy for Sensitive Groups,2,33.1,56,0.0,22.3,224,1004.7,88,44.2,46.4,313.0,1.4,120.0,2.6
2026-04-04 10:00:00,2026,4,4,10,Quảng Trị,Xã Phong Nha,17.6475454,106.2729046,105,Unhealthy for Sensitive Groups,2,34.2,52,0.0,26.1,233,1004.5,91,42.1,44.2,298.0,1.2,126.0,2.6
2026-04-04 11:00:00,2026,4,4,11,Quảng Trị,Xã Phong Nha,17.6475454,106.2729046,105,Unhealthy for Sensitive Groups,2,34.7,50,0.0,23.7,239,1004.3,98,40.5,42.7,300.0,1.2,136.0,2.5
2026-04-04 12:00:00,2026,4,4,12,Quảng Trị,Xã Phong Nha,17.6475454,106.2729046,105,Unhealthy for Sensitive Groups,2,35.4,49,0.0,18.3,265,1003.8,49,40.9,43.8,309.0,1.4,149.0,2.4
2026-04-04 13:00:00,2026,4,4,13,Quảng Trị,Xã Phong Nha,17.6475454,106.2729046,105,Unhealthy for Sensitive Groups,2,34.8,51,0.2,16.2,293,1003.2,34,41.1,44.9,316.0,1.5,158.0,2.3
2026-04-04 14:00:00,2026,4,4,14,Quảng Trị,Xã Phong Nha,17.6475454,106.2729046,106,Unhealthy for Sensitive Groups,2,35.7,48,0.0,12.5,263,1002.1,38,40.3,44.9,307.0,1.5,162.0,2.1
2026-04-04 15:00:00,2026,4,4,15,Quảng Trị,Xã Phong Nha,17.6475454,106.2729046,106,Unhealthy for Sensitive Groups,2,34.7,52,0.1,13.0,270,1001.6,36,39.6,45.1,296.0,1.4,163.0,1.8
2026-04-04 16:00:00,2026,4,4,16,Quảng Trị,Xã Phong Nha,17.6475454,106.2729046,107,Unhealthy for Sensitive Groups,2,35.0,52,0.0,8.5,282,1001.3,28,38.2,44.1,314.0,1.6,159.0,1.7
2026-04-04 17:00:00,2026,4,4,17,Quảng Trị,Xã Phong Nha,17.6475454,106.2729046,116,Unhealthy for Sensitive Groups,2,32.9,65,0.0,6.5,341,1001.6,27,38.0,44.6,389.0,2.3,147.0,1.8
2026-04-04 18:00:00,2026,4,4,18,Quảng Trị,Xã Phong Nha,17.6475454,106.2729046,122,Unhealthy for Sensitive Groups,2,29.9,81,0.0,5.9,35,1002.3,10,38.1,44.6,493.0,3.2,129.0,1.9
2026-04-04 19:00:00,2026,4,4,19,Quảng Trị,Xã Phong Nha,17.6475454,106.2729046,122,Unhealthy for Sensitive Groups,2,29.0,87,0.0,4.4,81,1002.9,9,45.2,52.7,579.0,5.1,115.0,2.3
2026-04-04 20:00:00,2026,4,4,20,Quảng Trị,Xã Phong Nha,17.6475454,106.2729046,118,Unhealthy for Sensitive Groups,2,27.9,89,0.0,5.2,78,1003.9,6,45.8,53.2,639.0,5.6,110.0,2.6
2026-04-04 21:00:00,2026,4,4,21,Quảng Trị,Xã Phong Nha,17.6475454,106.2729046,110,Unhealthy for Sensitive Groups,2,26.7,94,0.0,3.9,127,1004.4,2,46.7,54.2,680.0,6.2,102.0,2.9
2026-04-04 22:00:00,2026,4,4,22,Quảng Trị,Xã Phong Nha,17.6475454,106.2729046,111,Unhealthy for Sensitive Groups,2,25.8,99,0.0,2.7,110,1004.6,1,48.5,56.1,675.0,6.6,95.0,3.0
2026-04-04 23:00:00,2026,4,4,23,Quảng Trị,Xã Phong Nha,17.6475454,106.2729046,111,Unhealthy for Sensitive Groups,2,25.4,100,0.0,3.1,111,1004.8,98,50.6,58.3,592.0,6.4,89.0,2.7
2026-04-05 00:00:00,2026,4,5,0,Quảng Trị,Xã Phong Nha,17.6475454,106.2729046,112,Unhealthy for Sensitive Groups,2,25.1,100,0.0,1.4,140,1004.0,98,51.0,57.7,462.0,6.0,84.0,2.1
2026-04-05 01:00:00,2026,4,5,1,Quảng Trị,Xã Phong Nha,17.6475454,106.2729046,113,Unhealthy for Sensitive Groups,2,25.3,100,0.0,0.6,162,1003.7,99,51.5,56.6,360.0,5.7,78.0,1.6
2026-04-05 02:00:00,2026,4,5,2,Quảng Trị,Xã Phong Nha,17.6475454,106.2729046,115,Unhealthy for Sensitive Groups,2,25.5,99,0.0,1.8,156,1003.0,93,50.2,54.2,311.0,5.8,71.0,1.2
2026-04-05 03:00:00,2026,4,5,3,Quảng Trị,Xã Phong Nha,17.6475454,106.2729046,116,Unhealthy for Sensitive Groups,2,25.4,96,0.0,2.4,138,1002.3,84,48.1,51.3,289.0,6.0,64.0,0.9
2026-04-05 04:00:00,2026,4,5,4,Quảng Trị,Xã Phong Nha,17.6475454,106.2729046,118,Unhealthy for Sensitive Groups,2,25.6,94,0.0,1.4,140,1002.6,96,45.6,48.3,286.0,6.1,59.0,0.8
2026-04-05 05:00:00,2026,4,5,5,Quảng Trị,Xã Phong Nha,17.6475454,106.2729046,120,Unhealthy for Sensitive Groups,2,25.4,92,0.0,1.7,167,1003.1,99,42.7,44.6,313.0,6.2,56.0,0.9
2026-04-05 06:00:00,2026,4,5,6,Quảng Trị,Xã Phong Nha,17.6475454,106.2729046,121,Unhealthy for Sensitive Groups,2,25.3,88,0.0,4.2,190,1003.5,89,39.1,40.4,358.0,6.2,55.0,1.1
2026-04-05 07:00:00,2026,4,5,7,Quảng Trị,Xã Phong Nha,17.6475454,106.2729046,122,Unhealthy for Sensitive Groups,2,27.8,78,0.0,6.1,194,1004.2,37,42.6,43.2,386.0,6.3,58.0,1.4
2026-04-05 08:00:00,2026,4,5,8,Quảng Trị,Xã Phong Nha,17.6475454,106.2729046,121,Unhealthy for Sensitive Groups,2,31.0,69,0.0,3.1,87,1004.5,21,41.0,41.9,373.0,5.0,78.0,1.6
2026-04-05 09:00:00,2026,4,5,9,Quảng Trị,Xã Phong Nha,17.6475454,106.2729046,121,Unhealthy for Sensitive Groups,2,33.3,59,0.0,8.3,207,1004.8,28,37.0,38.4,343.0,3.1,106.0,1.8
2026-04-05 10:00:00,2026,4,5,10,Quảng Trị,Xã Phong Nha,17.6475454,106.2729046,120,Unhealthy for Sensitive Groups,2,35.3,49,0.0,15.8,224,1004.2,1,32.9,34.5,322.0,1.7,127.0,1.9
2026-04-05 11:00:00,2026,4,5,11,Quảng Trị,Xã Phong Nha,17.6475454,106.2729046,119,Unhealthy for Sensitive Groups,2,36.4,45,0.0,18.9,230,1003.6,1,30.5,32.0,325.0,1.2,134.0,1.9
2026-04-05 12:00:00,2026,4,5,12,Quảng Trị,Xã Phong Nha,17.6475454,106.2729046,118,Unhealthy for Sensitive Groups,2,36.8,44,0.0,19.3,231,1002.5,13,30.4,32.1,337.0,1.2,134.0,1.8
2026-04-05 13:00:00,2026,4,5,13,Quảng Trị,Xã Phong Nha,17.6475454,106.2729046,117,Unhealthy for Sensitive Groups,2,37.6,40,0.0,17.2,233,1001.7,23,31.7,34.0,349.0,1.3,136.0,1.8
2026-04-05 14:00:00,2026,4,5,14,Quảng Trị,Xã Phong Nha,17.6475454,106.2729046,116,Unhealthy for Sensitive Groups,2,37.6,40,0.0,15.1,232,1000.6,13,33.4,36.1,356.0,1.5,144.0,1.9
2026-04-05 15:00:00,2026,4,5,15,Quảng Trị,Xã Phong Nha,17.6475454,106.2729046,115,Unhealthy for Sensitive Groups,2,37.2,41,0.0,14.0,233,1000.3,5,35.3,38.3,361.0,1.8,152.0,2.1
2026-04-05 16:00:00,2026,4,5,16,Quảng Trị,Xã Phong Nha,17.6475454,106.2729046,115,Unhealthy for Sensitive Groups,2,36.4,45,0.0,9.0,227,999.8,9,37.4,40.5,368.0,2.4,155.0,2.3
2026-04-05 17:00:00,2026,4,5,17,Quảng Trị,Xã Phong Nha,17.6475454,106.2729046,115,Unhealthy for Sensitive Groups,2,34.8,50,0.0,7.8,228,1000.1,4,38.4,41.7,380.0,3.3,146.0,2.5
2026-04-05 18:00:00,2026,4,5,18,Quảng Trị,Xã Phong Nha,17.6475454,106.2729046,115,Unhealthy for Sensitive Groups,2,32.3,53,0.0,7.4,223,1000.6,4,38.6,41.8,393.0,4.5,132.0,2.7
2026-04-05 19:00:00,2026,4,5,19,Quảng Trị,Xã Phong Nha,17.6475454,106.2729046,115,Unhealthy for Sensitive Groups,2,30.9,61,0.0,5.2,200,1001.3,2,46.0,48.8,397.0,6.3,111.0,3.2
2026-04-05 20:00:00,2026,4,5,20,Quảng Trị,Xã Phong Nha,17.6475454,106.2729046,115,Unhealthy for Sensitive Groups,2,29.6,63,0.0,5.0,210,1001.8,0,43.8,46.1,384.0,6.5,102.0,3.2
2026-04-05 21:00:00,2026,4,5,21,Quảng Trị,Xã Phong Nha,17.6475454,106.2729046,115,Unhealthy for Sensitive Groups,2,28.7,67,0.0,4.4,215,1002.7,0,41.1,43.1,361.0,6.7,89.0,3.3
2026-04-05 22:00:00,2026,4,5,22,Quảng Trị,Xã Phong Nha,17.6475454,106.2729046,114,Unhealthy for Sensitive Groups,2,28.0,69,0.0,4.1,218,1003.4,0,38.4,40.0,341.0,6.8,79.0,3.2
2026-04-05 23:00:00,2026,4,5,23,Quảng Trị,Xã Phong Nha,17.6475454,106.2729046,113,Unhealthy for Sensitive Groups,2,27.4,69,0.0,4.6,206,1003.3,0,35.9,37.3,329.0,6.6,73.0,2.9
2026-04-06 00:00:00,2026,4,6,0,Quảng Trị,Xã Phong Nha,17.6475454,106.2729046,112,Unhealthy for Sensitive Groups,2,27.3,68,0.0,4.7,212,1003.0,0,33.2,34.3,320.0,6.1,70.0,2.5
2026-04-06 01:00:00,2026,4,6,1,Quảng Trị,Xã Phong Nha,17.6475454,106.2729046,110,Unhealthy for Sensitive Groups,2,26.5,74,0.0,4.6,222,1002.8,0,30.6,31.7,314.0,5.5,70.0,2.2
2026-04-06 02:00:00,2026,4,6,2,Quảng Trị,Xã Phong Nha,17.6475454,106.2729046,107,Unhealthy for Sensitive Groups,2,26.6,73,0.0,4.8,202,1002.5,0,28.2,29.2,307.0,4.6,74.0,1.9
2026-04-06 03:00:00,2026,4,6,3,Quảng Trị,Xã Phong Nha,17.6475454,106.2729046,105,Unhealthy for Sensitive Groups,2,26.4,75,0.0,3.5,189,1002.2,0,26.1,27.2,303.0,3.6,82.0,1.7
2026-04-06 04:00:00,2026,4,6,4,Quảng Trị,Xã Phong Nha,17.6475454,106.2729046,103,Unhealthy for Sensitive Groups,2,26.6,73,0.0,1.1,180,1002.5,0,24.5,25.6,308.0,2.8,87.0,1.6
2026-04-06 05:00:00,2026,4,6,5,Quảng Trị,Xã Phong Nha,17.6475454,106.2729046,101,Unhealthy for Sensitive Groups,2,26.8,73,0.0,0.9,79,1003.1,0,23.0,24.1,335.0,2.5,87.0,1.6
2026-04-06 06:00:00,2026,4,6,6,Quảng Trị,Xã Phong Nha,17.6475454,106.2729046,99,Moderate,1,27.4,72,0.0,2.5,210,1003.5,0,21.4,22.4,372.0,2.5,85.0,1.7
2026-04-06 07:00:00,2026,4,6,7,Quảng Trị,Xã Phong Nha,17.6475454,106.2729046,97,Moderate,1,29.9,67,0.0,7.2,202,1003.8,0,37.0,38.5,389.0,2.2,88.0,1.7
2026-04-06 08:00:00,2026,4,6,8,Quảng Trị,Xã Phong Nha,17.6475454,106.2729046,97,Moderate,1,32.4,57,0.0,11.7,226,1004.4,0,35.6,36.9,367.0,2.0,95.0,1.8
2026-04-06 09:00:00,2026,4,6,9,Quảng Trị,Xã Phong Nha,17.6475454,106.2729046,96,Moderate,1,34.3,52,0.0,15.4,228,1005.1,0,35.5,36.7,325.0,1.7,105.0,1.9
2026-04-06 10:00:00,2026,4,6,10,Quảng Trị,Xã Phong Nha,17.6475454,106.2729046,96,Moderate,1,35.5,47,0.0,24.0,233,1004.8,0,34.0,35.3,294.0,1.5,115.0,2.0
2026-04-06 11:00:00,2026,4,6,11,Quảng Trị,Xã Phong Nha,17.6475454,106.2729046,96,Moderate,1,36.5,43,0.0,25.8,233,1004.3,1,31.3,32.5,287.0,1.4,123.0,1.9
2026-04-06 12:00:00,2026,4,6,12,Quảng Trị,Xã Phong Nha,17.6475454,106.2729046,96,Moderate,1,37.1,40,0.0,25.7,232,1003.6,3,30.2,31.8,291.0,1.3,130.0,1.6
2026-04-06 13:00:00,2026,4,6,13,Quảng Trị,Xã Phong Nha,17.6475454,106.2729046,96,Moderate,1,37.5,37,0.0,23.3,233,1002.8,5,30.9,32.9,298.0,1.4,136.0,1.5
2026-04-06 14:00:00,2026,4,6,14,Quảng Trị,Xã Phong Nha,17.6475454,106.2729046,96,Moderate,1,38.0,35,0.0,19.4,236,1002.1,13,31.9,34.6,303.0,1.5,143.0,1.5
2026-04-06 15:00:00,2026,4,6,15,Quảng Trị,Xã Phong Nha,17.6475454,106.2729046,96,Moderate,1,37.5,37,0.0,15.9,245,1001.5,3,32.6,35.7,311.0,1.8,150.0,1.6
2026-04-06 16:00:00,2026,4,6,16,Quảng Trị,Xã Phong Nha,17.6475454,106.2729046,96,Moderate,1,36.5,39,0.0,13.0,250,1001.5,1,33.1,36.4,328.0,2.3,150.0,1.8
2026-04-06 17:00:00,2026,4,6,17,Quảng Trị,Xã Phong Nha,17.6475454,106.2729046,96,Moderate,1,34.4,48,0.0,6.9,250,1001.5,0,33.8,37.0,367.0,3.2,140.0,2.1
2026-04-06 18:00:00,2026,4,6,18,Quảng Trị,Xã Phong Nha,17.6475454,106.2729046,98,Moderate,1,31.9,54,0.0,3.7,235,1001.8,1,34.5,37.6,415.0,4.4,124.0,2.5
2026-04-06 19:00:00,2026,4,6,19,Quảng Trị,Xã Phong Nha,17.6475454,106.2729046,100,Moderate,1,29.3,62,0.0,4.5,209,1002.2,2,31.1,35.5,436.0,5.6,106.0,2.8
2026-04-06 20:00:00,2026,4,6,20,Quảng Trị,Xã Phong Nha,17.6475454,106.2729046,96,Moderate,1,27.4,65,0.0,6.6,202,1002.8,1,33.3,37.4,404.0,6.9,92.0,3.1
2026-04-06 21:00:00,2026,4,6,21,Quảng Trị,Xã Phong Nha,17.6475454,106.2729046,92,Moderate,1,26.3,67,0.0,5.4,206,1003.5,1,33.2,36.3,344.0,8.6,73.0,3.4
2026-04-06 22:00:00,2026,4,6,22,Quảng Trị,Xã Phong Nha,17.6475454,106.2729046,92,Moderate,1,25.7,68,0.0,3.5,215,1003.9,1,31.5,33.5,297.0,9.7,58.0,3.5
2026-04-06 23:00:00,2026,4,6,23,Quảng Trị,Xã Phong Nha,17.6475454,106.2729046,91,Moderate,1,25.8,68,0.0,1.4,220,1004.0,1,29.6,31.1,281.0,9.8,49.0,3.2
2026-04-07 00:00:00,2026,4,7,0,Quảng Trị,Xã Phong Nha,17.6475454,106.2729046,91,Moderate,1,25.7,66,0.0,1.5,216,1003.9,0,26.9,28.2,279.0,9.2,44.0,2.6
2026-04-07 01:00:00,2026,4,7,1,Quảng Trị,Xã Phong Nha,17.6475454,106.2729046,90,Moderate,1,25.4,68,0.0,3.8,191,1003.4,0,24.5,25.4,276.0,8.3,44.0,2.1
2026-04-07 02:00:00,2026,4,7,2,Quảng Trị,Xã Phong Nha,17.6475454,106.2729046,90,Moderate,1,26.0,66,0.0,5.5,193,1002.7,0,22.8,23.4,266.0,6.7,51.0,1.9
2026-04-07 03:00:00,2026,4,7,3,Quảng Trị,Xã Phong Nha,17.6475454,106.2729046,89,Moderate,1,27.2,62,0.0,5.7,226,1002.2,0,21.9,22.5,255.0,4.8,63.0,1.8
2026-04-07 04:00:00,2026,4,7,4,Quảng Trị,Xã Phong Nha,17.6475454,106.2729046,89,Moderate,1,27.8,59,0.0,6.0,249,1002.5,0,22.4,22.9,256.0,3.3,73.0,1.7
2026-04-07 05:00:00,2026,4,7,5,Quảng Trị,Xã Phong Nha,17.6475454,106.2729046,88,Moderate,1,28.0,58,0.0,8.1,227,1003.3,0,23.2,23.6,281.0,2.7,77.0,1.7
2026-04-07 06:00:00,2026,4,7,6,Quảng Trị,Xã Phong Nha,17.6475454,106.2729046,88,Moderate,1,29.5,58,0.0,15.3,222,1003.7,0,23.2,23.7,317.0,2.6,80.0,1.8
2026-04-07 07:00:00,2026,4,7,7,Quảng Trị,Xã Phong Nha,17.6475454,106.2729046,89,Moderate,1,30.8,55,0.0,25.4,222,1004.5,0,34.0,34.6,337.0,2.7,84.0,1.9
2026-04-07 08:00:00,2026,4,7,8,Quảng Trị,Xã Phong Nha,17.6475454,106.2729046,88,Moderate,1,32.2,53,0.0,27.9,225,1005.4,0,33.3,33.9,325.0,2.4,94.0,2.0
2026-04-07 09:00:00,2026,4,7,9,Quảng Trị,Xã Phong Nha,17.6475454,106.2729046,88,Moderate,1,33.7,51,0.0,25.8,225,1005.6,0,34.5,35.4,297.0,2.0,108.0,2.2
2026-04-07 10:00:00,2026,4,7,10,Quảng Trị,Xã Phong Nha,17.6475454,106.2729046,88,Moderate,1,35.1,45,0.0,27.7,231,1005.7,0,33.9,35.5,276.0,1.7,120.0,2.3
2026-04-07 11:00:00,2026,4,7,11,Quảng Trị,Xã Phong Nha,17.6475454,106.2729046,88,Moderate,1,36.2,40,0.0,26.9,234,1005.3,0,30.3,32.0,269.0,1.5,126.0,2.1
2026-04-07 12:00:00,2026,4,7,12,Quảng Trị,Xã Phong Nha,17.6475454,106.2729046,88,Moderate,1,37.1,38,0.0,24.4,236,1004.7,0,27.6,29.4,269.0,1.3,130.0,1.8
2026-04-07 13:00:00,2026,4,7,13,Quảng Trị,Xã Phong Nha,17.6475454,106.2729046,88,Moderate,1,37.5,36,0.0,21.4,239,1003.8,10,27.7,29.9,273.0,1.3,133.0,1.6
2026-04-07 14:00:00,2026,4,7,14,Quảng Trị,Xã Phong Nha,17.6475454,106.2729046,87,Moderate,1,38.2,33,0.0,16.0,243,1002.8,62,28.5,31.2,277.0,1.3,138.0,1.6
2026-04-07 15:00:00,2026,4,7,15,Quảng Trị,Xã Phong Nha,17.6475454,106.2729046,87,Moderate,1,37.9,34,0.0,12.0,252,1002.2,48,29.2,32.1,286.0,1.4,143.0,1.7
2026-04-07 16:00:00,2026,4,7,16,Quảng Trị,Xã Phong Nha,17.6475454,106.2729046,87,Moderate,1,36.6,40,0.0,10.4,261,1002.0,12,29.1,32.1,313.0,2.0,141.0,1.9
2026-04-07 17:00:00,2026,4,7,17,Quảng Trị,Xã Phong Nha,17.6475454,106.2729046,88,Moderate,1,34.6,46,0.0,9.0,268,1002.5,5,29.0,31.8,381.0,3.4,129.0,2.3
2026-04-07 18:00:00,2026,4,7,18,Quảng Trị,Xã Phong Nha,17.6475454,106.2729046,92,Moderate,1,31.5,53,0.0,6.9,263,1002.9,1,29.3,31.8,468.0,5.4,110.0,2.8
2026-04-07 19:00:00,2026,4,7,19,Quảng Trị,Xã Phong Nha,17.6475454,106.2729046,90,Moderate,1,29.0,59,0.0,6.4,230,1003.1,2,36.6,40.0,515.0,7.5,89.0,3.2
2026-04-07 20:00:00,2026,4,7,20,Quảng Trị,Xã Phong Nha,17.6475454,106.2729046,86,Moderate,1,27.5,62,0.0,10.2,229,1003.6,2,38.2,41.6,490.0,9.3,75.0,3.6
2026-04-07 21:00:00,2026,4,7,21,Quảng Trị,Xã Phong Nha,17.6475454,106.2729046,87,Moderate,1,27.2,58,0.0,9.7,219,1004.1,1,39.1,42.0,427.0,11.8,56.0,4.1
2026-04-07 22:00:00,2026,4,7,22,Quảng Trị,Xã Phong Nha,17.6475454,106.2729046,87,Moderate,1,27.3,55,0.0,10.8,222,1004.7,0,39.1,41.7,368.0,13.4,42.0,4.2
2026-04-07 23:00:00,2026,4,7,23,Quảng Trị,Xã Phong Nha,17.6475454,106.2729046,88,Moderate,1,27.1,54,0.0,11.3,219,1005.0,0,37.7,39.9,326.0,13.5,36.0,3.7
2026-04-08 00:00:00,2026,4,8,0,Quảng Trị,Xã Phong Nha,17.6475454,106.2729046,88,Moderate,1,27.4,53,0.0,10.5,219,1004.9,4,35.3,37.0,287.0,12.8,35.0,2.8
2026-04-08 01:00:00,2026,4,8,1,Quảng Trị,Xã Phong Nha,17.6475454,106.2729046,89,Moderate,1,26.5,58,0.0,8.9,216,1004.2,73,32.7,34.2,258.0,11.8,35.0,2.1
2026-04-08 02:00:00,2026,4,8,2,Quảng Trị,Xã Phong Nha,17.6475454,106.2729046,90,Moderate,1,26.8,59,0.0,7.8,214,1004.0,80,30.4,31.7,238.0,10.4,34.0,1.6
2026-04-08 03:00:00,2026,4,8,3,Quảng Trị,Xã Phong Nha,17.6475454,106.2729046,91,Moderate,1,26.8,60,0.0,7.4,214,1003.5,93,28.0,29.0,227.0,8.6,34.0,1.3
2026-04-08 04:00:00,2026,4,8,4,Quảng Trị,Xã Phong Nha,17.6475454,106.2729046,91,Moderate,1,26.8,61,0.0,6.7,211,1003.8,73,25.7,26.4,230.0,7.1,36.0,1.1
2026-04-08 05:00:00,2026,4,8,5,Quảng Trị,Xã Phong Nha,17.6475454,106.2729046,91,Moderate,1,26.9,61,0.0,6.4,207,1004.4,50,23.7,24.2,263.0,6.0,39.0,1.0
2026-04-08 06:00:00,2026,4,8,6,Quảng Trị,Xã Phong Nha,17.6475454,106.2729046,91,Moderate,1,27.2,61,0.0,5.1,207,1004.9,40,22.2,22.6,310.0,5.1,44.0,1.1
2026-04-08 07:00:00,2026,4,8,7,Quảng Trị,Xã Phong Nha,17.6475454,106.2729046,91,Moderate,1,29.3,60,0.0,5.6,211,1006.0,0,30.6,31.5,334.0,4.1,59.0,1.4
2026-04-08 08:00:00,2026,4,8,8,Quảng Trị,Xã Phong Nha,17.6475454,106.2729046,91,Moderate,1,31.9,60,0.0,7.8,206,1006.7,0,29.8,30.6,311.0,3.5,77.0,1.6
2026-04-08 09:00:00,2026,4,8,9,Quảng Trị,Xã Phong Nha,17.6475454,106.2729046,91,Moderate,1,34.5,49,0.0,13.0,209,1007.0,0,27.4,28.3,264.0,2.6,103.0,1.8
2026-04-08 10:00:00,2026,4,8,10,Quảng Trị,Xã Phong Nha,17.6475454,106.2729046,90,Moderate,1,36.2,39,0.0,20.7,219,1006.9,0,26.5,27.5,230.0,1.9,123.0,2.0
2026-04-08 11:00:00,2026,4,8,11,Quảng Trị,Xã Phong Nha,17.6475454,106.2729046,90,Moderate,1,37.2,35,0.0,20.7,225,1006.6,9,25.5,26.8,224.0,1.6,132.0,2.0
2026-04-08 12:00:00,2026,4,8,12,Quảng Trị,Xã Phong Nha,17.6475454,106.2729046,89,Moderate,1,37.7,34,0.0,17.3,228,1005.8,9,25.8,27.5,229.0,1.6,137.0,2.0
2026-04-08 13:00:00,2026,4,8,13,Quảng Trị,Xã Phong Nha,17.6475454,106.2729046,89,Moderate,1,37.3,34,0.0,14.4,230,1004.8,23,27.5,29.7,235.0,1.6,143.0,2.0
2026-04-08 14:00:00,2026,4,8,14,Quảng Trị,Xã Phong Nha,17.6475454,106.2729046,89,Moderate,1,38.6,31,0.0,7.2,248,1003.7,27,30.5,33.9,224.0,1.7,155.0,2.0
2026-04-08 15:00:00,2026,4,8,15,Quảng Trị,Xã Phong Nha,17.6475454,106.2729046,89,Moderate,1,38.8,31,0.0,7.8,236,1002.8,33,33.1,36.8,213.0,1.8,169.0,2.0
2026-04-08 16:00:00,2026,4,8,16,Quảng Trị,Xã Phong Nha,17.6475454,106.2729046,89,Moderate,1,38.1,38,0.0,3.6,273,1002.6,30,34.1,38.1,242.0,2.2,177.0,2.0
2026-04-08 17:00:00,2026,4,8,17,Quảng Trị,Xã Phong Nha,17.6475454,106.2729046,109,Unhealthy for Sensitive Groups,2,34.3,60,0.0,4.6,39,1003.0,16,33.9,38.0,362.0,2.9,176.0,2.1
2026-04-08 18:00:00,2026,4,8,18,Quảng Trị,Xã Phong Nha,17.6475454,106.2729046,124,Unhealthy for Sensitive Groups,2,30.6,76,0.0,7.3,38,1003.7,32,33.3,37.3,522.0,3.9,170.0,2.2
2026-04-08 19:00:00,2026,4,8,19,Quảng Trị,Xã Phong Nha,17.6475454,106.2729046,134,Unhealthy for Sensitive Groups,2,30.2,78,0.0,1.3,45,1004.4,13,42.5,46.9,607.0,5.1,156.0,2.4
2026-04-08 20:00:00,2026,4,8,20,Quảng Trị,Xã Phong Nha,17.6475454,106.2729046,139,Unhealthy for Sensitive Groups,2,28.6,85,0.0,1.1,72,1005.0,13,41.7,45.6,544.0,5.4,146.0,2.6
2026-04-08 21:00:00,2026,4,8,21,Quảng Trị,Xã Phong Nha,17.6475454,106.2729046,141,Unhealthy for Sensitive Groups,2,27.4,89,0.0,0.7,194,1005.8,3,40.5,44.0,405.0,5.8,132.0,2.8
2026-04-08 22:00:00,2026,4,8,22,Quảng Trị,Xã Phong Nha,17.6475454,106.2729046,139,Unhealthy for Sensitive Groups,2,26.5,83,0.0,2.6,231,1006.1,0,39.8,42.7,292.0,6.0,118.0,2.9
2026-04-08 23:00:00,2026,4,8,23,Quảng Trị,Xã Phong Nha,17.6475454,106.2729046,131,Unhealthy for Sensitive Groups,2,26.2,76,0.0,2.6,236,1006.1,0,38.8,41.3,246.0,5.9,106.0,2.8
2026-04-09 00:00:00,2026,4,9,0,Quảng Trị,Xã Phong Nha,17.6475454,106.2729046,118,Unhealthy for Sensitive Groups,2,26.2,71,0.0,2.5,270,1005.6,0,37.1,39.3,225.0,5.6,95.0,2.6
2026-04-09 01:00:00,2026,4,9,1,Quảng Trị,Xã Phong Nha,17.6475454,106.2729046,100,Moderate,1,25.3,74,0.0,2.7,250,1005.0,0,35.4,37.3,215.0,5.4,85.0,2.4
2026-04-09 02:00:00,2026,4,9,2,Quảng Trị,Xã Phong Nha,17.6475454,106.2729046,92,Moderate,1,25.2,74,0.0,2.3,238,1004.8,0,33.6,35.3,208.0,5.4,76.0,2.2
2026-04-09 03:00:00,2026,4,9,3,Quảng Trị,Xã Phong Nha,17.6475454,106.2729046,92,Moderate,1,25.1,74,0.0,2.1,239,1004.5,0,32.0,33.4,211.0,5.6,67.0,1.9
2026-04-09 04:00:00,2026,4,9,4,Quảng Trị,Xã Phong Nha,17.6475454,106.2729046,93,Moderate,1,25.0,73,0.0,2.4,222,1004.6,0,30.5,31.7,224.0,5.6,61.0,1.7
2026-04-09 05:00:00,2026,4,9,5,Quảng Trị,Xã Phong Nha,17.6475454,106.2729046,93,Moderate,1,24.7,74,0.0,3.8,221,1005.2,0,29.6,30.4,259.0,5.6,55.0,1.5
2026-04-09 06:00:00,2026,4,9,6,Quảng Trị,Xã Phong Nha,17.6475454,106.2729046,94,Moderate,1,25.4,71,0.0,5.5,224,1005.8,0,28.4,28.9,304.0,5.4,52.0,1.4
2026-04-09 07:00:00,2026,4,9,7,Quảng Trị,Xã Phong Nha,17.6475454,106.2729046,94,Moderate,1,28.0,68,0.0,8.1,223,1006.7,0,47.5,48.4,331.0,6.2,60.0,1.6
2026-04-09 08:00:00,2026,4,9,8,Quảng Trị,Xã Phong Nha,17.6475454,106.2729046,96,Moderate,1,31.6,62,0.0,7.4,193,1007.4,0,46.8,47.6,322.0,5.0,82.0,1.8
2026-04-09 09:00:00,2026,4,9,9,Quảng Trị,Xã Phong Nha,17.6475454,106.2729046,97,Moderate,1,34.3,47,0.0,11.3,207,1007.7,0,46.9,48.1,295.0,3.4,113.0,2.1
2026-04-09 10:00:00,2026,4,9,10,Quảng Trị,Xã Phong Nha,17.6475454,106.2729046,99,Moderate,1,35.9,43,0.0,13.4,221,1007.3,0,43.9,45.1,270.0,2.2,137.0,2.4
2026-04-09 11:00:00,2026,4,9,11,Quảng Trị,Xã Phong Nha,17.6475454,106.2729046,101,Unhealthy for Sensitive Groups,2,37.6,36,0.0,15.2,235,1006.7,19,39.9,41.3,254.0,1.7,148.0,2.5
2026-04-09 12:00:00,2026,4,9,12,Quảng Trị,Xã Phong Nha,17.6475454,106.2729046,102,Unhealthy for Sensitive Groups,2,37.8,35,0.0,16.3,241,1005.9,18,36.8,38.1,240.0,1.6,153.0,2.6
2026-04-09 13:00:00,2026,4,9,13,Quảng Trị,Xã Phong Nha,17.6475454,106.2729046,103,Unhealthy for Sensitive Groups,2,38.3,32,0.0,14.4,247,1004.8,37,34.8,36.1,232.0,1.6,158.0,2.6
2026-04-09 14:00:00,2026,4,9,14,Quảng Trị,Xã Phong Nha,17.6475454,106.2729046,104,Unhealthy for Sensitive Groups,2,38.8,33,0.0,10.1,239,1004.1,56,34.3,35.9,228.0,1.6,166.0,2.6
2026-04-09 15:00:00,2026,4,9,15,Quảng Trị,Xã Phong Nha,17.6475454,106.2729046,104,Unhealthy for Sensitive Groups,2,38.1,35,0.0,7.3,245,1003.6,32,35.0,37.1,230.0,1.8,173.0,2.5
2026-04-09 16:00:00,2026,4,9,16,Quảng Trị,Xã Phong Nha,17.6475454,106.2729046,107,Unhealthy for Sensitive Groups,2,37.3,37,0.0,7.4,256,1003.3,12,36.7,39.9,251.0,2.2,174.0,2.4
2026-04-09 17:00:00,2026,4,9,17,Quảng Trị,Xã Phong Nha,17.6475454,106.2729046,126,Unhealthy for Sensitive Groups,2,35.3,46,0.0,6.3,265,1003.4,6,35.6,39.1,313.0,3.0,165.0,2.3
2026-04-09 18:00:00,2026,4,9,18,Quảng Trị,Xã Phong Nha,17.6475454,106.2729046,138,Unhealthy for Sensitive Groups,2,32.9,53,0.0,1.1,279,1003.8,5,34.1,37.6,394.0,4.0,149.0,2.2
2026-04-09 19:00:00,2026,4,9,19,Quảng Trị,Xã Phong Nha,17.6475454,106.2729046,140,Unhealthy for Sensitive Groups,2,31.0,56,0.0,1.1,180,1004.6,2,34.6,38.1,441.0,4.7,141.0,2.2
2026-04-09 20:00:00,2026,4,9,20,Quảng Trị,Xã Phong Nha,17.6475454,106.2729046,139,Unhealthy for Sensitive Groups,2,29.2,62,0.0,0.6,162,1005.4,1,34.1,37.1,426.0,4.9,131.0,2.4
2026-04-09 21:00:00,2026,4,9,21,Quảng Trị,Xã Phong Nha,17.6475454,106.2729046,134,Unhealthy for Sensitive Groups,2,27.8,68,0.0,0.8,135,1006.4,0,33.5,36.0,377.0,5.2,117.0,2.7
2026-04-09 22:00:00,2026,4,9,22,Quảng Trị,Xã Phong Nha,17.6475454,106.2729046,125,Unhealthy for Sensitive Groups,2,26.9,70,0.0,1.0,225,1006.8,1,32.9,34.9,330.0,5.5,103.0,2.8
2026-04-09 23:00:00,2026,4,9,23,Quảng Trị,Xã Phong Nha,17.6475454,106.2729046,112,Unhealthy for Sensitive Groups,2,26.1,70,0.0,2.5,274,1006.7,0,32.4,34.0,293.0,6.0,90.0,2.8
2026-04-10 00:00:00,2026,4,10,0,Quảng Trị,Xã Phong Nha,17.6475454,106.2729046,101,Unhealthy for Sensitive Groups,2,25.7,69,0.0,3.5,249,1006.2,0,31.9,33.1,258.0,6.5,77.0,2.6
2026-04-10 01:00:00,2026,4,10,1,Quảng Trị,Xã Phong Nha,17.6475454,106.2729046,101,Unhealthy for Sensitive Groups,2,25.0,72,0.0,5.4,228,1005.4,0,31.8,32.5,232.0,6.7,67.0,2.4
2026-04-10 02:00:00,2026,4,10,2,Quảng Trị,Xã Phong Nha,17.6475454,106.2729046,101,Unhealthy for Sensitive Groups,2,25.6,69,0.0,6.4,227,1004.6,0,31.0,31.4,216.0,6.4,61.0,2.1
2026-04-10 03:00:00,2026,4,10,3,Quảng Trị,Xã Phong Nha,17.6475454,106.2729046,100,Moderate,1,26.1,67,0.0,6.5,222,1004.3,0,29.2,29.6,210.0,5.9,58.0,1.6
2026-04-10 04:00:00,2026,4,10,4,Quảng Trị,Xã Phong Nha,17.6475454,106.2729046,100,Moderate,1,26.7,64,0.0,6.5,214,1004.5,0,26.8,27.2,217.0,5.3,58.0,1.4
2026-04-10 05:00:00,2026,4,10,5,Quảng Trị,Xã Phong Nha,17.6475454,106.2729046,100,Moderate,1,26.9,64,0.0,4.8,207,1004.9,0,24.4,24.9,250.0,4.7,61.0,1.4
2026-04-10 06:00:00,2026,4,10,6,Quảng Trị,Xã Phong Nha,17.6475454,106.2729046,99,Moderate,1,27.2,65,0.0,5.0,206,1006.0,0,22.7,23.1,298.0,3.9,66.0,1.6
2026-04-10 07:00:00,2026,4,10,7,Quảng Trị,Xã Phong Nha,17.6475454,106.2729046,99,Moderate,1,29.7,67,0.0,6.8,202,1006.4,0,41.7,42.7,329.0,3.0,83.0,1.9
2026-04-10 08:00:00,2026,4,10,8,Quảng Trị,Xã Phong Nha,17.6475454,106.2729046,98,Moderate,1,32.0,60,0.0,3.0,142,1006.8,0,42.1,43.3,327.0,2.6,95.0,2.2
2026-04-10 09:00:00,2026,4,10,9,Quảng Trị,Xã Phong Nha,17.6475454,106.2729046,98,Moderate,1,33.9,52,0.0,11.3,213,1007.0,0,42.4,43.4,308.0,2.1,113.0,2.6
2026-04-10 10:00:00,2026,4,10,10,Quảng Trị,Xã Phong Nha,17.6475454,106.2729046,97,Moderate,1,35.8,45,0.0,13.8,227,1006.9,0,41.1,42.0,291.0,1.7,130.0,2.9
2026-04-10 11:00:00,2026,4,10,11,Quảng Trị,Xã Phong Nha,17.6475454,106.2729046,97,Moderate,1,37.2,39,0.0,16.2,239,1006.5,0,39.8,40.7,282.0,1.5,145.0,3.1
2026-04-10 12:00:00,2026,4,10,12,Quảng Trị,Xã Phong Nha,17.6475454,106.2729046,97,Moderate,1,38.1,36,0.0,16.4,244,1005.9,0,38.1,39.1,275.0,1.5,159.0,3.1
2026-04-10 13:00:00,2026,4,10,13,Quảng Trị,Xã Phong Nha,17.6475454,106.2729046,97,Moderate,1,38.2,34,0.0,16.5,246,1004.6,0,36.9,38.1,273.0,1.6,169.0,3.2
2026-04-10 14:00:00,2026,4,10,14,Quảng Trị,Xã Phong Nha,17.6475454,106.2729046,97,Moderate,1,38.8,32,0.0,15.0,243,1003.5,4,36.4,37.7,268.0,1.7,176.0,3.3
2026-04-10 15:00:00,2026,4,10,15,Quảng Trị,Xã Phong Nha,17.6475454,106.2729046,98,Moderate,1,38.6,33,0.0,12.7,241,1002.8,17,36.4,37.7,267.0,1.9,178.0,3.4
2026-04-10 16:00:00,2026,4,10,16,Quảng Trị,Xã Phong Nha,17.6475454,106.2729046,114,Unhealthy for Sensitive Groups,2,37.7,36,0.0,9.9,254,1002.5,6,36.7,37.8,294.0,2.3,175.0,3.4
2026-04-10 17:00:00,2026,4,10,17,Quảng Trị,Xã Phong Nha,17.6475454,106.2729046,131,Unhealthy for Sensitive Groups,2,35.4,45,0.0,7.2,267,1002.4,2,37.0,38.3,385.0,3.2,162.0,3.4
2026-04-10 18:00:00,2026,4,10,18,Quảng Trị,Xã Phong Nha,17.6475454,106.2729046,142,Unhealthy for Sensitive Groups,2,32.1,51,0.0,6.7,267,1003.0,0,37.0,38.5,504.0,4.4,143.0,3.4
2026-04-10 19:00:00,2026,4,10,19,Quảng Trị,Xã Phong Nha,17.6475454,106.2729046,145,Unhealthy for Sensitive Groups,2,30.1,56,0.0,8.5,232,1003.5,2,36.3,38.9,567.0,4.8,141.0,2.6
2026-04-10 20:00:00,2026,4,10,20,Quảng Trị,Xã Phong Nha,17.6475454,106.2729046,144,Unhealthy for Sensitive Groups,2,28.2,63,0.0,8.9,212,1004.2,1,34.8,36.9,522.0,5.1,130.0,2.8
2026-04-10 21:00:00,2026,4,10,21,Quảng Trị,Xã Phong Nha,17.6475454,106.2729046,138,Unhealthy for Sensitive Groups,2,27.9,62,0.0,10.0,221,1004.7,0,33.6,35.4,421.0,5.6,114.0,3.0
2026-04-10 22:00:00,2026,4,10,22,Quảng Trị,Xã Phong Nha,17.6475454,106.2729046,126,Unhealthy for Sensitive Groups,2,27.7,60,0.0,9.6,221,1005.2,0,32.8,34.2,337.0,6.1,98.0,3.1
2026-04-10 23:00:00,2026,4,10,23,Quảng Trị,Xã Phong Nha,17.6475454,106.2729046,109,Unhealthy for Sensitive Groups,2,27.5,59,0.0,7.9,223,1005.0,0,31.5,32.2,295.0,6.6,82.0,2.9
2026-04-11 00:00:00,2026,4,11,0,Quảng Trị,Xã Phong Nha,17.6475454,106.2729046,98,Moderate,1,26.7,61,0.0,6.1,227,1004.5,0,29.7,30.0,270.0,7.1,67.0,2.6
2026-04-11 01:00:00,2026,4,11,1,Quảng Trị,Xã Phong Nha,17.6475454,106.2729046,98,Moderate,1,25.7,67,0.0,6.6,225,1004.0,0,27.5,27.8,253.0,7.3,55.0,2.3
2026-04-11 02:00:00,2026,4,11,2,Quảng Trị,Xã Phong Nha,17.6475454,106.2729046,98,Moderate,1,26.1,63,0.0,7.7,221,1003.4,0,25.2,25.4,242.0,7.1,50.0,1.9
2026-04-11 03:00:00,2026,4,11,3,Quảng Trị,Xã Phong Nha,17.6475454,106.2729046,97,Moderate,1,26.7,59,0.0,8.0,224,1003.0,0,23.2,23.4,240.0,6.5,48.0,1.5
2026-04-11 04:00:00,2026,4,11,4,Quảng Trị,Xã Phong Nha,17.6475454,106.2729046,97,Moderate,1,26.7,59,0.0,7.4,227,1003.3,0,21.7,21.9,251.0,5.9,50.0,1.3
2026-04-11 05:00:00,2026,4,11,5,Quảng Trị,Xã Phong Nha,17.6475454,106.2729046,96,Moderate,1,26.4,61,0.0,6.1,223,1003.9,0,20.5,20.8,289.0,5.2,53.0,1.3
2026-04-11 06:00:00,2026,4,11,6,Quảng Trị,Xã Phong Nha,17.6475454,106.2729046,96,Moderate,1,26.3,65,0.0,5.1,216,1004.7,0,19.8,20.1,340.0,4.4,60.0,1.4
2026-04-11 07:00:00,2026,4,11,7,Quảng Trị,Xã Phong Nha,17.6475454,106.2729046,96,Moderate,1,28.7,66,0.0,6.5,172,1005.6,1,30.3,31.0,368.0,3.5,79.0,1.6
2026-04-11 08:00:00,2026,4,11,8,Quảng Trị,Xã Phong Nha,17.6475454,106.2729046,95,Moderate,1,32.0,61,0.0,5.0,139,1006.3,1,31.1,31.9,352.0,3.0,92.0,1.8
2026-04-11 09:00:00,2026,4,11,9,Quảng Trị,Xã Phong Nha,17.6475454,106.2729046,94,Moderate,1,34.3,50,0.0,10.2,217,1006.4,1,33.1,34.2,313.0,2.3,109.0,2.2
2026-04-11 10:00:00,2026,4,11,10,Quảng Trị,Xã Phong Nha,17.6475454,106.2729046,93,Moderate,1,35.8,42,0.0,15.3,238,1006.2,0,35.9,37.0,281.0,1.8,126.0,2.5
2026-04-11 11:00:00,2026,4,11,11,Quảng Trị,Xã Phong Nha,17.6475454,106.2729046,92,Moderate,1,36.9,38,0.0,16.3,241,1005.5,1,36.7,37.7,269.0,1.6,140.0,2.7
2026-04-11 12:00:00,2026,4,11,12,Quảng Trị,Xã Phong Nha,17.6475454,106.2729046,92,Moderate,1,37.7,36,0.0,15.9,244,1004.7,2,36.4,37.3,264.0,1.5,153.0,2.9
2026-04-11 13:00:00,2026,4,11,13,Quảng Trị,Xã Phong Nha,17.6475454,106.2729046,92,Moderate,1,37.8,34,0.0,16.6,246,1003.4,2,36.2,37.0,262.0,1.5,163.0,3.0
2026-04-11 14:00:00,2026,4,11,14,Quảng Trị,Xã Phong Nha,17.6475454,106.2729046,92,Moderate,1,38.0,33,0.0,15.9,241,1002.2,5,36.4,37.1,255.0,1.6,169.0,3.0
2026-04-11 15:00:00,2026,4,11,15,Quảng Trị,Xã Phong Nha,17.6475454,106.2729046,92,Moderate,1,37.7,33,0.0,14.2,243,1001.4,2,36.9,37.6,252.0,1.8,171.0,2.9
2026-04-11 16:00:00,2026,4,11,16,Quảng Trị,Xã Phong Nha,17.6475454,106.2729046,105,Unhealthy for Sensitive Groups,2,36.8,38,0.0,10.0,252,1000.6,0,36.9,38.0,270.0,2.3,169.0,2.9
2026-04-11 17:00:00,2026,4,11,17,Quảng Trị,Xã Phong Nha,17.6475454,106.2729046,122,Unhealthy for Sensitive Groups,2,35.0,44,0.0,8.0,261,1000.5,0,38.3,40.5,334.0,3.2,160.0,2.9
2026-04-11 18:00:00,2026,4,11,18,Quảng Trị,Xã Phong Nha,17.6475454,106.2729046,133,Unhealthy for Sensitive Groups,2,31.6,51,0.0,6.2,262,1000.7,0,39.1,41.8,420.0,4.4,146.0,3.0
2026-04-11 19:00:00,2026,4,11,19,Quảng Trị,Xã Phong Nha,17.6475454,106.2729046,137,Unhealthy for Sensitive Groups,2,29.5,55,0.0,6.9,233,1001.7,0,41.3,43.7,473.0,5.4,126.0,2.8
2026-04-11 20:00:00,2026,4,11,20,Quảng Trị,Xã Phong Nha,17.6475454,106.2729046,134,Unhealthy for Sensitive Groups,2,27.4,62,0.0,9.8,227,1002.5,0,40.7,42.7,463.0,6.2,110.0,3.0
2026-04-11 21:00:00,2026,4,11,21,Quảng Trị,Xã Phong Nha,17.6475454,106.2729046,125,Unhealthy for Sensitive Groups,2,26.9,59,0.0,9.9,224,1003.3,0,38.8,40.3,420.0,7.4,89.0,3.2
2026-04-11 22:00:00,2026,4,11,22,Quảng Trị,Xã Phong Nha,17.6475454,106.2729046,109,Unhealthy for Sensitive Groups,2,27.0,56,0.0,9.2,219,1003.6,0,35.7,36.3,374.0,8.2,71.0,3.2
2026-04-11 23:00:00,2026,4,11,23,Quảng Trị,Xã Phong Nha,17.6475454,106.2729046,94,Moderate,1,27.2,54,0.0,9.4,215,1003.6,0,32.9,33.2,328.0,8.4,61.0,2.9
2026-04-12 00:00:00,2026,4,12,0,Quảng Trị,Xã Phong Nha,17.6475454,106.2729046,94,Moderate,1,27.1,54,0.0,8.2,213,1003.1,0,29.9,30.0,278.0,8.3,54.0,2.4
2026-04-12 01:00:00,2026,4,12,1,Quảng Trị,Xã Phong Nha,17.6475454,106.2729046,94,Moderate,1,26.0,61,0.0,6.0,217,1002.6,0,27.2,27.4,245.0,8.0,50.0,2.0
2026-04-12 02:00:00,2026,4,12,2,Quảng Trị,Xã Phong Nha,17.6475454,106.2729046,94,Moderate,1,25.7,61,0.0,5.6,220,1002.1,0,24.7,24.9,234.0,7.3,48.0,1.7
2026-04-12 03:00:00,2026,4,12,3,Quảng Trị,Xã Phong Nha,17.6475454,106.2729046,94,Moderate,1,25.1,63,0.0,5.0,224,1002.1,0,22.8,22.9,238.0,6.3,48.0,1.4
2026-04-12 04:00:00,2026,4,12,4,Quảng Trị,Xã Phong Nha,17.6475454,106.2729046,94,Moderate,1,24.5,65,0.0,4.2,216,1002.2,0,21.1,21.4,261.0,5.5,50.0,1.3
2026-04-12 05:00:00,2026,4,12,5,Quảng Trị,Xã Phong Nha,17.6475454,106.2729046,94,Moderate,1,24.3,66,0.0,5.2,207,1002.9,0,19.8,20.1,321.0,4.9,51.0,1.3
2026-04-12 06:00:00,2026,4,12,6,Quảng Trị,Xã Phong Nha,17.6475454,106.2729046,94,Moderate,1,24.2,69,0.0,4.3,222,1003.7,0,19.2,19.4,398.0,4.5,55.0,1.5
2026-04-12 07:00:00,2026,4,12,7,Quảng Trị,Xã Phong Nha,17.6475454,106.2729046,94,Moderate,1,26.9,68,0.0,5.7,208,1004.4,0,26.8,27.1,439.0,3.6,71.0,1.7
2026-04-12 08:00:00,2026,4,12,8,Quảng Trị,Xã Phong Nha,17.6475454,106.2729046,93,Moderate,1,30.9,61,0.0,2.9,137,1005.1,0,28.1,28.6,408.0,3.1,89.0,2.2
2026-04-12 09:00:00,2026,4,12,9,Quảng Trị,Xã Phong Nha,17.6475454,106.2729046,93,Moderate,1,33.8,47,0.0,4.7,187,1005.3,0,31.5,32.4,340.0,2.5,114.0,2.9
2026-04-12 10:00:00,2026,4,12,10,Quảng Trị,Xã Phong Nha,17.6475454,106.2729046,93,Moderate,1,36.0,39,0.0,9.2,228,1005.1,0,34.9,36.1,288.0,2.0,136.0,3.4
2026-04-12 11:00:00,2026,4,12,11,Quảng Trị,Xã Phong Nha,17.6475454,106.2729046,93,Moderate,1,37.5,32,0.0,13.7,243,1004.4,0,36.2,37.7,273.0,1.8,151.0,3.5
2026-04-12 12:00:00,2026,4,12,12,Quảng Trị,Xã Phong Nha,17.6475454,106.2729046,93,Moderate,1,38.2,31,0.0,15.9,243,1003.5,0,36.3,38.0,272.0,1.7,163.0,3.3
2026-04-12 13:00:00,2026,4,12,13,Quảng Trị,Xã Phong Nha,17.6475454,106.2729046,93,Moderate,1,38.6,31,0.0,15.1,239,1002.1,0,36.3,38.2,276.0,1.7,172.0,3.1
2026-04-12 14:00:00,2026,4,12,14,Quảng Trị,Xã Phong Nha,17.6475454,106.2729046,93,Moderate,1,39.3,30,0.0,11.9,248,1000.9,18,38.0,41.2,269.0,1.7,180.0,2.8
2026-04-12 15:00:00,2026,4,12,15,Quảng Trị,Xã Phong Nha,17.6475454,106.2729046,95,Moderate,1,39.0,31,0.0,8.3,276,1000.4,11,37.8,41.1,265.0,1.8,185.0,2.5
2026-04-12 16:00:00,2026,4,12,16,Quảng Trị,Xã Phong Nha,17.6475454,106.2729046,120,Unhealthy for Sensitive Groups,2,38.0,36,0.0,5.2,314,1000.2,2,37.4,40.9,296.0,2.1,185.0,2.3
2026-04-12 17:00:00,2026,4,12,17,Quảng Trị,Xã Phong Nha,17.6475454,106.2729046,140,Unhealthy for Sensitive Groups,2,34.7,50,0.0,5.4,2,1000.5,3,37.1,40.7,406.0,2.9,179.0,2.3
2026-04-12 18:00:00,2026,4,12,18,Quảng Trị,Xã Phong Nha,17.6475454,106.2729046,153,Unhealthy,3,31.0,70,0.0,5.1,39,1001.3,1,36.9,40.3,551.0,3.9,169.0,2.4
2026-04-12 19:00:00,2026,4,12,19,Quảng Trị,Xã Phong Nha,17.6475454,106.2729046,158,Unhealthy,3,29.5,81,0.0,1.9,343,1002.2,0,42.4,45.5,623.0,5.0,164.0,2.8
2026-04-12 20:00:00,2026,4,12,20,Quảng Trị,Xã Phong Nha,17.6475454,106.2729046,160,Unhealthy,3,28.2,79,0.0,2.9,263,1003.1,0,41.8,44.5,552.0,5.3,150.0,2.9
2026-04-12 21:00:00,2026,4,12,21,Quảng Trị,Xã Phong Nha,17.6475454,106.2729046,158,Unhealthy,3,27.0,74,0.0,3.2,251,1003.9,0,40.5,42.7,409.0,5.8,131.0,3.1
2026-04-12 22:00:00,2026,4,12,22,Quảng Trị,Xã Phong Nha,17.6475454,106.2729046,152,Unhealthy,3,26.4,66,0.0,5.0,224,1004.4,0,39.5,41.2,296.0,6.2,112.0,3.2
2026-04-12 23:00:00,2026,4,12,23,Quảng Trị,Xã Phong Nha,17.6475454,106.2729046,138,Unhealthy for Sensitive Groups,2,26.1,61,0.0,5.1,228,1004.2,0,38.2,39.7,256.0,6.5,96.0,3.1
2026-04-13 00:00:00,2026,4,13,0,Quảng Trị,Xã Phong Nha,17.6475454,106.2729046,119,Unhealthy for Sensitive Groups,2,26.0,61,0.0,5.4,236,1003.5,0,36.3,37.6,247.0,6.8,82.0,2.9
2026-04-13 01:00:00,2026,4,13,1,Quảng Trị,Xã Phong Nha,17.6475454,106.2729046,97,Moderate,1,25.4,66,0.0,5.5,221,1003.0,0,34.1,34.9,242.0,7.0,69.0,2.6
2026-04-13 02:00:00,2026,4,13,2,Quảng Trị,Xã Phong Nha,17.6475454,106.2729046,95,Moderate,1,25.0,68,0.0,4.9,216,1002.6,0,32.2,32.7,228.0,7.2,58.0,2.2
2026-04-13 03:00:00,2026,4,13,3,Quảng Trị,Xã Phong Nha,17.6475454,106.2729046,96,Moderate,1,24.5,70,0.0,4.3,213,1002.4,0,30.0,30.5,218.0,7.3,50.0,1.8
2026-04-13 04:00:00,2026,4,13,4,Quảng Trị,Xã Phong Nha,17.6475454,106.2729046,96,Moderate,1,24.1,71,0.0,4.2,211,1002.7,0,27.8,28.1,225.0,7.1,46.0,1.5
2026-04-13 05:00:00,2026,4,13,5,Quảng Trị,Xã Phong Nha,17.6475454,106.2729046,97,Moderate,1,24.0,72,0.0,4.6,198,1003.6,0,25.6,25.8,267.0,6.4,46.0,1.3
2026-04-13 06:00:00,2026,4,13,6,Quảng Trị,Xã Phong Nha,17.6475454,106.2729046,98,Moderate,1,24.5,73,0.0,3.8,185,1004.5,0,23.6,23.9,325.0,5.4,51.0,1.3
2026-04-13 07:00:00,2026,4,13,7,Quảng Trị,Xã Phong Nha,17.6475454,106.2729046,98,Moderate,1,27.3,67,0.0,5.2,119,1005.5,0,27.3,27.5,358.0,4.8,61.0,1.4
2026-04-13 08:00:00,2026,4,13,8,Quảng Trị,Xã Phong Nha,17.6475454,106.2729046,98,Moderate,1,30.7,65,0.0,5.2,46,1006.3,0,25.8,26.0,339.0,4.0,82.0,1.9
2026-04-13 09:00:00,2026,4,13,9,Quảng Trị,Xã Phong Nha,17.6475454,106.2729046,98,Moderate,1,33.6,53,0.0,4.2,36,1006.8,0,27.4,27.8,294.0,3.0,112.0,2.6
2026-04-13 10:00:00,2026,4,13,10,Quảng Trị,Xã Phong Nha,17.6475454,106.2729046,97,Moderate,1,36.2,43,0.0,4.9,274,1006.8,0,29.8,30.5,258.0,2.2,139.0,3.0
2026-04-13 11:00:00,2026,4,13,11,Quảng Trị,Xã Phong Nha,17.6475454,106.2729046,97,Moderate,1,38.0,34,0.0,11.9,260,1006.2,0,30.6,31.4,244.0,2.0,159.0,3.0
2026-04-13 12:00:00,2026,4,13,12,Quảng Trị,Xã Phong Nha,17.6475454,106.2729046,97,Moderate,1,38.8,32,0.0,14.4,261,1005.3,9,31.8,33.5,240.0,2.1,175.0,2.8
2026-04-13 13:00:00,2026,4,13,13,Quảng Trị,Xã Phong Nha,17.6475454,106.2729046,96,Moderate,1,38.9,30,0.0,13.0,266,1004.4,13,35.0,38.4,242.0,2.2,187.0,2.6
2026-04-13 14:00:00,2026,4,13,14,Quảng Trị,Xã Phong Nha,17.6475454,106.2729046,96,Moderate,1,39.4,29,0.0,5.2,286,1003.4,22,36.3,40.5,237.0,2.1,195.0,2.4
2026-04-13 15:00:00,2026,4,13,15,Quảng Trị,Xã Phong Nha,17.6475454,106.2729046,103,Unhealthy for Sensitive Groups,2,38.5,32,0.0,4.0,90,1002.9,35,35.6,40.0,238.0,2.0,200.0,2.2
2026-04-13 16:00:00,2026,4,13,16,Quảng Trị,Xã Phong Nha,17.6475454,106.2729046,132,Unhealthy for Sensitive Groups,2,35.8,51,0.0,6.7,74,1002.7,34,33.6,38.4,280.0,2.3,197.0,2.1
2026-04-13 17:00:00,2026,4,13,17,Quảng Trị,Xã Phong Nha,17.6475454,106.2729046,155,Unhealthy,3,33.0,68,0.0,9.0,57,1003.2,45,31.8,36.4,414.0,3.1,184.0,2.1
2026-04-13 18:00:00,2026,4,13,18,Quảng Trị,Xã Phong Nha,17.6475454,106.2729046,166,Unhealthy,3,30.7,74,0.0,6.8,68,1003.8,25,30.9,35.2,589.0,4.3,164.0,2.2
2026-04-13 19:00:00,2026,4,13,19,Quảng Trị,Xã Phong Nha,17.6475454,106.2729046,170,Unhealthy,3,30.4,77,0.0,2.4,99,1004.8,6,40.9,46.6,685.0,5.9,142.0,2.7
2026-04-13 20:00:00,2026,4,13,20,Quảng Trị,Xã Phong Nha,17.6475454,106.2729046,168,Unhealthy,3,29.2,81,0.0,2.7,127,1005.5,4,41.2,46.4,628.0,6.2,133.0,3.0
2026-04-13 21:00:00,2026,4,13,21,Quảng Trị,Xã Phong Nha,17.6475454,106.2729046,161,Unhealthy,3,28.3,81,0.0,2.9,173,1006.1,0,41.9,46.4,491.0,6.6,120.0,3.3
2026-04-13 22:00:00,2026,4,13,22,Quảng Trị,Xã Phong Nha,17.6475454,106.2729046,150,Unhealthy for Sensitive Groups,2,27.6,80,0.0,3.0,205,1006.7,0,43.1,47.4,378.0,6.8,108.0,3.5
2026-04-13 23:00:00,2026,4,13,23,Quảng Trị,Xã Phong Nha,17.6475454,106.2729046,132,Unhealthy for Sensitive Groups,2,26.9,77,0.0,3.3,248,1006.3,0,44.0,48.0,327.0,6.7,99.0,3.4
2026-04-14 00:00:00,2026,4,14,0,Quảng Trị,Xã Phong Nha,17.6475454,106.2729046,111,Unhealthy for Sensitive Groups,2,26.3,74,0.0,3.4,252,1005.6,0,43.7,46.9,300.0,6.5,91.0,3.2
2026-04-14 01:00:00,2026,4,14,1,Quảng Trị,Xã Phong Nha,17.6475454,106.2729046,96,Moderate,1,25.6,73,0.0,4.3,246,1005.0,0,42.4,44.8,281.0,6.4,82.0,3.0
2026-04-14 02:00:00,2026,4,14,2,Quảng Trị,Xã Phong Nha,17.6475454,106.2729046,96,Moderate,1,25.4,70,0.0,5.2,229,1004.7,0,41.4,43.5,264.0,6.6,69.0,2.7
2026-04-14 03:00:00,2026,4,14,3,Quảng Trị,Xã Phong Nha,17.6475454,106.2729046,97,Moderate,1,25.5,68,0.0,7.4,227,1004.4,0,41.0,42.8,255.0,6.8,56.0,2.4
2026-04-14 04:00:00,2026,4,14,4,Quảng Trị,Xã Phong Nha,17.6475454,106.2729046,98,Moderate,1,25.5,67,0.0,7.1,223,1004.5,0,40.0,41.7,257.0,6.9,47.0,2.1
2026-04-14 05:00:00,2026,4,14,5,Quảng Trị,Xã Phong Nha,17.6475454,106.2729046,99,Moderate,1,25.5,68,0.0,5.9,223,1005.2,0,38.9,40.5,278.0,6.8,44.0,1.9
2026-04-14 06:00:00,2026,4,14,6,Quảng Trị,Xã Phong Nha,17.6475454,106.2729046,101,Unhealthy for Sensitive Groups,2,25.7,71,0.0,4.9,216,1005.7,0,38.0,39.3,310.0,6.5,46.0,1.7
2026-04-14 07:00:00,2026,4,14,7,Quảng Trị,Xã Phong Nha,17.6475454,106.2729046,102,Unhealthy for Sensitive Groups,2,29.2,63,0.0,5.2,192,1006.0,0,73.3,76.6,327.0,7.1,56.0,2.0
2026-04-14 08:00:00,2026,4,14,8,Quảng Trị,Xã Phong Nha,17.6475454,106.2729046,107,Unhealthy for Sensitive Groups,2,31.8,64,0.0,2.5,94,1006.9,0,68.9,72.2,312.0,5.8,84.0,2.3
2026-04-14 09:00:00,2026,4,14,9,Quảng Trị,Xã Phong Nha,17.6475454,106.2729046,111,Unhealthy for Sensitive Groups,2,34.3,57,0.0,4.9,186,1007.1,0,64.3,68.0,281.0,4.1,124.0,2.7
2026-04-14 10:00:00,2026,4,14,10,Quảng Trị,Xã Phong Nha,17.6475454,106.2729046,115,Unhealthy for Sensitive Groups,2,36.9,42,0.0,8.3,219,1007.0,0,61.0,65.0,260.0,2.8,158.0,3.0
2026-04-14 11:00:00,2026,4,14,11,Quảng Trị,Xã Phong Nha,17.6475454,106.2729046,119,Unhealthy for Sensitive Groups,2,38.2,35,0.0,6.1,225,1006.4,16,57.2,61.7,256.0,2.3,180.0,3.0
2026-04-14 12:00:00,2026,4,14,12,Quảng Trị,Xã Phong Nha,17.6475454,106.2729046,121,Unhealthy for Sensitive Groups,2,39.1,28,0.0,2.2,138,1005.7,9,56.2,62.4,262.0,2.3,196.0,2.8
2026-04-14 13:00:00,2026,4,14,13,Quảng Trị,Xã Phong Nha,17.6475454,106.2729046,124,Unhealthy for Sensitive Groups,2,38.3,35,0.0,6.3,93,1004.4,28,54.6,61.5,276.0,2.3,207.0,2.7
2026-04-14 14:00:00,2026,4,14,14,Quảng Trị,Xã Phong Nha,17.6475454,106.2729046,126,Unhealthy for Sensitive Groups,2,35.8,60,0.0,11.8,78,1003.4,16,52.9,60.3,299.0,2.2,215.0,2.6
2026-04-14 15:00:00,2026,4,14,15,Quảng Trị,Xã Phong Nha,17.6475454,106.2729046,128,Unhealthy for Sensitive Groups,2,33.6,67,0.0,14.7,64,1003.0,9,50.8,58.2,330.0,2.1,218.0,2.5
2026-04-14 16:00:00,2026,4,14,16,Quảng Trị,Xã Phong Nha,17.6475454,106.2729046,158,Unhealthy,3,31.9,70,0.0,12.2,65,1002.9,39,48.7,55.8,374.0,2.5,214.0,2.5
2026-04-14 17:00:00,2026,4,14,17,Quảng Trị,Xã Phong Nha,17.6475454,106.2729046,179,Unhealthy,3,30.4,75,0.0,7.5,69,1002.9,4,46.8,53.3,445.0,3.7,198.0,2.7
2026-04-14 18:00:00,2026,4,14,18,Quảng Trị,Xã Phong Nha,17.6475454,106.2729046,190,Unhealthy,3,29.0,86,0.0,2.5,98,1003.6,16,46.7,52.6,527.0,5.3,174.0,3.0
2026-04-14 19:00:00,2026,4,14,19,Quảng Trị,Xã Phong Nha,17.6475454,106.2729046,193,Unhealthy,3,28.3,87,0.0,0.7,14,1004.2,5,47.6,53.1,579.0,6.6,152.0,3.3
2026-04-14 20:00:00,2026,4,14,20,Quảng Trị,Xã Phong Nha,17.6475454,106.2729046,188,Unhealthy,3,27.8,88,0.0,0.5,225,1004.9,2,48.8,53.9,574.0,7.2,136.0,3.7
2026-04-14 21:00:00,2026,4,14,21,Quảng Trị,Xã Phong Nha,17.6475454,106.2729046,179,Unhealthy,3,27.2,91,0.0,0.8,225,1005.0,1,50.3,55.2,539.0,7.6,123.0,4.1
2026-04-14 22:00:00,2026,4,14,22,Quảng Trị,Xã Phong Nha,17.6475454,106.2729046,165,Unhealthy,3,26.6,92,0.0,0.6,236,1005.4,0,51.9,56.8,508.0,7.8,110.0,4.3
